il;ilce;hayvan;buyukbas_kucukbas_kanatli_diger;hayvan_sayisi_adet;atik_miktari_ton;enerji_esdegeri_tep_yil
Adana;Aladað;AT;Büyükbaþ Hayvan;60;328,5;46235
Adana;Ceyhan;AT;Büyükbaþ Hayvan;87;476,3;46175
Adana;Çukurova;AT;Büyükbaþ Hayvan;15;82,1;0,4
Adana;Feke;AT;Büyükbaþ Hayvan;95;520,1;46236
Adana;Ýmamoðlu;AT;Büyükbaþ Hayvan;34;186,2;1
Adana;Karaisalý;AT;Büyükbaþ Hayvan;160;876;46207
Adana;Karataþ;AT;Büyükbaþ Hayvan;5;46139;0,1
Adana;Kozan;AT;Büyükbaþ Hayvan;115;629,6;46115
Adana;Pozantý;AT;Büyükbaþ Hayvan;38;208,1;46023
Adana;Saimbeyli;AT;Büyükbaþ Hayvan;480;2628;46036
Adana;Sarýçam;AT;Büyükbaþ Hayvan;43;235,4;46082
Adana;Seyhan;AT;Büyükbaþ Hayvan;15;82,1;0,4
Adana;Tufanbeyli;AT;Büyükbaþ Hayvan;21;115;0,6
Adana;Yüreðir;AT;Büyükbaþ Hayvan;15;82,1;0,4
Adana;Aladað;EÞEK;Büyükbaþ Hayvan;45;123,2;0,4
Adana;Ceyhan;EÞEK;Büyükbaþ Hayvan;21;57,5;0,2
Adana;Çukurova;EÞEK;Büyükbaþ Hayvan;11;46052;0,1
Adana;Feke;EÞEK;Büyükbaþ Hayvan;153;418,8;46082
Adana;Ýmamoðlu;EÞEK;Büyükbaþ Hayvan;35;95,8;0,3
Adana;Karaisalý;EÞEK;Büyükbaþ Hayvan;65;177,9;0,6
Adana;Karataþ;EÞEK;Büyükbaþ Hayvan;2;46147;0
Adana;Kozan;EÞEK;Büyükbaþ Hayvan;200;547,5;46235
Adana;Pozantý;EÞEK;Büyükbaþ Hayvan;32;87,6;0,3
Adana;Saimbeyli;EÞEK;Büyükbaþ Hayvan;182;498,2;46174
Adana;Sarýçam;EÞEK;Büyükbaþ Hayvan;131;358,6;46054
Adana;Seyhan;EÞEK;Büyükbaþ Hayvan;57;156;0,5
Adana;Tufanbeyli;EÞEK;Büyükbaþ Hayvan;190;520,1;46204
Adana;Yüreðir;EÞEK;Büyükbaþ Hayvan;3;46061;0
Adana;Aladað;KATIR;Büyükbaþ Hayvan;9;39,4;0,2
Adana;Feke;KATIR;Büyükbaþ Hayvan;108;473;2
Adana;Ýmamoðlu;KATIR;Büyükbaþ Hayvan;2;46242;0
Adana;Karaisalý;KATIR;Büyükbaþ Hayvan;30;131,4;0,6
Adana;Kozan;KATIR;Büyükbaþ Hayvan;85;372,3;46174
Adana;Pozantý;KATIR;Büyükbaþ Hayvan;11;48,2;0,2
Adana;Saimbeyli;KATIR;Büyükbaþ Hayvan;87;381,1;46174
Adana;Yüreðir;KATIR;Büyükbaþ Hayvan;1;46116;0
Adana;Ceyhan;MANDA;Büyükbaþ Hayvan;160;1168;46242
Adana;Feke;MANDA;Büyükbaþ Hayvan;6;43,8;0,3
Adana;Karaisalý;MANDA;Büyükbaþ Hayvan;2;46187;0,1
Adana;Karataþ;MANDA;Büyükbaþ Hayvan;41;299,3;46055
Adana;Kozan;MANDA;Büyükbaþ Hayvan;46;335,8;46144
Adana;Sarýçam;MANDA;Büyükbaþ Hayvan;3;46286;0,2
Adana;Seyhan;MANDA;Büyükbaþ Hayvan;102;744,6;46178
Adana;Tufanbeyli;MANDA;Büyükbaþ Hayvan;5;36,5;0,3
Adana;Yüreðir;MANDA;Büyükbaþ Hayvan;25;182,5;46113
Adana;Aladað;SIÐIR (KÜLTÜR);Büyükbaþ Hayvan;1513;13806,1;110,9
Adana;Ceyhan;SIÐIR (KÜLTÜR);Büyükbaþ Hayvan;17770;162151,3;1302,1
Adana;Çukurova;SIÐIR (KÜLTÜR);Büyükbaþ Hayvan;3450;31481,3;252,8
Adana;Feke;SIÐIR (KÜLTÜR);Büyükbaþ Hayvan;2026;18487,3;148,5
Adana;Ýmamoðlu;SIÐIR (KÜLTÜR);Büyükbaþ Hayvan;3190;29108,8;233,8
Adana;Karaisalý;SIÐIR (KÜLTÜR);Büyükbaþ Hayvan;5160;47085;378,1
Adana;Karataþ;SIÐIR (KÜLTÜR);Büyükbaþ Hayvan;11170;101926,3;818,5
Adana;Kozan;SIÐIR (KÜLTÜR);Büyükbaþ Hayvan;10000;91250;732,8
Adana;Pozantý;SIÐIR (KÜLTÜR);Büyükbaþ Hayvan;608;5548;44,6
Adana;Saimbeyli;SIÐIR (KÜLTÜR);Büyükbaþ Hayvan;1176;10731;86,2
Adana;Sarýçam;SIÐIR (KÜLTÜR);Büyükbaþ Hayvan;36170;330051,3;2650,4
Adana;Seyhan;SIÐIR (KÜLTÜR);Büyükbaþ Hayvan;21630;197373,8;1585
Adana;Tufanbeyli;SIÐIR (KÜLTÜR);Büyükbaþ Hayvan;2981;27201,6;218,4
Adana;Yumurtalýk;SIÐIR (KÜLTÜR);Büyükbaþ Hayvan;3495;31891,9;256,1
Adana;Yüreðir;SIÐIR (KÜLTÜR);Büyükbaþ Hayvan;12305;112283,1;901,7
Adana;Aladað;SIÐIR (MELEZ);Büyükbaþ Hayvan;2567;16865,2;108,3
Adana;Ceyhan;SIÐIR (MELEZ);Büyükbaþ Hayvan;8170;53676,9;344,8
Adana;Çukurova;SIÐIR (MELEZ);Büyükbaþ Hayvan;817;5367,7;34,5
Adana;Feke;SIÐIR (MELEZ);Büyükbaþ Hayvan;3306;21720,4;139,5
Adana;Ýmamoðlu;SIÐIR (MELEZ);Büyükbaþ Hayvan;4352;28592,6;183,7
Adana;Karaisalý;SIÐIR (MELEZ);Büyükbaþ Hayvan;10320;67802,4;435,6
Adana;Karataþ;SIÐIR (MELEZ);Büyükbaþ Hayvan;3851;25301,1;162,5
Adana;Kozan;SIÐIR (MELEZ);Büyükbaþ Hayvan;15500;101835;654,2
Adana;Pozantý;SIÐIR (MELEZ);Büyükbaþ Hayvan;629;4132,5;46168
Adana;Saimbeyli;SIÐIR (MELEZ);Büyükbaþ Hayvan;4301;28257,6;181,5
Adana;Sarýçam;SIÐIR (MELEZ);Büyükbaþ Hayvan;11952;78524,6;504,5
Adana;Seyhan;SIÐIR (MELEZ);Büyükbaþ Hayvan;11482;75436,7;484,6
Adana;Tufanbeyli;SIÐIR (MELEZ);Büyükbaþ Hayvan;11090;72861,3;468,1
Adana;Yumurtalýk;SIÐIR (MELEZ);Büyükbaþ Hayvan;4710;30944,7;198,8
Adana;Yüreðir;SIÐIR (MELEZ);Büyükbaþ Hayvan;18790;123450,3;793,1
Adana;Aladað;SIÐIR (YERLÝ);Büyükbaþ Hayvan;1084;5934,9;46265
Adana;Ceyhan;SIÐIR (YERLÝ);Büyükbaþ Hayvan;360;1971;46183
Adana;Feke;SIÐIR (YERLÝ);Büyükbaþ Hayvan;13745;75253,9;402,9
Adana;Karaisalý;SIÐIR (YERLÝ);Büyükbaþ Hayvan;1720;9417;50,4
Adana;Karataþ;SIÐIR (YERLÝ);Büyükbaþ Hayvan;78;427,1;46083
Adana;Kozan;SIÐIR (YERLÝ);Büyükbaþ Hayvan;1900;10402,5;55,7
Adana;Pozantý;SIÐIR (YERLÝ);Büyükbaþ Hayvan;272;1489,2;8
Adana;Saimbeyli;SIÐIR (YERLÝ);Büyükbaþ Hayvan;1042;5705;46172
Adana;Sarýçam;SIÐIR (YERLÝ);Büyükbaþ Hayvan;106;580,4;46025
Adana;Seyhan;SIÐIR (YERLÝ);Büyükbaþ Hayvan;87;476,3;46175
Adana;Tufanbeyli;SIÐIR (YERLÝ);Büyükbaþ Hayvan;35;191,6;1
Adana;Yumurtalýk;SIÐIR (YERLÝ);Büyükbaþ Hayvan;110;602,3;46056
Adana;Yüreðir;SIÐIR (YERLÝ);Büyükbaþ Hayvan;20;109,5;0,6
Adana;Aladað;KEÇÝ (KIL);Küçükbaþ Hayvan;66784;48752,3;78,3
Adana;Ceyhan;KEÇÝ (KIL);Küçükbaþ Hayvan;17960;13110,8;46043
Adana;Çukurova;KEÇÝ (KIL);Küçükbaþ Hayvan;9311;6797;46275
Adana;Feke;KEÇÝ (KIL);Küçükbaþ Hayvan;45622;33304,1;53,5
Adana;Ýmamoðlu;KEÇÝ (KIL);Küçükbaþ Hayvan;8100;5913;46151
Adana;Karaisalý;KEÇÝ (KIL);Küçükbaþ Hayvan;77858;56836,3;91,3
Adana;Karataþ;KEÇÝ (KIL);Küçükbaþ Hayvan;2859;2087,1;46115
Adana;Kozan;KEÇÝ (KIL);Küçükbaþ Hayvan;90000;65700;105,5
Adana;Pozantý;KEÇÝ (KIL);Küçükbaþ Hayvan;16080;11738,4;46283
Adana;Saimbeyli;KEÇÝ (KIL);Küçükbaþ Hayvan;46950;34273,5;55
Adana;Sarýçam;KEÇÝ (KIL);Küçükbaþ Hayvan;25648;18723;46052
Adana;Seyhan;KEÇÝ (KIL);Küçükbaþ Hayvan;1362;994,3;46174
Adana;Tufanbeyli;KEÇÝ (KIL);Küçükbaþ Hayvan;6085;4442,1;46029
Adana;Yumurtalýk;KEÇÝ (KIL);Küçükbaþ Hayvan;3000;2190;46145
Adana;Yüreðir;KEÇÝ (KIL);Küçükbaþ Hayvan;9850;7190,5;46153
Adana;Aladað;KEÇÝ (TÝFTÝK);Küçükbaþ Hayvan;8;46239;0
Adana;Ceyhan;KEÇÝ (TÝFTÝK);Küçükbaþ Hayvan;30;46286;0
Adana;Sarýçam;KEÇÝ (TÝFTÝK);Küçükbaþ Hayvan;35;46198;0
Adana;Tufanbeyli;KEÇÝ (TÝFTÝK);Küçükbaþ Hayvan;149;108,8;0,2
Adana;Aladað;KOYUN (MERÝNOS);Küçükbaþ Hayvan;363;397,5;1
Adana;Ceyhan;KOYUN (MERÝNOS);Küçükbaþ Hayvan;786;860,7;46024
Adana;Feke;KOYUN (MERÝNOS);Küçükbaþ Hayvan;209;228,9;0,6
Adana;Ýmamoðlu;KOYUN (MERÝNOS);Küçükbaþ Hayvan;630;689,9;46204
Adana;Karaisalý;KOYUN (MERÝNOS);Küçükbaþ Hayvan;450;492,8;46054
Adana;Karataþ;KOYUN (MERÝNOS);Küçükbaþ Hayvan;443;485,1;46054
Adana;Kozan;KOYUN (MERÝNOS);Küçükbaþ Hayvan;720;788,4;46266
Adana;Pozantý;KOYUN (MERÝNOS);Küçükbaþ Hayvan;1120;1226,4;3
Adana;Saimbeyli;KOYUN (MERÝNOS);Küçükbaþ Hayvan;1000;1095;46175
Adana;Sarýçam;KOYUN (MERÝNOS);Küçükbaþ Hayvan;1344;1471,7;46145
Adana;Tufanbeyli;KOYUN (MERÝNOS);Küçükbaþ Hayvan;248;271,6;0,7
Adana;Yumurtalýk;KOYUN (MERÝNOS);Küçükbaþ Hayvan;150;164,3;0,4
Adana;Yüreðir;KOYUN (MERÝNOS);Küçükbaþ Hayvan;230;251,9;0,6
Adana;Aladað;KOYUN (YERLÝ);Küçükbaþ Hayvan;37106;40631,1;97,9
Adana;Ceyhan;KOYUN (YERLÝ);Küçükbaþ Hayvan;43000;47085;113,4
Adana;Çukurova;KOYUN (YERLÝ);Küçükbaþ Hayvan;15492;16963,7;40,9
Adana;Feke;KOYUN (YERLÝ);Küçükbaþ Hayvan;13325;14590,9;35,2
Adana;Ýmamoðlu;KOYUN (YERLÝ);Küçükbaþ Hayvan;16230;17771,9;42,8
Adana;Karaisalý;KOYUN (YERLÝ);Küçükbaþ Hayvan;44342;48554,5;117
Adana;Karataþ;KOYUN (YERLÝ);Küçükbaþ Hayvan;27697;30328,2;73,1
Adana;Kozan;KOYUN (YERLÝ);Küçükbaþ Hayvan;45000;49275;118,7
Adana;Pozantý;KOYUN (YERLÝ);Küçükbaþ Hayvan;7900;8650,5;46254
Adana;Saimbeyli;KOYUN (YERLÝ);Küçükbaþ Hayvan;19400;21243;51,2
Adana;Sarýçam;KOYUN (YERLÝ);Küçükbaþ Hayvan;45797;50147,7;120,8
Adana;Seyhan;KOYUN (YERLÝ);Küçükbaþ Hayvan;3373;3693,4;46273
Adana;Tufanbeyli;KOYUN (YERLÝ);Küçükbaþ Hayvan;12448;13630,6;32,8
Adana;Yumurtalýk;KOYUN (YERLÝ);Küçükbaþ Hayvan;26850;29400,8;70,8
Adana;Yüreðir;KOYUN (YERLÝ);Küçükbaþ Hayvan;14556;15938,8;38,4
Adana;Aladað;ET TAVUÐU;Kanatlý Hayvan;295000;7965;1991,6
Adana;Ceyhan;ET TAVUÐU;Kanatlý Hayvan;1250000;33750;8439
Adana;Çukurova;ET TAVUÐU;Kanatlý Hayvan;320000;8640;2160,4
Adana;Feke;ET TAVUÐU;Kanatlý Hayvan;0;0;0
Adana;Ýmamoðlu;ET TAVUÐU;Kanatlý Hayvan;141214;3812,8;953,4
Adana;Karaisalý;ET TAVUÐU;Kanatlý Hayvan;498650;13463,6;3366,5
Adana;Karataþ;ET TAVUÐU;Kanatlý Hayvan;0;0;0
Adana;Kozan;ET TAVUÐU;Kanatlý Hayvan;45000;1215;303,8
Adana;Pozantý;ET TAVUÐU;Kanatlý Hayvan;65000;1755;438,8
Adana;Saimbeyli;ET TAVUÐU;Kanatlý Hayvan;0;0;0
Adana;Sarýçam;ET TAVUÐU;Kanatlý Hayvan;761000;20547;5137,7
Adana;Seyhan;ET TAVUÐU;Kanatlý Hayvan;1564690;42246,6;10563,6
Adana;Tufanbeyli;ET TAVUÐU;Kanatlý Hayvan;0;0;0
Adana;Yumurtalýk;ET TAVUÐU;Kanatlý Hayvan;0;0;0
Adana;Yüreðir;ET TAVUÐU;Kanatlý Hayvan;1375000;37125;9282,9
Adana;Aladað;HÝNDÝ;Kanatlý Hayvan;40;46143;0,4
Adana;Ceyhan;HÝNDÝ;Kanatlý Hayvan;452;17;46057
Adana;Çukurova;HÝNDÝ;Kanatlý Hayvan;30;46023;0,3
Adana;Feke;HÝNDÝ;Kanatlý Hayvan;30;46023;0,3
Adana;Ýmamoðlu;HÝNDÝ;Kanatlý Hayvan;99;46206;0,9
Adana;Karaisalý;HÝNDÝ;Kanatlý Hayvan;225;46120;46024
Adana;Karataþ;HÝNDÝ;Kanatlý Hayvan;539;46073;46027
Adana;Kozan;HÝNDÝ;Kanatlý Hayvan;75;46236;0,7
Adana;Pozantý;HÝNDÝ;Kanatlý Hayvan;0;0;0
Adana;Saimbeyli;HÝNDÝ;Kanatlý Hayvan;65;46114;0,6
Adana;Sarýçam;HÝNDÝ;Kanatlý Hayvan;793;46232;46119
Adana;Seyhan;HÝNDÝ;Kanatlý Hayvan;81;3;0,8
Adana;Tufanbeyli;HÝNDÝ;Kanatlý Hayvan;70;46175;0,7
Adana;Yumurtalýk;HÝNDÝ;Kanatlý Hayvan;0;0;0
Adana;Yüreðir;HÝNDÝ;Kanatlý Hayvan;93;46145;0,9
Adana;Aladað;KAZ;Kanatlý Hayvan;15;0,7;0,2
Adana;Ceyhan;KAZ;Kanatlý Hayvan;460;46163;46117
Adana;Çukurova;KAZ;Kanatlý Hayvan;136;46118;46174
Adana;Feke;KAZ;Kanatlý Hayvan;35;46174;0,4
Adana;Ýmamoðlu;KAZ;Kanatlý Hayvan;4000;187,2;46,8
Adana;Karaisalý;KAZ;Kanatlý Hayvan;2500;117;46110
Adana;Karataþ;KAZ;Kanatlý Hayvan;268;46154;46025
Adana;Kozan;KAZ;Kanatlý Hayvan;240;46064;46236
Adana;Pozantý;KAZ;Kanatlý Hayvan;68;46056;0,8
Adana;Saimbeyli;KAZ;Kanatlý Hayvan;40;46266;0,5
Adana;Sarýçam;KAZ;Kanatlý Hayvan;820;38,4;46182
Adana;Seyhan;KAZ;Kanatlý Hayvan;110;46027;46082
Adana;Tufanbeyli;KAZ;Kanatlý Hayvan;65;3;0,8
Adana;Yumurtalýk;KAZ;Kanatlý Hayvan;100;46207;46054
Adana;Yüreðir;KAZ;Kanatlý Hayvan;64;3;0,7
Adana;Aladað;ÖRDEK;Kanatlý Hayvan;20;0,9;0,2
Adana;Ceyhan;ÖRDEK;Kanatlý Hayvan;350;46128;46026
Adana;Çukurova;ÖRDEK;Kanatlý Hayvan;65;3;0,8
Adana;Feke;ÖRDEK;Kanatlý Hayvan;50;46083;0,6
Adana;Ýmamoðlu;ÖRDEK;Kanatlý Hayvan;67;46025;0,8
Adana;Karaisalý;ÖRDEK;Kanatlý Hayvan;20;0,9;0,2
Adana;Karataþ;ÖRDEK;Kanatlý Hayvan;368;46070;46085
Adana;Kozan;ÖRDEK;Kanatlý Hayvan;175;46061;2
Adana;Saimbeyli;ÖRDEK;Kanatlý Hayvan;60;46236;0,7
Adana;Sarýçam;ÖRDEK;Kanatlý Hayvan;612;46201;46060
Adana;Seyhan;ÖRDEK;Kanatlý Hayvan;128;6;46143
Adana;Tufanbeyli;ÖRDEK;Kanatlý Hayvan;67;46025;0,8
Adana;Yumurtalýk;ÖRDEK;Kanatlý Hayvan;200;46121;46083
Adana;Yüreðir;ÖRDEK;Kanatlý Hayvan;38;46235;0,4
Adana;Aladað;YUMURTA TAVUÐU;Kanatlý Hayvan;3000;164,3;41,1
Adana;Ceyhan;YUMURTA TAVUÐU;Kanatlý Hayvan;312000;17082;4271,3
Adana;Çukurova;YUMURTA TAVUÐU;Kanatlý Hayvan;2500;136,9;34,2
Adana;Feke;YUMURTA TAVUÐU;Kanatlý Hayvan;17830;976,2;244,1
Adana;Ýmamoðlu;YUMURTA TAVUÐU;Kanatlý Hayvan;78632;4305,1;1076,5
Adana;Karaisalý;YUMURTA TAVUÐU;Kanatlý Hayvan;7227;395,7;98,9
Adana;Karataþ;YUMURTA TAVUÐU;Kanatlý Hayvan;5325;291,5;72,9
Adana;Kozan;YUMURTA TAVUÐU;Kanatlý Hayvan;40000;2190;547,6
Adana;Pozantý;YUMURTA TAVUÐU;Kanatlý Hayvan;1690;92,5;46045
Adana;Saimbeyli;YUMURTA TAVUÐU;Kanatlý Hayvan;17200;941,7;235,5
Adana;Sarýçam;YUMURTA TAVUÐU;Kanatlý Hayvan;230000;12592,5;3148,7
Adana;Seyhan;YUMURTA TAVUÐU;Kanatlý Hayvan;172140;9424,7;2356,6
Adana;Tufanbeyli;YUMURTA TAVUÐU;Kanatlý Hayvan;14500;793,9;198,5
Adana;Yumurtalýk;YUMURTA TAVUÐU;Kanatlý Hayvan;15000;821,3;205,3
Adana;Yüreðir;YUMURTA TAVUÐU;Kanatlý Hayvan;3650;199,8;50
Adýyaman;Besni;AT;Büyükbaþ Hayvan;316;1730,1;46090
Adýyaman;Çelikhan;AT;Büyükbaþ Hayvan;50;273,8;46143
Adýyaman;Gerger;AT;Büyükbaþ Hayvan;572;3131,7;46250
Adýyaman;Gölbaþý;AT;Büyükbaþ Hayvan;348;1905,3;46063
Adýyaman;Kahta;AT;Büyükbaþ Hayvan;187;1023,8;46147
Adýyaman;Merkez;AT;Büyükbaþ Hayvan;367;2009,3;46244
Adýyaman;Samsat;AT;Büyükbaþ Hayvan;3;46128;0,1
Adýyaman;Sincik;AT;Büyükbaþ Hayvan;220;1204,5;46118
Adýyaman;Tut;AT;Büyükbaþ Hayvan;350;1916,3;46091
Adýyaman;Besni;EÞEK;Büyükbaþ Hayvan;144;394,2;46082
Adýyaman;Çelikhan;EÞEK;Büyükbaþ Hayvan;46;125,9;0,4
Adýyaman;Gerger;EÞEK;Büyükbaþ Hayvan;430;1177,1;46237
Adýyaman;Gölbaþý;EÞEK;Büyükbaþ Hayvan;311;851,4;46205
Adýyaman;Kahta;EÞEK;Büyükbaþ Hayvan;375;1026,6;46084
Adýyaman;Merkez;EÞEK;Büyükbaþ Hayvan;147;402,4;46082
Adýyaman;Samsat;EÞEK;Büyükbaþ Hayvan;5;46216;0
Adýyaman;Sincik;EÞEK;Büyükbaþ Hayvan;120;328,5;46023
Adýyaman;Tut;EÞEK;Büyükbaþ Hayvan;110;301,1;1
Adýyaman;Besni;KATIR;Büyükbaþ Hayvan;37;162,1;0,7
Adýyaman;Çelikhan;KATIR;Büyükbaþ Hayvan;78;341,6;46143
Adýyaman;Gerger;KATIR;Büyükbaþ Hayvan;200;876;46237
Adýyaman;Gölbaþý;KATIR;Büyükbaþ Hayvan;39;170,8;0,7
Adýyaman;Kahta;KATIR;Büyükbaþ Hayvan;62;271,6;46054
Adýyaman;Merkez;KATIR;Büyükbaþ Hayvan;82;359,2;46143
Adýyaman;Sincik;KATIR;Büyükbaþ Hayvan;270;1182,6;46027
Adýyaman;Tut;KATIR;Büyükbaþ Hayvan;60;262,8;46023
Adýyaman;Besni;SIÐIR (KÜLTÜR);Büyükbaþ Hayvan;1486;13559,8;108,9
Adýyaman;Çelikhan;SIÐIR (KÜLTÜR);Büyükbaþ Hayvan;1775;16196,9;130,1
Adýyaman;Gerger;SIÐIR (KÜLTÜR);Büyükbaþ Hayvan;4438;40496,8;325,2
Adýyaman;Gölbaþý;SIÐIR (KÜLTÜR);Büyükbaþ Hayvan;8962;81778,3;656,7
Adýyaman;Kahta;SIÐIR (KÜLTÜR);Büyükbaþ Hayvan;12933;118013,6;947,7
Adýyaman;Merkez;SIÐIR (KÜLTÜR);Büyükbaþ Hayvan;24823;226509,9;1818,9
Adýyaman;Samsat;SIÐIR (KÜLTÜR);Büyükbaþ Hayvan;768;7008;56,3
Adýyaman;Sincik;SIÐIR (KÜLTÜR);Büyükbaþ Hayvan;2939;26818,4;215,4
Adýyaman;Tut;SIÐIR (KÜLTÜR);Büyükbaþ Hayvan;1420;12957,5;104,1
Adýyaman;Besni;SIÐIR (MELEZ);Büyükbaþ Hayvan;9177;60292,9;387,3
Adýyaman;Çelikhan;SIÐIR (MELEZ);Büyükbaþ Hayvan;2185;14355,5;92,2
Adýyaman;Gerger;SIÐIR (MELEZ);Büyükbaþ Hayvan;5670;37251,9;239,3
Adýyaman;Gölbaþý;SIÐIR (MELEZ);Büyükbaþ Hayvan;5569;36588,3;235,1
Adýyaman;Kahta;SIÐIR (MELEZ);Büyükbaþ Hayvan;11171;73393,5;471,5
Adýyaman;Merkez;SIÐIR (MELEZ);Büyükbaþ Hayvan;12798;84082,9;540,2
Adýyaman;Samsat;SIÐIR (MELEZ);Büyükbaþ Hayvan;567;3725,2;46288
Adýyaman;Sincik;SIÐIR (MELEZ);Büyükbaþ Hayvan;6336;41627,5;267,4
Adýyaman;Tut;SIÐIR (MELEZ);Büyükbaþ Hayvan;3318;21799,3;140
Adýyaman;Besni;SIÐIR (YERLÝ);Büyükbaþ Hayvan;525;2874,4;46127
Adýyaman;Çelikhan;SIÐIR (YERLÝ);Büyükbaþ Hayvan;646;3536,9;46283
Adýyaman;Gerger;SIÐIR (YERLÝ);Büyükbaþ Hayvan;2937;16080,1;86,1
Adýyaman;Gölbaþý;SIÐIR (YERLÝ);Büyükbaþ Hayvan;288;1576,8;46120
Adýyaman;Kahta;SIÐIR (YERLÝ);Büyükbaþ Hayvan;2747;15039,8;80,5
Adýyaman;Merkez;SIÐIR (YERLÝ);Büyükbaþ Hayvan;1785;9772,9;52,3
Adýyaman;Samsat;SIÐIR (YERLÝ);Büyükbaþ Hayvan;50;273,8;46143
Adýyaman;Sincik;SIÐIR (YERLÝ);Büyükbaþ Hayvan;3798;20794,1;111,3
Adýyaman;Tut;SIÐIR (YERLÝ);Büyükbaþ Hayvan;83;454,4;46114
Adýyaman;Besni;KEÇÝ (KIL);Küçükbaþ Hayvan;47973;35020,3;56,2
Adýyaman;Çelikhan;KEÇÝ (KIL);Küçükbaþ Hayvan;2300;1679;46205
Adýyaman;Gerger;KEÇÝ (KIL);Küçükbaþ Hayvan;21155;15443,2;46258
Adýyaman;Gölbaþý;KEÇÝ (KIL);Küçükbaþ Hayvan;41341;30178,9;48,5
Adýyaman;Kahta;KEÇÝ (KIL);Küçükbaþ Hayvan;19226;14035;46164
Adýyaman;Merkez;KEÇÝ (KIL);Küçükbaþ Hayvan;34208;24971,8;40,1
Adýyaman;Samsat;KEÇÝ (KIL);Küçükbaþ Hayvan;1245;908,9;46143
Adýyaman;Sincik;KEÇÝ (KIL);Küçükbaþ Hayvan;8171;5964,8;46182
Adýyaman;Tut;KEÇÝ (KIL);Küçükbaþ Hayvan;4338;3166,7;46027
Adýyaman;Gerger;KOYUN (MERÝNOS);Küçükbaþ Hayvan;370;405,2;1
Adýyaman;Gölbaþý;KOYUN (MERÝNOS);Küçükbaþ Hayvan;111;121,5;0,3
Adýyaman;Merkez;KOYUN (MERÝNOS);Küçükbaþ Hayvan;712;779,6;46266
Adýyaman;Samsat;KOYUN (MERÝNOS);Küçükbaþ Hayvan;570;624,2;46143
Adýyaman;Tut;KOYUN (MERÝNOS);Küçükbaþ Hayvan;83;90,9;0,2
Adýyaman;Besni;KOYUN (YERLÝ);Küçükbaþ Hayvan;44145;48338,8;116,5
Adýyaman;Çelikhan;KOYUN (YERLÝ);Küçükbaþ Hayvan;1645;1801,3;46085
Adýyaman;Gerger;KOYUN (YERLÝ);Küçükbaþ Hayvan;3057;3347,4;46030
Adýyaman;Gölbaþý;KOYUN (YERLÝ);Küçükbaþ Hayvan;18355;20098,7;48,4
Adýyaman;Kahta;KOYUN (YERLÝ);Küçükbaþ Hayvan;20486;22432,2;54
Adýyaman;Merkez;KOYUN (YERLÝ);Küçükbaþ Hayvan;62300;68218,5;164,3
Adýyaman;Samsat;KOYUN (YERLÝ);Küçükbaþ Hayvan;4100;4489,5;46244
Adýyaman;Sincik;KOYUN (YERLÝ);Küçükbaþ Hayvan;3590;3931,1;46151
Adýyaman;Tut;KOYUN (YERLÝ);Küçükbaþ Hayvan;4096;4485,1;46244
Adýyaman;Besni;ET TAVUÐU;Kanatlý Hayvan;0;0;0
Adýyaman;Çelikhan;ET TAVUÐU;Kanatlý Hayvan;0;0;0
Adýyaman;Gerger;ET TAVUÐU;Kanatlý Hayvan;0;0;0
Adýyaman;Gölbaþý;ET TAVUÐU;Kanatlý Hayvan;60000;1620;405,1
Adýyaman;Kahta;ET TAVUÐU;Kanatlý Hayvan;0;0;0
Adýyaman;Merkez;ET TAVUÐU;Kanatlý Hayvan;0;0;0
Adýyaman;Samsat;ET TAVUÐU;Kanatlý Hayvan;0;0;0
Adýyaman;Sincik;ET TAVUÐU;Kanatlý Hayvan;0;0;0
Adýyaman;Tut;ET TAVUÐU;Kanatlý Hayvan;0;0;0
Adýyaman;Besni;HÝNDÝ;Kanatlý Hayvan;140;46086;46082
Adýyaman;Çelikhan;HÝNDÝ;Kanatlý Hayvan;0;0;0
Adýyaman;Gerger;HÝNDÝ;Kanatlý Hayvan;300;46092;46236
Adýyaman;Gölbaþý;HÝNDÝ;Kanatlý Hayvan;235;46242;46055
Adýyaman;Kahta;HÝNDÝ;Kanatlý Hayvan;600;46164;46178
Adýyaman;Merkez;HÝNDÝ;Kanatlý Hayvan;1540;57,8;46126
Adýyaman;Samsat;HÝNDÝ;Kanatlý Hayvan;1200;45;46092
Adýyaman;Sincik;HÝNDÝ;Kanatlý Hayvan;65;46114;0,6
Adýyaman;Tut;HÝNDÝ;Kanatlý Hayvan;160;6;46143
Adýyaman;Besni;KAZ;Kanatlý Hayvan;50;46083;0,6
Adýyaman;Çelikhan;KAZ;Kanatlý Hayvan;0;0;0
Adýyaman;Gerger;KAZ;Kanatlý Hayvan;150;7;46235
Adýyaman;Gölbaþý;KAZ;Kanatlý Hayvan;77;46176;0,9
Adýyaman;Kahta;KAZ;Kanatlý Hayvan;260;46065;3
Adýyaman;Merkez;KAZ;Kanatlý Hayvan;360;46250;46057
Adýyaman;Samsat;KAZ;Kanatlý Hayvan;6000;280,8;70,2
Adýyaman;Sincik;KAZ;Kanatlý Hayvan;58;46205;0,7
Adýyaman;Tut;KAZ;Kanatlý Hayvan;40;46266;0,5
Adýyaman;Besni;ÖRDEK;Kanatlý Hayvan;52;46114;0,6
Adýyaman;Çelikhan;ÖRDEK;Kanatlý Hayvan;0;0;0
Adýyaman;Gerger;ÖRDEK;Kanatlý Hayvan;100;46207;46054
Adýyaman;Gölbaþý;ÖRDEK;Kanatlý Hayvan;130;46028;46143
Adýyaman;Kahta;ÖRDEK;Kanatlý Hayvan;300;14;46145
Adýyaman;Merkez;ÖRDEK;Kanatlý Hayvan;620;29;46088
Adýyaman;Samsat;ÖRDEK;Kanatlý Hayvan;600;46050;7
Adýyaman;Sincik;ÖRDEK;Kanatlý Hayvan;37;46204;0,4
Adýyaman;Tut;ÖRDEK;Kanatlý Hayvan;70;46084;0,8
Adýyaman;Besni;YUMURTA TAVUÐU;Kanatlý Hayvan;15310;838,2;209,6
Adýyaman;Çelikhan;YUMURTA TAVUÐU;Kanatlý Hayvan;850;46,5;46184
Adýyaman;Gerger;YUMURTA TAVUÐU;Kanatlý Hayvan;8100;443,5;110,9
Adýyaman;Gölbaþý;YUMURTA TAVUÐU;Kanatlý Hayvan;19200;1051,2;262,8
Adýyaman;Kahta;YUMURTA TAVUÐU;Kanatlý Hayvan;85000;4653,8;1163,6
Adýyaman;Merkez;YUMURTA TAVUÐU;Kanatlý Hayvan;45700;2502,1;625,6
Adýyaman;Samsat;YUMURTA TAVUÐU;Kanatlý Hayvan;11000;602,3;150,6
Adýyaman;Sincik;YUMURTA TAVUÐU;Kanatlý Hayvan;10000;547,5;136,9
Adýyaman;Tut;YUMURTA TAVUÐU;Kanatlý Hayvan;7500;410,6;102,7
Afyonkarahisar;Baþmakçý;AT;Büyükbaþ Hayvan;45;246,4;46082
Afyonkarahisar;Bayat;AT;Büyükbaþ Hayvan;12;65,7;0,4
Afyonkarahisar;Bolvadin;AT;Büyükbaþ Hayvan;113;618,7;46084
Afyonkarahisar;Çay;AT;Büyükbaþ Hayvan;73;399,7;46024
Afyonkarahisar;Çobanlar;AT;Büyükbaþ Hayvan;6;32,9;0,2
Afyonkarahisar;Dazkýrý;AT;Büyükbaþ Hayvan;36;197,1;46023
Afyonkarahisar;Dinar;AT;Büyükbaþ Hayvan;40;219;46054
Afyonkarahisar;Emirdað;AT;Büyükbaþ Hayvan;38;208,1;46023
Afyonkarahisar;Evciler;AT;Büyükbaþ Hayvan;7;38,3;0,2
Afyonkarahisar;Hocalar;AT;Büyükbaþ Hayvan;17;93,1;0,5
Afyonkarahisar;Ýhsaniye;AT;Büyükbaþ Hayvan;86;470,9;46144
Afyonkarahisar;Ýscehisar;AT;Büyükbaþ Hayvan;18;98,6;0,5
Afyonkarahisar;Kýzýlören;AT;Büyükbaþ Hayvan;30;164,3;0,9
Afyonkarahisar;Merkez;AT;Büyükbaþ Hayvan;132;722,7;46268
Afyonkarahisar;Sandýklý;AT;Büyükbaþ Hayvan;80;438;46083
Afyonkarahisar;Sinanpaþa;AT;Büyükbaþ Hayvan;235;1286,6;46271
Afyonkarahisar;Þuhut;AT;Büyükbaþ Hayvan;102;558,5;3
Afyonkarahisar;Sultandaðý;AT;Büyükbaþ Hayvan;71;388,7;46024
Afyonkarahisar;Baþmakçý;EÞEK;Büyükbaþ Hayvan;220;602,3;46266
Afyonkarahisar;Bayat;EÞEK;Büyükbaþ Hayvan;201;550,2;46235
Afyonkarahisar;Bolvadin;EÞEK;Büyükbaþ Hayvan;138;377,8;46054
Afyonkarahisar;Çay;EÞEK;Büyükbaþ Hayvan;134;366,8;46054
Afyonkarahisar;Çobanlar;EÞEK;Büyükbaþ Hayvan;32;87,6;0,3
Afyonkarahisar;Dazkýrý;EÞEK;Büyükbaþ Hayvan;43;117,7;0,4
Afyonkarahisar;Dinar;EÞEK;Büyükbaþ Hayvan;236;646,1;46024
Afyonkarahisar;Emirdað;EÞEK;Büyükbaþ Hayvan;380;1040,3;46084
Afyonkarahisar;Evciler;EÞEK;Büyükbaþ Hayvan;23;63;0,2
Afyonkarahisar;Hocalar;EÞEK;Büyükbaþ Hayvan;764;2091,5;46209
Afyonkarahisar;Ýhsaniye;EÞEK;Büyükbaþ Hayvan;170;465,4;46143
Afyonkarahisar;Ýscehisar;EÞEK;Büyükbaþ Hayvan;157;429,8;46113
Afyonkarahisar;Kýzýlören;EÞEK;Büyükbaþ Hayvan;90;246,4;0,8
Afyonkarahisar;Merkez;EÞEK;Büyükbaþ Hayvan;350;958,1;46025
Afyonkarahisar;Sandýklý;EÞEK;Büyükbaþ Hayvan;670;1834,1;46270
Afyonkarahisar;Sinanpaþa;EÞEK;Büyükbaþ Hayvan;350;958,1;46025
Afyonkarahisar;Þuhut;EÞEK;Büyükbaþ Hayvan;164;449;46113
Afyonkarahisar;Sultandaðý;EÞEK;Büyükbaþ Hayvan;77;210,8;0,7
Afyonkarahisar;Baþmakçý;KATIR;Büyükbaþ Hayvan;7;46233;0,1
Afyonkarahisar;Dazkýrý;KATIR;Büyükbaþ Hayvan;4;46159;0,1
Afyonkarahisar;Dinar;KATIR;Büyükbaþ Hayvan;3;46035;0,1
Afyonkarahisar;Hocalar;KATIR;Büyükbaþ Hayvan;17;74,5;0,3
Afyonkarahisar;Merkez;KATIR;Büyükbaþ Hayvan;4;46159;0,1
Afyonkarahisar;Sandýklý;KATIR;Büyükbaþ Hayvan;16;70,1;0,3
Afyonkarahisar;Bayat;MANDA;Büyükbaþ Hayvan;2;46187;0,1
Afyonkarahisar;Bolvadin;MANDA;Büyükbaþ Hayvan;278;2029,4;46068
Afyonkarahisar;Çay;MANDA;Büyükbaþ Hayvan;2034;14848,2;111,3
Afyonkarahisar;Emirdað;MANDA;Büyükbaþ Hayvan;2;46187;0,1
Afyonkarahisar;Ýhsaniye;MANDA;Büyükbaþ Hayvan;104;759,2;46208
Afyonkarahisar;Merkez;MANDA;Büyükbaþ Hayvan;3751;27382,3;205,2
Afyonkarahisar;Sinanpaþa;MANDA;Büyükbaþ Hayvan;600;4380;32,8
Afyonkarahisar;Þuhut;MANDA;Büyükbaþ Hayvan;29;211,7;46174
Afyonkarahisar;Sultandaðý;MANDA;Büyükbaþ Hayvan;40;292;46055
Afyonkarahisar;Baþmakçý;SIÐIR (KÜLTÜR);Büyükbaþ Hayvan;12508;114135,5;916,5
Afyonkarahisar;Bayat;SIÐIR (KÜLTÜR);Büyükbaþ Hayvan;2480;22630;181,7
Afyonkarahisar;Bolvadin;SIÐIR (KÜLTÜR);Büyükbaþ Hayvan;26709;243719,6;1957,1
Afyonkarahisar;Çay;SIÐIR (KÜLTÜR);Büyükbaþ Hayvan;23930;218361,3;1753,5
Afyonkarahisar;Çobanlar;SIÐIR (KÜLTÜR);Büyükbaþ Hayvan;1415;12911,9;103,7
Afyonkarahisar;Dazkýrý;SIÐIR (KÜLTÜR);Büyükbaþ Hayvan;7359;67150,9;539,2
Afyonkarahisar;Dinar;SIÐIR (KÜLTÜR);Büyükbaþ Hayvan;17756;162023,5;1301,1
Afyonkarahisar;Emirdað;SIÐIR (KÜLTÜR);Büyükbaþ Hayvan;11415;104161,9;836,4
Afyonkarahisar;Evciler;SIÐIR (KÜLTÜR);Büyükbaþ Hayvan;10807;98613,9;791,9
Afyonkarahisar;Hocalar;SIÐIR (KÜLTÜR);Büyükbaþ Hayvan;4733;43188,6;346,8
Afyonkarahisar;Ýhsaniye;SIÐIR (KÜLTÜR);Büyükbaþ Hayvan;23313;212731,1;1708,3
Afyonkarahisar;Ýscehisar;SIÐIR (KÜLTÜR);Büyükbaþ Hayvan;7970;72726,3;584
Afyonkarahisar;Kýzýlören;SIÐIR (KÜLTÜR);Büyükbaþ Hayvan;1270;11588,8;93,1
Afyonkarahisar;Merkez;SIÐIR (KÜLTÜR);Büyükbaþ Hayvan;47194;430645,3;3458,2
Afyonkarahisar;Sandýklý;SIÐIR (KÜLTÜR);Büyükbaþ Hayvan;24925;227440,6;1826,4
Afyonkarahisar;Sinanpaþa;SIÐIR (KÜLTÜR);Büyükbaþ Hayvan;27915;254724,4;2045,5
Afyonkarahisar;Þuhut;SIÐIR (KÜLTÜR);Büyükbaþ Hayvan;25314;230990,3;1854,9
Afyonkarahisar;Sultandaðý;SIÐIR (KÜLTÜR);Büyükbaþ Hayvan;6422;58600,8;470,6
Afyonkarahisar;Baþmakçý;SIÐIR (MELEZ);Büyükbaþ Hayvan;3068;20156,8;129,5
Afyonkarahisar;Bayat;SIÐIR (MELEZ);Büyükbaþ Hayvan;643;4224,5;46049
Afyonkarahisar;Bolvadin;SIÐIR (MELEZ);Büyükbaþ Hayvan;6455;42409,4;272,4
Afyonkarahisar;Çay;SIÐIR (MELEZ);Büyükbaþ Hayvan;5950;39091,5;251,1
Afyonkarahisar;Çobanlar;SIÐIR (MELEZ);Büyükbaþ Hayvan;9735;63959;410,9
Afyonkarahisar;Dazkýrý;SIÐIR (MELEZ);Büyükbaþ Hayvan;1944;12772,1;82,1
Afyonkarahisar;Dinar;SIÐIR (MELEZ);Büyükbaþ Hayvan;4220;27725,4;178,1
Afyonkarahisar;Emirdað;SIÐIR (MELEZ);Büyükbaþ Hayvan;2819;18520,8;119
Afyonkarahisar;Evciler;SIÐIR (MELEZ);Büyükbaþ Hayvan;1997;13120,3;84,3
Afyonkarahisar;Hocalar;SIÐIR (MELEZ);Büyükbaþ Hayvan;2546;16727,2;107,5
Afyonkarahisar;Ýhsaniye;SIÐIR (MELEZ);Büyükbaþ Hayvan;4130;27134,1;174,3
Afyonkarahisar;Ýscehisar;SIÐIR (MELEZ);Büyükbaþ Hayvan;2343;15393,5;98,9
Afyonkarahisar;Kýzýlören;SIÐIR (MELEZ);Büyükbaþ Hayvan;112;735,8;46207
Afyonkarahisar;Merkez;SIÐIR (MELEZ);Büyükbaþ Hayvan;12283;80699,3;518,4
Afyonkarahisar;Sandýklý;SIÐIR (MELEZ);Büyükbaþ Hayvan;5143;33789,5;217,1
Afyonkarahisar;Sinanpaþa;SIÐIR (MELEZ);Büyükbaþ Hayvan;10015;65798,6;422,7
Afyonkarahisar;Þuhut;SIÐIR (MELEZ);Büyükbaþ Hayvan;6403;42067,7;270,3
Afyonkarahisar;Sultandaðý;SIÐIR (MELEZ);Büyükbaþ Hayvan;1478;9710,5;62,4
Afyonkarahisar;Baþmakçý;SIÐIR (YERLÝ);Büyükbaþ Hayvan;9;49,3;0,3
Afyonkarahisar;Bayat;SIÐIR (YERLÝ);Büyükbaþ Hayvan;275;1505,6;46030
Afyonkarahisar;Bolvadin;SIÐIR (YERLÝ);Büyükbaþ Hayvan;568;3109,8;46189
Afyonkarahisar;Çay;SIÐIR (YERLÝ);Büyükbaþ Hayvan;2885;15795,4;84,6
Afyonkarahisar;Dazkýrý;SIÐIR (YERLÝ);Büyükbaþ Hayvan;615;3367,1;18
Afyonkarahisar;Dinar;SIÐIR (YERLÝ);Büyükbaþ Hayvan;1435;7856,6;42,1
Afyonkarahisar;Emirdað;SIÐIR (YERLÝ);Büyükbaþ Hayvan;838;4588,1;46197
Afyonkarahisar;Hocalar;SIÐIR (YERLÝ);Büyükbaþ Hayvan;509;2786,8;46279
Afyonkarahisar;Ýhsaniye;SIÐIR (YERLÝ);Büyükbaþ Hayvan;352;1927,2;46091
Afyonkarahisar;Ýscehisar;SIÐIR (YERLÝ);Büyükbaþ Hayvan;1091;5973,2;32
Afyonkarahisar;Kýzýlören;SIÐIR (YERLÝ);Büyükbaþ Hayvan;74;405,2;46055
Afyonkarahisar;Merkez;SIÐIR (YERLÝ);Büyükbaþ Hayvan;5172;28316,7;151,6
Afyonkarahisar;Sandýklý;SIÐIR (YERLÝ);Büyükbaþ Hayvan;1161;6356,5;34
Afyonkarahisar;Sinanpaþa;SIÐIR (YERLÝ);Büyükbaþ Hayvan;2270;12428,3;66,5
Afyonkarahisar;Þuhut;SIÐIR (YERLÝ);Büyükbaþ Hayvan;2658;14552,6;77,9
Afyonkarahisar;Sultandaðý;SIÐIR (YERLÝ);Büyükbaþ Hayvan;36;197,1;46023
Afyonkarahisar;Baþmakçý;KEÇÝ (KIL);Küçükbaþ Hayvan;10903;7959,2;46246
Afyonkarahisar;Bayat;KEÇÝ (KIL);Küçükbaþ Hayvan;5798;4232,5;46240
Afyonkarahisar;Bolvadin;KEÇÝ (KIL);Küçükbaþ Hayvan;4647;3392,3;46117
Afyonkarahisar;Çay;KEÇÝ (KIL);Küçükbaþ Hayvan;971;708,8;46023
Afyonkarahisar;Çobanlar;KEÇÝ (KIL);Küçükbaþ Hayvan;1450;1058,5;46204
Afyonkarahisar;Dazkýrý;KEÇÝ (KIL);Küçükbaþ Hayvan;2039;1488,5;46114
Afyonkarahisar;Dinar;KEÇÝ (KIL);Küçükbaþ Hayvan;15618;11401,1;46099
Afyonkarahisar;Emirdað;KEÇÝ (KIL);Küçükbaþ Hayvan;9145;6675,9;46213
Afyonkarahisar;Evciler;KEÇÝ (KIL);Küçükbaþ Hayvan;68;49,6;0,1
Afyonkarahisar;Hocalar;KEÇÝ (KIL);Küçükbaþ Hayvan;9585;6997,1;46064
Afyonkarahisar;Ýhsaniye;KEÇÝ (KIL);Küçükbaþ Hayvan;13568;9904,6;46280
Afyonkarahisar;Ýscehisar;KEÇÝ (KIL);Küçükbaþ Hayvan;10581;7724,1;46124
Afyonkarahisar;Kýzýlören;KEÇÝ (KIL);Küçükbaþ Hayvan;371;270,8;0,4
Afyonkarahisar;Merkez;KEÇÝ (KIL);Küçükbaþ Hayvan;3150;2299,5;46206
Afyonkarahisar;Sandýklý;KEÇÝ (KIL);Küçükbaþ Hayvan;2061;1504,5;46114
Afyonkarahisar;Sinanpaþa;KEÇÝ (KIL);Küçükbaþ Hayvan;800;584;0,9
Afyonkarahisar;Þuhut;KEÇÝ (KIL);Küçükbaþ Hayvan;831;606,6;1
Afyonkarahisar;Sultandaðý;KEÇÝ (KIL);Küçükbaþ Hayvan;4349;3174,8;46027
Afyonkarahisar;Merkez;KEÇÝ (TÝFTÝK);Küçükbaþ Hayvan;250;182,5;0,3
Afyonkarahisar;Sultandaðý;KEÇÝ (TÝFTÝK);Küçükbaþ Hayvan;19;46278;0
Afyonkarahisar;Baþmakçý;KOYUN (MERÝNOS);Küçükbaþ Hayvan;490;536,6;46082
Afyonkarahisar;Bayat;KOYUN (MERÝNOS);Küçükbaþ Hayvan;5160;5650,2;46186
Afyonkarahisar;Bolvadin;KOYUN (MERÝNOS);Küçükbaþ Hayvan;5259;5758,6;46278
Afyonkarahisar;Çay;KOYUN (MERÝNOS);Küçükbaþ Hayvan;6270;6865,7;46158
Afyonkarahisar;Çobanlar;KOYUN (MERÝNOS);Küçükbaþ Hayvan;425;465,4;46023
Afyonkarahisar;Dazkýrý;KOYUN (MERÝNOS);Küçükbaþ Hayvan;1189;1302;46025
Afyonkarahisar;Dinar;KOYUN (MERÝNOS);Küçükbaþ Hayvan;4390;4807,1;46184
Afyonkarahisar;Emirdað;KOYUN (MERÝNOS);Küçükbaþ Hayvan;31063;34014;81,9
Afyonkarahisar;Evciler;KOYUN (MERÝNOS);Küçükbaþ Hayvan;195;213,5;0,5
Afyonkarahisar;Hocalar;KOYUN (MERÝNOS);Küçükbaþ Hayvan;3047;3336,5;8
Afyonkarahisar;Ýhsaniye;KOYUN (MERÝNOS);Küçükbaþ Hayvan;1922;2104,6;46027
Afyonkarahisar;Ýscehisar;KOYUN (MERÝNOS);Küçükbaþ Hayvan;4661;5103,8;46093
Afyonkarahisar;Kýzýlören;KOYUN (MERÝNOS);Küçükbaþ Hayvan;348;381,1;0,9
Afyonkarahisar;Merkez;KOYUN (MERÝNOS);Küçükbaþ Hayvan;4600;5037;46034
Afyonkarahisar;Sandýklý;KOYUN (MERÝNOS);Küçükbaþ Hayvan;5964;6530,6;46218
Afyonkarahisar;Sinanpaþa;KOYUN (MERÝNOS);Küçükbaþ Hayvan;2350;2573,3;46059
Afyonkarahisar;Þuhut;KOYUN (MERÝNOS);Küçükbaþ Hayvan;7536;8251,9;46284
Afyonkarahisar;Sultandaðý;KOYUN (MERÝNOS);Küçükbaþ Hayvan;2607;2854,7;46271
Afyonkarahisar;Baþmakçý;KOYUN (YERLÝ);Küçükbaþ Hayvan;16897;18502,2;44,6
Afyonkarahisar;Bayat;KOYUN (YERLÝ);Küçükbaþ Hayvan;37540;41106,3;99
Afyonkarahisar;Bolvadin;KOYUN (YERLÝ);Küçükbaþ Hayvan;71587;78387,8;188,8
Afyonkarahisar;Çay;KOYUN (YERLÝ);Küçükbaþ Hayvan;34500;37777,5;91
Afyonkarahisar;Çobanlar;KOYUN (YERLÝ);Küçükbaþ Hayvan;34000;37230;89,7
Afyonkarahisar;Dazkýrý;KOYUN (YERLÝ);Küçükbaþ Hayvan;10751;11772,3;46140
Afyonkarahisar;Dinar;KOYUN (YERLÝ);Küçükbaþ Hayvan;67210;73595;177,3
Afyonkarahisar;Emirdað;KOYUN (YERLÝ);Küçükbaþ Hayvan;114150;124994,3;301,1
Afyonkarahisar;Evciler;KOYUN (YERLÝ);Küçükbaþ Hayvan;10407;11395,7;46169
Afyonkarahisar;Hocalar;KOYUN (YERLÝ);Küçükbaþ Hayvan;22485;24621,1;59,3
Afyonkarahisar;Ýhsaniye;KOYUN (YERLÝ);Küçükbaþ Hayvan;41735;45699,8;110,1
Afyonkarahisar;Ýscehisar;KOYUN (YERLÝ);Küçükbaþ Hayvan;27098;29672,3;71,5
Afyonkarahisar;Kýzýlören;KOYUN (YERLÝ);Küçükbaþ Hayvan;5320;5825,4;14
Afyonkarahisar;Merkez;KOYUN (YERLÝ);Küçükbaþ Hayvan;91500;100192,5;241,4
Afyonkarahisar;Sandýklý;KOYUN (YERLÝ);Küçükbaþ Hayvan;41467;45406,4;109,4
Afyonkarahisar;Sinanpaþa;KOYUN (YERLÝ);Küçükbaþ Hayvan;35150;38489,3;92,7
Afyonkarahisar;Þuhut;KOYUN (YERLÝ);Küçükbaþ Hayvan;59931;65624,4;158,1
Afyonkarahisar;Sultandaðý;KOYUN (YERLÝ);Küçükbaþ Hayvan;44565;48798,7;117,6
Afyonkarahisar;Baþmakçý;ET TAVUÐU;Kanatlý Hayvan;0;0;0
Afyonkarahisar;Bayat;ET TAVUÐU;Kanatlý Hayvan;0;0;0
Afyonkarahisar;Bolvadin;ET TAVUÐU;Kanatlý Hayvan;24000;648;162
Afyonkarahisar;Çay;ET TAVUÐU;Kanatlý Hayvan;0;0;0
Afyonkarahisar;Çobanlar;ET TAVUÐU;Kanatlý Hayvan;15000;405;101,3
Afyonkarahisar;Dinar;ET TAVUÐU;Kanatlý Hayvan;0;0;0
Afyonkarahisar;Evciler;ET TAVUÐU;Kanatlý Hayvan;0;0;0
Afyonkarahisar;Ýhsaniye;ET TAVUÐU;Kanatlý Hayvan;146000;3942;985,7
Afyonkarahisar;Ýscehisar;ET TAVUÐU;Kanatlý Hayvan;0;0;0
Afyonkarahisar;Kýzýlören;ET TAVUÐU;Kanatlý Hayvan;0;0;0
Afyonkarahisar;Merkez;ET TAVUÐU;Kanatlý Hayvan;46000;1242;310,6
Afyonkarahisar;Sandýklý;ET TAVUÐU;Kanatlý Hayvan;48500;1309,5;327,4
Afyonkarahisar;Sinanpaþa;ET TAVUÐU;Kanatlý Hayvan;122800;3315,6;829
Afyonkarahisar;Þuhut;ET TAVUÐU;Kanatlý Hayvan;0;0;0
Afyonkarahisar;Sultandaðý;ET TAVUÐU;Kanatlý Hayvan;95041;2566,1;641,6
Afyonkarahisar;Baþmakçý;HÝNDÝ;Kanatlý Hayvan;12400;465;116,3
Afyonkarahisar;Bayat;HÝNDÝ;Kanatlý Hayvan;290;46275;46205
Afyonkarahisar;Bolvadin;HÝNDÝ;Kanatlý Hayvan;1015;38,1;46151
Afyonkarahisar;Çay;HÝNDÝ;Kanatlý Hayvan;500;46252;46207
Afyonkarahisar;Çobanlar;HÝNDÝ;Kanatlý Hayvan;800;30;46149
Afyonkarahisar;Dazkýrý;HÝNDÝ;Kanatlý Hayvan;300;46092;46236
Afyonkarahisar;Dinar;HÝNDÝ;Kanatlý Hayvan;520;46161;46269
Afyonkarahisar;Emirdað;HÝNDÝ;Kanatlý Hayvan;899;33,7;46120
Afyonkarahisar;Evciler;HÝNDÝ;Kanatlý Hayvan;340;46246;46056
Afyonkarahisar;Hocalar;HÝNDÝ;Kanatlý Hayvan;300;46092;46236
Afyonkarahisar;Ýhsaniye;HÝNDÝ;Kanatlý Hayvan;800;30;46149
Afyonkarahisar;Ýscehisar;HÝNDÝ;Kanatlý Hayvan;1750;65,6;46128
Afyonkarahisar;Kýzýlören;HÝNDÝ;Kanatlý Hayvan;150;46178;46113
Afyonkarahisar;Merkez;HÝNDÝ;Kanatlý Hayvan;6400;240;60
Afyonkarahisar;Sandýklý;HÝNDÝ;Kanatlý Hayvan;1984;74,4;46191
Afyonkarahisar;Sinanpaþa;HÝNDÝ;Kanatlý Hayvan;4000;150;37,5
Afyonkarahisar;Þuhut;HÝNDÝ;Kanatlý Hayvan;510;46041;46238
Afyonkarahisar;Sultandaðý;HÝNDÝ;Kanatlý Hayvan;310;46184;46267
Afyonkarahisar;Baþmakçý;KAZ;Kanatlý Hayvan;756;35,4;46242
Afyonkarahisar;Bayat;KAZ;Kanatlý Hayvan;440;46193;46027
Afyonkarahisar;Bolvadin;KAZ;Kanatlý Hayvan;2445;114,4;46201
Afyonkarahisar;Çay;KAZ;Kanatlý Hayvan;700;32,8;46061
Afyonkarahisar;Çobanlar;KAZ;Kanatlý Hayvan;1200;56,2;14
Afyonkarahisar;Dazkýrý;KAZ;Kanatlý Hayvan;205;46182;46114
Afyonkarahisar;Dinar;KAZ;Kanatlý Hayvan;1410;66;46158
Afyonkarahisar;Emirdað;KAZ;Kanatlý Hayvan;361;46281;46057
Afyonkarahisar;Evciler;KAZ;Kanatlý Hayvan;365;46039;46085
Afyonkarahisar;Hocalar;KAZ;Kanatlý Hayvan;150;7;46235
Afyonkarahisar;Ýhsaniye;KAZ;Kanatlý Hayvan;6805;318,5;79,6
Afyonkarahisar;Ýscehisar;KAZ;Kanatlý Hayvan;2800;131;32,8
Afyonkarahisar;Kýzýlören;KAZ;Kanatlý Hayvan;220;46091;46175
Afyonkarahisar;Merkez;KAZ;Kanatlý Hayvan;8000;374,4;93,6
Afyonkarahisar;Sandýklý;KAZ;Kanatlý Hayvan;1850;86,6;46194
Afyonkarahisar;Sinanpaþa;KAZ;Kanatlý Hayvan;4000;187,2;46,8
Afyonkarahisar;Þuhut;KAZ;Kanatlý Hayvan;512;24;6
Afyonkarahisar;Sultandaðý;KAZ;Kanatlý Hayvan;315;46217;46206
Afyonkarahisar;Baþmakçý;ÖRDEK;Kanatlý Hayvan;85;4;1
Afyonkarahisar;Bayat;ÖRDEK;Kanatlý Hayvan;335;46218;46268
Afyonkarahisar;Bolvadin;ÖRDEK;Kanatlý Hayvan;980;45,9;46153
Afyonkarahisar;Çay;ÖRDEK;Kanatlý Hayvan;500;46135;46270
Afyonkarahisar;Çobanlar;ÖRDEK;Kanatlý Hayvan;400;46221;46207
Afyonkarahisar;Dazkýrý;ÖRDEK;Kanatlý Hayvan;160;46149;46266
Afyonkarahisar;Dinar;ÖRDEK;Kanatlý Hayvan;510;46288;6
Afyonkarahisar;Emirdað;ÖRDEK;Kanatlý Hayvan;245;46153;46267
Afyonkarahisar;Evciler;ÖRDEK;Kanatlý Hayvan;125;46270;46143
Afyonkarahisar;Hocalar;ÖRDEK;Kanatlý Hayvan;50;46083;0,6
Afyonkarahisar;Ýhsaniye;ÖRDEK;Kanatlý Hayvan;475;46075;46178
Afyonkarahisar;Ýscehisar;ÖRDEK;Kanatlý Hayvan;1120;52,4;46035
Afyonkarahisar;Kýzýlören;ÖRDEK;Kanatlý Hayvan;110;46027;46082
Afyonkarahisar;Merkez;ÖRDEK;Kanatlý Hayvan;2880;134,8;33,7
Afyonkarahisar;Sandýklý;ÖRDEK;Kanatlý Hayvan;590;46200;46271
Afyonkarahisar;Sinanpaþa;ÖRDEK;Kanatlý Hayvan;2100;98,3;46197
Afyonkarahisar;Þuhut;ÖRDEK;Kanatlý Hayvan;198;46090;46083
Afyonkarahisar;Sultandaðý;ÖRDEK;Kanatlý Hayvan;105;46269;46054
Afyonkarahisar;Baþmakçý;YUMURTA TAVUÐU;Kanatlý Hayvan;4210258;230511,6;57638,3
Afyonkarahisar;Bayat;YUMURTA TAVUÐU;Kanatlý Hayvan;3935;215,4;53,9
Afyonkarahisar;Bolvadin;YUMURTA TAVUÐU;Kanatlý Hayvan;2261256;123803,8;30956,5
Afyonkarahisar;Çay;YUMURTA TAVUÐU;Kanatlý Hayvan;4100;224,5;56,1
Afyonkarahisar;Çobanlar;YUMURTA TAVUÐU;Kanatlý Hayvan;2500;136,9;34,2
Afyonkarahisar;Dazkýrý;YUMURTA TAVUÐU;Kanatlý Hayvan;85830;4699,2;1175
Afyonkarahisar;Dinar;YUMURTA TAVUÐU;Kanatlý Hayvan;203650;11149,8;2788
Afyonkarahisar;Emirdað;YUMURTA TAVUÐU;Kanatlý Hayvan;3600;197,1;49,3
Afyonkarahisar;Evciler;YUMURTA TAVUÐU;Kanatlý Hayvan;2070;113,3;46109
Afyonkarahisar;Hocalar;YUMURTA TAVUÐU;Kanatlý Hayvan;7000;383,3;95,8
Afyonkarahisar;Ýhsaniye;YUMURTA TAVUÐU;Kanatlý Hayvan;763375;41794,8;10450,6
Afyonkarahisar;Ýscehisar;YUMURTA TAVUÐU;Kanatlý Hayvan;2100;115;46231
Afyonkarahisar;Kýzýlören;YUMURTA TAVUÐU;Kanatlý Hayvan;950;52;13
Afyonkarahisar;Merkez;YUMURTA TAVUÐU;Kanatlý Hayvan;10187720;557777,7;139469,5
Afyonkarahisar;Sandýklý;YUMURTA TAVUÐU;Kanatlý Hayvan;1034790;56654,8;14166,2
Afyonkarahisar;Sinanpaþa;YUMURTA TAVUÐU;Kanatlý Hayvan;335000;18341,3;4586,1
Afyonkarahisar;Þuhut;YUMURTA TAVUÐU;Kanatlý Hayvan;2765;151,4;37,9
Afyonkarahisar;Sultandaðý;YUMURTA TAVUÐU;Kanatlý Hayvan;2100;115;46231
Aðrý;Diyadin;AT;Büyükbaþ Hayvan;392;2146,2;46153
Aðrý;Doðubeyazýt;AT;Büyükbaþ Hayvan;598;3274,1;46159
Aðrý;Eleþkirt;AT;Büyükbaþ Hayvan;527;2885,3;46127
Aðrý;Hamur;AT;Büyükbaþ Hayvan;370;2025,8;46244
Aðrý;Merkez;AT;Büyükbaþ Hayvan;605;3312,4;46220
Aðrý;Patnos;AT;Büyükbaþ Hayvan;218;1193,6;46118
Aðrý;Taþlýçay;AT;Büyükbaþ Hayvan;285;1560,4;46120
Aðrý;Tutak;AT;Büyükbaþ Hayvan;235;1286,6;46271
Aðrý;Diyadin;EÞEK;Büyükbaþ Hayvan;645;1765,7;46208
Aðrý;Doðubeyazýt;EÞEK;Büyükbaþ Hayvan;1405;3846,2;46124
Aðrý;Eleþkirt;EÞEK;Büyükbaþ Hayvan;241;659,7;46024
Aðrý;Hamur;EÞEK;Büyükbaþ Hayvan;23;63;0,2
Aðrý;Merkez;EÞEK;Büyükbaþ Hayvan;312;854,1;46205
Aðrý;Patnos;EÞEK;Büyükbaþ Hayvan;345;944,4;3
Aðrý;Taþlýçay;EÞEK;Büyükbaþ Hayvan;204;558,5;46235
Aðrý;Tutak;EÞEK;Büyükbaþ Hayvan;65;177,9;0,6
Aðrý;Diyadin;KATIR;Büyükbaþ Hayvan;38;166,4;0,7
Aðrý;Merkez;KATIR;Büyükbaþ Hayvan;13;56,9;0,2
Aðrý;Taþlýçay;KATIR;Büyükbaþ Hayvan;15;65,7;0,3
Aðrý;Diyadin;MANDA;Büyükbaþ Hayvan;72;525,6;46268
Aðrý;Doðubeyazýt;MANDA;Büyükbaþ Hayvan;34;248,2;46266
Aðrý;Eleþkirt;MANDA;Büyükbaþ Hayvan;22;160,6;46054
Aðrý;Hamur;MANDA;Büyükbaþ Hayvan;89;649,7;46269
Aðrý;Merkez;MANDA;Büyükbaþ Hayvan;695;5073,5;38
Aðrý;Patnos;MANDA;Büyükbaþ Hayvan;110;803;6
Aðrý;Taþlýçay;MANDA;Büyükbaþ Hayvan;53;386,9;46267
Aðrý;Tutak;MANDA;Büyükbaþ Hayvan;49;357,7;46205
Aðrý;Diyadin;SIÐIR (KÜLTÜR);Büyükbaþ Hayvan;1105;10083,1;81
Aðrý;Doðubeyazýt;SIÐIR (KÜLTÜR);Büyükbaþ Hayvan;2321;21179,1;170,1
Aðrý;Eleþkirt;SIÐIR (KÜLTÜR);Büyükbaþ Hayvan;3896;35551;285,5
Aðrý;Hamur;SIÐIR (KÜLTÜR);Büyükbaþ Hayvan;975;8896,9;71,4
Aðrý;Merkez;SIÐIR (KÜLTÜR);Büyükbaþ Hayvan;9514;86815,3;697,1
Aðrý;Patnos;SIÐIR (KÜLTÜR);Büyükbaþ Hayvan;2475;22584,4;181,4
Aðrý;Taþlýçay;SIÐIR (KÜLTÜR);Büyükbaþ Hayvan;811;7400,4;59,4
Aðrý;Tutak;SIÐIR (KÜLTÜR);Büyükbaþ Hayvan;2122;19363,3;155,5
Aðrý;Diyadin;SIÐIR (MELEZ);Büyükbaþ Hayvan;6120;40208,4;258,3
Aðrý;Doðubeyazýt;SIÐIR (MELEZ);Büyükbaþ Hayvan;24564;161385,5;1036,8
Aðrý;Eleþkirt;SIÐIR (MELEZ);Büyükbaþ Hayvan;43687;287023,6;1843,9
Aðrý;Hamur;SIÐIR (MELEZ);Büyükbaþ Hayvan;21285;139842,5;898,4
Aðrý;Merkez;SIÐIR (MELEZ);Büyükbaþ Hayvan;46879;307995;1978,6
Aðrý;Patnos;SIÐIR (MELEZ);Büyükbaþ Hayvan;25695;168816,2;1084,5
Aðrý;Taþlýçay;SIÐIR (MELEZ);Büyükbaþ Hayvan;14256;93661,9;601,7
Aðrý;Tutak;SIÐIR (MELEZ);Büyükbaþ Hayvan;38758;254640,1;1635,9
Aðrý;Diyadin;SIÐIR (YERLÝ);Büyükbaþ Hayvan;7689;42097,3;225,4
Aðrý;Doðubeyazýt;SIÐIR (YERLÝ);Büyükbaþ Hayvan;21930;120066,8;642,8
Aðrý;Eleþkirt;SIÐIR (YERLÝ);Büyükbaþ Hayvan;14547;79644,8;426,4
Aðrý;Hamur;SIÐIR (YERLÝ);Büyükbaþ Hayvan;20877;114301,6;611,9
Aðrý;Merkez;SIÐIR (YERLÝ);Büyükbaþ Hayvan;46587;255063,8;1365,5
Aðrý;Patnos;SIÐIR (YERLÝ);Büyükbaþ Hayvan;7865;43060,9;230,5
Aðrý;Taþlýçay;SIÐIR (YERLÝ);Büyükbaþ Hayvan;9012;49340,7;264,1
Aðrý;Tutak;SIÐIR (YERLÝ);Büyükbaþ Hayvan;14358;78610,1;420,8
Aðrý;Diyadin;KEÇÝ (KIL);Küçükbaþ Hayvan;6400;4672;46149
Aðrý;Doðubeyazýt;KEÇÝ (KIL);Küçükbaþ Hayvan;28000;20440;32,8
Aðrý;Eleþkirt;KEÇÝ (KIL);Küçükbaþ Hayvan;3421;2497,3;4
Aðrý;Hamur;KEÇÝ (KIL);Küçükbaþ Hayvan;4456;3252,9;46058
Aðrý;Merkez;KEÇÝ (KIL);Küçükbaþ Hayvan;5105;3726,7;6
Aðrý;Patnos;KEÇÝ (KIL);Küçükbaþ Hayvan;19150;13979,5;46164
Aðrý;Taþlýçay;KEÇÝ (KIL);Küçükbaþ Hayvan;4823;3520,8;46208
Aðrý;Tutak;KEÇÝ (KIL);Küçükbaþ Hayvan;6000;4380;7
Aðrý;Diyadin;KOYUN (YERLÝ);Küçükbaþ Hayvan;253222;277278,1;668
Aðrý;Doðubeyazýt;KOYUN (YERLÝ);Küçükbaþ Hayvan;518456;567709,3;1367,7
Aðrý;Eleþkirt;KOYUN (YERLÝ);Küçükbaþ Hayvan;41636;45591,4;109,8
Aðrý;Hamur;KOYUN (YERLÝ);Küçükbaþ Hayvan;62825;68793,4;165,7
Aðrý;Merkez;KOYUN (YERLÝ);Küçükbaþ Hayvan;72877;79800,3;192,2
Aðrý;Patnos;KOYUN (YERLÝ);Küçükbaþ Hayvan;182563;199906,5;481,6
Aðrý;Taþlýçay;KOYUN (YERLÝ);Küçükbaþ Hayvan;64385;70501,6;169,8
Aðrý;Tutak;KOYUN (YERLÝ);Küçükbaþ Hayvan;49486;54187,2;130,5
Aðrý;Diyadin;ET TAVUÐU;Kanatlý Hayvan;0;0;0
Aðrý;Doðubeyazýt;ET TAVUÐU;Kanatlý Hayvan;0;0;0
Aðrý;Eleþkirt;ET TAVUÐU;Kanatlý Hayvan;0;0;0
Aðrý;Hamur;ET TAVUÐU;Kanatlý Hayvan;0;0;0
Aðrý;Merkez;ET TAVUÐU;Kanatlý Hayvan;0;0;0
Aðrý;Patnos;ET TAVUÐU;Kanatlý Hayvan;0;0;0
Aðrý;Taþlýçay;ET TAVUÐU;Kanatlý Hayvan;0;0;0
Aðrý;Tutak;ET TAVUÐU;Kanatlý Hayvan;0;0;0
Aðrý;Diyadin;HÝNDÝ;Kanatlý Hayvan;2250;84,4;46043
Aðrý;Doðubeyazýt;HÝNDÝ;Kanatlý Hayvan;3452;129,5;32,4
Aðrý;Eleþkirt;HÝNDÝ;Kanatlý Hayvan;8050;301,9;75,5
Aðrý;Hamur;HÝNDÝ;Kanatlý Hayvan;5245;196,7;49,2
Aðrý;Merkez;HÝNDÝ;Kanatlý Hayvan;2896;108,6;46080
Aðrý;Patnos;HÝNDÝ;Kanatlý Hayvan;15000;562,5;140,7
Aðrý;Taþlýçay;HÝNDÝ;Kanatlý Hayvan;1112;41,7;46122
Aðrý;Tutak;HÝNDÝ;Kanatlý Hayvan;7658;287,2;71,8
Aðrý;Diyadin;KAZ;Kanatlý Hayvan;975;45,6;46123
Aðrý;Doðubeyazýt;KAZ;Kanatlý Hayvan;1900;88,9;46075
Aðrý;Eleþkirt;KAZ;Kanatlý Hayvan;1036;48,5;46034
Aðrý;Hamur;KAZ;Kanatlý Hayvan;978;45,8;46123
Aðrý;Merkez;KAZ;Kanatlý Hayvan;548;46198;46118
Aðrý;Patnos;KAZ;Kanatlý Hayvan;5398;252,6;63,2
Aðrý;Taþlýçay;KAZ;Kanatlý Hayvan;1320;61,8;46127
Aðrý;Tutak;KAZ;Kanatlý Hayvan;2175;101,8;46167
Aðrý;Diyadin;ÖRDEK;Kanatlý Hayvan;720;33,7;46120
Aðrý;Doðubeyazýt;ÖRDEK;Kanatlý Hayvan;1870;87,5;46286
Aðrý;Eleþkirt;ÖRDEK;Kanatlý Hayvan;225;46152;46175
Aðrý;Hamur;ÖRDEK;Kanatlý Hayvan;698;32,7;46061
Aðrý;Merkez;ÖRDEK;Kanatlý Hayvan;235;11;46205
Aðrý;Patnos;ÖRDEK;Kanatlý Hayvan;2450;114,7;46231
Aðrý;Taþlýçay;ÖRDEK;Kanatlý Hayvan;952;44,6;46033
Aðrý;Tutak;ÖRDEK;Kanatlý Hayvan;1074;50,3;46185
Aðrý;Diyadin;YUMURTA TAVUÐU;Kanatlý Hayvan;11325;620;155
Aðrý;Doðubeyazýt;YUMURTA TAVUÐU;Kanatlý Hayvan;20523;1123,6;281
Aðrý;Eleþkirt;YUMURTA TAVUÐU;Kanatlý Hayvan;25211;1380,3;345,1
Aðrý;Hamur;YUMURTA TAVUÐU;Kanatlý Hayvan;3421;187,3;46,8
Aðrý;Merkez;YUMURTA TAVUÐU;Kanatlý Hayvan;20009;1095,5;273,9
Aðrý;Patnos;YUMURTA TAVUÐU;Kanatlý Hayvan;31004;1697,5;424,4
Aðrý;Taþlýçay;YUMURTA TAVUÐU;Kanatlý Hayvan;5008;274,2;68,6
Aðrý;Tutak;YUMURTA TAVUÐU;Kanatlý Hayvan;20986;1149;287,3
Amasya;Göynücek;AT;Büyükbaþ Hayvan;27;147,8;0,8
Amasya;Gümüþhacýköy;AT;Büyükbaþ Hayvan;73;399,7;46024
Amasya;Hamamözü;AT;Büyükbaþ Hayvan;27;147,8;0,8
Amasya;Merkez;AT;Büyükbaþ Hayvan;208;1138,8;46028
Amasya;Merzifon;AT;Büyükbaþ Hayvan;91;498,2;46205
Amasya;Suluova;AT;Büyükbaþ Hayvan;32;175,2;0,9
Amasya;Taþova;AT;Büyükbaþ Hayvan;68;372,3;2
Amasya;Göynücek;EÞEK;Büyükbaþ Hayvan;418;1144,3;46206
Amasya;Gümüþhacýköy;EÞEK;Büyükbaþ Hayvan;133;364,1;46054
Amasya;Hamamözü;EÞEK;Büyükbaþ Hayvan;242;662,5;46024
Amasya;Merkez;EÞEK;Büyükbaþ Hayvan;215;588,6;46266
Amasya;Merzifon;EÞEK;Büyükbaþ Hayvan;197;539,3;46204
Amasya;Suluova;EÞEK;Büyükbaþ Hayvan;79;216,3;0,7
Amasya;Taþova;EÞEK;Büyükbaþ Hayvan;315;862,3;46236
Amasya;Göynücek;KATIR;Büyükbaþ Hayvan;7;46233;0,1
Amasya;Gümüþhacýköy;KATIR;Büyükbaþ Hayvan;8;35;0,2
Amasya;Merkez;KATIR;Büyükbaþ Hayvan;100;438;46266
Amasya;Merzifon;KATIR;Büyükbaþ Hayvan;23;100,7;0,4
Amasya;Suluova;KATIR;Büyükbaþ Hayvan;11;48,2;0,2
Amasya;Taþova;KATIR;Büyükbaþ Hayvan;40;175,2;0,8
Amasya;Göynücek;MANDA;Büyükbaþ Hayvan;653;4766,9;35,7
Amasya;Gümüþhacýköy;MANDA;Büyükbaþ Hayvan;478;3489,4;46079
Amasya;Hamamözü;MANDA;Büyükbaþ Hayvan;196;1430,8;46213
Amasya;Merkez;MANDA;Büyükbaþ Hayvan;939;6854,7;51,4
Amasya;Merzifon;MANDA;Büyükbaþ Hayvan;276;2014,8;46037
Amasya;Suluova;MANDA;Büyükbaþ Hayvan;2223;16227,9;121,6
Amasya;Taþova;MANDA;Büyükbaþ Hayvan;1067;7789,1;58,4
Amasya;Göynücek;SIÐIR (KÜLTÜR);Büyükbaþ Hayvan;6519;59485,9;477,7
Amasya;Gümüþhacýköy;SIÐIR (KÜLTÜR);Büyükbaþ Hayvan;6420;58582,5;470,4
Amasya;Hamamözü;SIÐIR (KÜLTÜR);Büyükbaþ Hayvan;3172;28944,5;232,4
Amasya;Merkez;SIÐIR (KÜLTÜR);Büyükbaþ Hayvan;29013;264743,6;2126
Amasya;Merzifon;SIÐIR (KÜLTÜR);Büyükbaþ Hayvan;13837;126262,6;1013,9
Amasya;Suluova;SIÐIR (KÜLTÜR);Büyükbaþ Hayvan;20843;190192,4;1527,3
Amasya;Taþova;SIÐIR (KÜLTÜR);Büyükbaþ Hayvan;7458;68054,3;546,5
Amasya;Göynücek;SIÐIR (MELEZ);Büyükbaþ Hayvan;5996;39393,7;253,1
Amasya;Gümüþhacýköy;SIÐIR (MELEZ);Büyükbaþ Hayvan;12764;83859,5;538,7
Amasya;Hamamözü;SIÐIR (MELEZ);Büyükbaþ Hayvan;2741;18008,4;115,7
Amasya;Merkez;SIÐIR (MELEZ);Büyükbaþ Hayvan;25640;168454,8;1082,2
Amasya;Merzifon;SIÐIR (MELEZ);Büyükbaþ Hayvan;10291;67611,9;434,4
Amasya;Suluova;SIÐIR (MELEZ);Büyükbaþ Hayvan;30388;199649,2;1282,6
Amasya;Taþova;SIÐIR (MELEZ);Büyükbaþ Hayvan;5737;37692,1;242,1
Amasya;Göynücek;SIÐIR (YERLÝ);Büyükbaþ Hayvan;4891;26778,2;143,4
Amasya;Gümüþhacýköy;SIÐIR (YERLÝ);Büyükbaþ Hayvan;911;4987,7;46229
Amasya;Hamamözü;SIÐIR (YERLÝ);Büyükbaþ Hayvan;481;2633,5;46036
Amasya;Merkez;SIÐIR (YERLÝ);Büyükbaþ Hayvan;10890;59622,8;319,2
Amasya;Merzifon;SIÐIR (YERLÝ);Büyükbaþ Hayvan;950;5201,3;46261
Amasya;Suluova;SIÐIR (YERLÝ);Büyükbaþ Hayvan;8227;45042,8;241,1
Amasya;Taþova;SIÐIR (YERLÝ);Büyükbaþ Hayvan;4088;22381,8;119,8
Amasya;Göynücek;KEÇÝ (KIL);Büyükbaþ Hayvan;9504;6937,9;46033
Amasya;Gümüþhacýköy;KEÇÝ (KIL);Büyükbaþ Hayvan;4435;3237,6;46058
Amasya;Hamamözü;KEÇÝ (KIL);Büyükbaþ Hayvan;2983;2177,6;46145
Amasya;Merkez;KEÇÝ (KIL);Büyükbaþ Hayvan;30635;22363,6;35,9
Amasya;Merzifon;KEÇÝ (KIL);Büyükbaþ Hayvan;1467;1070,9;46204
Amasya;Suluova;KEÇÝ (KIL);Büyükbaþ Hayvan;873;637,3;1
Amasya;Taþova;KEÇÝ (KIL);Büyükbaþ Hayvan;7208;5261,8;46150
Amasya;Gümüþhacýköy;KOYUN (MERÝNOS);Küçükbaþ Hayvan;209;228,9;0,6
Amasya;Merkez;KOYUN (MERÝNOS);Küçükbaþ Hayvan;1592;1743,2;46057
Amasya;Merzifon;KOYUN (MERÝNOS);Küçükbaþ Hayvan;2077;2274,3;46147
Amasya;Göynücek;KOYUN (YERLÝ);Küçükbaþ Hayvan;4314;4723,8;46123
Amasya;Gümüþhacýköy;KOYUN (YERLÝ);Küçükbaþ Hayvan;14901;16316,6;39,3
Amasya;Hamamözü;KOYUN (YERLÝ);Küçükbaþ Hayvan;3718;4071,2;46243
Amasya;Merkez;KOYUN (YERLÝ);Küçükbaþ Hayvan;49503;54205,8;130,6
Amasya;Merzifon;KOYUN (YERLÝ);Küçükbaþ Hayvan;11274;12345;46232
Amasya;Suluova;KOYUN (YERLÝ);Küçükbaþ Hayvan;13892;15211,7;36,6
Amasya;Taþova;KOYUN (YERLÝ);Küçükbaþ Hayvan;51575;56474,6;136,1
Amasya;Göynücek;ET TAVUÐU;Kanatlý Hayvan;20000;540;135
Amasya;Gümüþhacýköy;ET TAVUÐU;Kanatlý Hayvan;0;0;0
Amasya;Hamamözü;ET TAVUÐU;Kanatlý Hayvan;0;0;0
Amasya;Merkez;ET TAVUÐU;Kanatlý Hayvan;40000;1080;270
Amasya;Merzifon;ET TAVUÐU;Kanatlý Hayvan;0;0;0
Amasya;Suluova;ET TAVUÐU;Kanatlý Hayvan;0;0;0
Amasya;Taþova;ET TAVUÐU;Kanatlý Hayvan;50000;1350;337,6
Amasya;Göynücek;HÝNDÝ;Kanatlý Hayvan;600;46164;46178
Amasya;Gümüþhacýköy;HÝNDÝ;Kanatlý Hayvan;195;46088;46235
Amasya;Hamamözü;HÝNDÝ;Kanatlý Hayvan;84;46056;0,8
Amasya;Merkez;HÝNDÝ;Kanatlý Hayvan;1345;50,4;46185
Amasya;Merzifon;HÝNDÝ;Kanatlý Hayvan;650;46136;46028
Amasya;Suluova;HÝNDÝ;Kanatlý Hayvan;1100;41,3;46091
Amasya;Taþova;HÝNDÝ;Kanatlý Hayvan;425;46280;4
Amasya;Göynücek;KAZ;Kanatlý Hayvan;600;46050;7
Amasya;Gümüþhacýköy;KAZ;Kanatlý Hayvan;112;46058;46082
Amasya;Hamamözü;KAZ;Kanatlý Hayvan;67;46025;0,8
Amasya;Merkez;KAZ;Kanatlý Hayvan;2115;99;46227
Amasya;Merzifon;KAZ;Kanatlý Hayvan;2700;126,4;31,6
Amasya;Suluova;KAZ;Kanatlý Hayvan;3150;147,4;36,9
Amasya;Taþova;KAZ;Kanatlý Hayvan;175;46061;2
Amasya;Göynücek;ÖRDEK;Kanatlý Hayvan;450;46043;46086
Amasya;Gümüþhacýköy;ÖRDEK;Kanatlý Hayvan;183;46181;46024
Amasya;Hamamözü;ÖRDEK;Kanatlý Hayvan;0;0;0
Amasya;Merkez;ÖRDEK;Kanatlý Hayvan;1320;61,8;46127
Amasya;Merzifon;ÖRDEK;Kanatlý Hayvan;1305;61,1;46096
Amasya;Suluova;ÖRDEK;Kanatlý Hayvan;975;45,6;46123
Amasya;Taþova;ÖRDEK;Kanatlý Hayvan;1055;49,4;46093
Amasya;Göynücek;YUMURTA TAVUÐU;Kanatlý Hayvan;1600;87,6;46286
Amasya;Gümüþhacýköy;YUMURTA TAVUÐU;Kanatlý Hayvan;260000;14235;3559,4
Amasya;Hamamözü;YUMURTA TAVUÐU;Kanatlý Hayvan;1586;86,8;46224
Amasya;Merkez;YUMURTA TAVUÐU;Kanatlý Hayvan;34525;1890,2;472,6
Amasya;Merzifon;YUMURTA TAVUÐU;Kanatlý Hayvan;180000;9855;2464,2
Amasya;Suluova;YUMURTA TAVUÐU;Kanatlý Hayvan;981435;53733,6;13435,8
Amasya;Taþova;YUMURTA TAVUÐU;Kanatlý Hayvan;15000;821,3;205,3
Ankara;Akyurt;AT;Büyükbaþ Hayvan;89;487,3;46175
Ankara;Altýndað;AT;Büyükbaþ Hayvan;21;115;0,6
Ankara;Ayaþ;AT;Büyükbaþ Hayvan;2;11;0,1
Ankara;Bala;AT;Büyükbaþ Hayvan;78;427,1;46083
Ankara;Beypazarý;AT;Büyükbaþ Hayvan;12;65,7;0,4
Ankara;Çamlýdere;AT;Büyükbaþ Hayvan;89;487,3;46175
Ankara;Çankaya;AT;Büyükbaþ Hayvan;150;821,3;46116
Ankara;Çubuk;AT;Büyükbaþ Hayvan;23;125,9;0,7
Ankara;Etimesgut;AT;Büyükbaþ Hayvan;1;46147;0
Ankara;Evren;AT;Büyükbaþ Hayvan;4;46286;0,1
Ankara;Gölbaþý;AT;Büyükbaþ Hayvan;109;596,8;46056
Ankara;Güdül;AT;Büyükbaþ Hayvan;40;219;46054
Ankara;Haymana;AT;Büyükbaþ Hayvan;26;142,4;0,8
Ankara;Kazan;AT;Büyükbaþ Hayvan;25;136,9;0,7
Ankara;Keçiören;AT;Büyükbaþ Hayvan;6;32,9;0,2
Ankara;Kýzýlcahamam;AT;Büyükbaþ Hayvan;21;115;0,6
Ankara;Mamak;AT;Büyükbaþ Hayvan;21;115;0,6
Ankara;Nallýhan;AT;Büyükbaþ Hayvan;2;11;0,1
Ankara;Polatlý;AT;Büyükbaþ Hayvan;18;98,6;0,5
Ankara;Pursaklar;AT;Büyükbaþ Hayvan;25;136,9;0,7
Ankara;Þ.Koçhisar;AT;Büyükbaþ Hayvan;30;164,3;0,9
Ankara;Sincan;AT;Büyükbaþ Hayvan;19;104;0,6
Ankara;Yenimahalle;AT;Büyükbaþ Hayvan;178;974,6;46058
Ankara;Bala;DEVE;Büyükbaþ Hayvan;1;46063;0,1
Ankara;Çubuk;DEVE;Büyükbaþ Hayvan;1;46063;0,1
Ankara;Kazan;DOMUZ;Diðer;8;46239;0
Ankara;Akyurt;EÞEK;Büyükbaþ Hayvan;50;136,9;0,4
Ankara;Altýndað;EÞEK;Büyükbaþ Hayvan;5;46216;0
Ankara;Ayaþ;EÞEK;Büyükbaþ Hayvan;99;271;0,9
Ankara;Bala;EÞEK;Büyükbaþ Hayvan;230;629,6;2
Ankara;Beypazarý;EÞEK;Büyükbaþ Hayvan;43;117,7;0,4
Ankara;Çamlýdere;EÞEK;Büyükbaþ Hayvan;86;235,4;0,8
Ankara;Çankaya;EÞEK;Büyükbaþ Hayvan;115;314,8;1
Ankara;Çubuk;EÞEK;Büyükbaþ Hayvan;110;301,1;1
Ankara;Elmadað;EÞEK;Büyükbaþ Hayvan;32;87,6;0,3
Ankara;Etimesgut;EÞEK;Büyükbaþ Hayvan;15;41,1;0,1
Ankara;Evren;EÞEK;Büyükbaþ Hayvan;66;180,7;0,6
Ankara;Gölbaþý;EÞEK;Büyükbaþ Hayvan;389;1064,9;46115
Ankara;Güdül;EÞEK;Büyükbaþ Hayvan;90;246,4;0,8
Ankara;Haymana;EÞEK;Büyükbaþ Hayvan;255;698,1;46055
Ankara;Kazan;EÞEK;Büyükbaþ Hayvan;31;84,9;0,3
Ankara;Keçiören;EÞEK;Büyükbaþ Hayvan;8;46286;0,1
Ankara;Kýzýlcahamam;EÞEK;Büyükbaþ Hayvan;133;364,1;46054
Ankara;Mamak;EÞEK;Büyükbaþ Hayvan;25;68,4;0,2
Ankara;Nallýhan;EÞEK;Büyükbaþ Hayvan;158;432,5;46113
Ankara;Polatlý;EÞEK;Büyükbaþ Hayvan;327;895,2;46267
Ankara;Pursaklar;EÞEK;Büyükbaþ Hayvan;5;46216;0
Ankara;Þ.Koçhisar;EÞEK;Büyükbaþ Hayvan;155;424,3;46113
Ankara;Sincan;EÞEK;Büyükbaþ Hayvan;43;117,7;0,4
Ankara;Bala;KATIR;Büyükbaþ Hayvan;122;534,4;46083
Ankara;Beypazarý;KATIR;Büyükbaþ Hayvan;73;319,7;46113
Ankara;Çamlýdere;KATIR;Büyükbaþ Hayvan;16;70,1;0,3
Ankara;Çankaya;KATIR;Büyükbaþ Hayvan;7;46233;0,1
Ankara;Çubuk;KATIR;Büyükbaþ Hayvan;9;39,4;0,2
Ankara;Güdül;KATIR;Büyükbaþ Hayvan;19;83,2;0,4
Ankara;Haymana;KATIR;Büyükbaþ Hayvan;9;39,4;0,2
Ankara;Kazan;KATIR;Büyükbaþ Hayvan;2;46242;0
Ankara;Kýzýlcahamam;KATIR;Büyükbaþ Hayvan;2;46242;0
Ankara;Nallýhan;KATIR;Büyükbaþ Hayvan;2;46242;0
Ankara;Akyurt;MANDA;Büyükbaþ Hayvan;39;284,7;46024
Ankara;Altýndað;MANDA;Büyükbaþ Hayvan;50;365;46205
Ankara;Ayaþ;MANDA;Büyükbaþ Hayvan;2;46187;0,1
Ankara;Bala;MANDA;Büyükbaþ Hayvan;115;839,5;46087
Ankara;Çamlýdere;MANDA;Büyükbaþ Hayvan;37;270,1;2
Ankara;Çankaya;MANDA;Büyükbaþ Hayvan;56;408,8;46025
Ankara;Çubuk;MANDA;Büyükbaþ Hayvan;523;3817,9;46201
Ankara;Elmadað;MANDA;Büyükbaþ Hayvan;28;204,4;46143
Ankara;Etimesgut;MANDA;Büyükbaþ Hayvan;20;146;46023
Ankara;Evren;MANDA;Büyükbaþ Hayvan;7;51,1;0,4
Ankara;Gölbaþý;MANDA;Büyükbaþ Hayvan;82;598,6;46146
Ankara;Güdül;MANDA;Büyükbaþ Hayvan;15;109,5;0,8
Ankara;Haymana;MANDA;Büyükbaþ Hayvan;16;116,8;0,9
Ankara;Kalecik;MANDA;Büyükbaþ Hayvan;197;1438,1;46244
Ankara;Kazan;MANDA;Büyükbaþ Hayvan;96;700,8;46086
Ankara;Keçiören;MANDA;Büyükbaþ Hayvan;3;46286;0,2
Ankara;Kýzýlcahamam;MANDA;Büyükbaþ Hayvan;579;4226,7;46234
Ankara;Mamak;MANDA;Büyükbaþ Hayvan;52;379,6;46236
Ankara;Nallýhan;MANDA;Büyükbaþ Hayvan;21;153,3;46023
Ankara;Pursaklar;MANDA;Büyükbaþ Hayvan;10;73;0,5
Ankara;Þ.Koçhisar;MANDA;Büyükbaþ Hayvan;169;1233,7;46062
Ankara;Sincan;MANDA;Büyükbaþ Hayvan;74;540,2;4
Ankara;Yenimahalle;MANDA;Büyükbaþ Hayvan;69;503,7;46237
Ankara;Akyurt;SIÐIR (KÜLTÜR);Büyükbaþ Hayvan;15889;144987,1;1164,3
Ankara;Altýndað;SIÐIR (KÜLTÜR);Büyükbaþ Hayvan;1448;13213;106,1
Ankara;Ayaþ;SIÐIR (KÜLTÜR);Büyükbaþ Hayvan;8389;76549,6;614,7
Ankara;Bala;SIÐIR (KÜLTÜR);Büyükbaþ Hayvan;8292;75664,5;607,6
Ankara;Beypazarý;SIÐIR (KÜLTÜR);Büyükbaþ Hayvan;3206;29254,8;234,9
Ankara;Çamlýdere;SIÐIR (KÜLTÜR);Büyükbaþ Hayvan;995;9079,4;72,9
Ankara;Çankaya;SIÐIR (KÜLTÜR);Büyükbaþ Hayvan;3080;28105;225,7
Ankara;Çubuk;SIÐIR (KÜLTÜR);Büyükbaþ Hayvan;10793;98486,1;790,9
Ankara;Elmadað;SIÐIR (KÜLTÜR);Büyükbaþ Hayvan;7199;65690,9;527,5
Ankara;Etimesgut;SIÐIR (KÜLTÜR);Büyükbaþ Hayvan;1101;10046,6;80,7
Ankara;Evren;SIÐIR (KÜLTÜR);Büyükbaþ Hayvan;764;6971,5;56
Ankara;Gölbaþý;SIÐIR (KÜLTÜR);Büyükbaþ Hayvan;12525;114290,6;917,8
Ankara;Güdül;SIÐIR (KÜLTÜR);Büyükbaþ Hayvan;5759;52550,9;422
Ankara;Haymana;SIÐIR (KÜLTÜR);Büyükbaþ Hayvan;6350;57943,8;465,3
Ankara;Kalecik;SIÐIR (KÜLTÜR);Büyükbaþ Hayvan;5055;46126,9;370,4
Ankara;Kazan;SIÐIR (KÜLTÜR);Büyükbaþ Hayvan;7557;68957,6;553,7
Ankara;Keçiören;SIÐIR (KÜLTÜR);Büyükbaþ Hayvan;767;6998,9;56,2
Ankara;Kýzýlcahamam;SIÐIR (KÜLTÜR);Büyükbaþ Hayvan;5434;49585,3;398,2
Ankara;Mamak;SIÐIR (KÜLTÜR);Büyükbaþ Hayvan;6350;57943,8;465,3
Ankara;Nallýhan;SIÐIR (KÜLTÜR);Büyükbaþ Hayvan;14;127,8;1
Ankara;Polatlý;SIÐIR (KÜLTÜR);Büyükbaþ Hayvan;52940;483077,5;3879,2
Ankara;Pursaklar;SIÐIR (KÜLTÜR);Büyükbaþ Hayvan;1454;13267,8;106,5
Ankara;Þ.Koçhisar;SIÐIR (KÜLTÜR);Büyükbaþ Hayvan;4787;43681,4;350,8
Ankara;Sincan;SIÐIR (KÜLTÜR);Büyükbaþ Hayvan;11285;102975,6;826,9
Ankara;Yenimahalle;SIÐIR (KÜLTÜR);Büyükbaþ Hayvan;863;7874,9;63,2
Ankara;Akyurt;SIÐIR (MELEZ);Büyükbaþ Hayvan;16321;107229;688,9
Ankara;Altýndað;SIÐIR (MELEZ);Büyükbaþ Hayvan;10442;68603,9;440,7
Ankara;Ayaþ;SIÐIR (MELEZ);Büyükbaþ Hayvan;10454;68682,8;441,2
Ankara;Bala;SIÐIR (MELEZ);Büyükbaþ Hayvan;14702;96592,1;620,5
Ankara;Beypazarý;SIÐIR (MELEZ);Büyükbaþ Hayvan;4027;26457,4;170
Ankara;Çamlýdere;SIÐIR (MELEZ);Büyükbaþ Hayvan;3570;23454,9;150,7
Ankara;Çankaya;SIÐIR (MELEZ);Büyükbaþ Hayvan;4240;27856,8;179
Ankara;Çubuk;SIÐIR (MELEZ);Büyükbaþ Hayvan;44367;291491,2;1872,6
Ankara;Elmadað;SIÐIR (MELEZ);Büyükbaþ Hayvan;7020;46121,4;296,3
Ankara;Etimesgut;SIÐIR (MELEZ);Büyükbaþ Hayvan;1144;7516,1;48,3
Ankara;Evren;SIÐIR (MELEZ);Büyükbaþ Hayvan;1572;10328;66,3
Ankara;Gölbaþý;SIÐIR (MELEZ);Büyükbaþ Hayvan;18700;122859;789,3
Ankara;Güdül;SIÐIR (MELEZ);Büyükbaþ Hayvan;5359;35208,6;226,2
Ankara;Haymana;SIÐIR (MELEZ);Büyükbaþ Hayvan;24250;159322,5;1023,5
Ankara;Kalecik;SIÐIR (MELEZ);Büyükbaþ Hayvan;13961;91723,8;589,3
Ankara;Kazan;SIÐIR (MELEZ);Büyükbaþ Hayvan;8109;53276,1;342,3
Ankara;Keçiören;SIÐIR (MELEZ);Büyükbaþ Hayvan;2307;15157;97,4
Ankara;Kýzýlcahamam;SIÐIR (MELEZ);Büyükbaþ Hayvan;14213;93379,4;599,9
Ankara;Mamak;SIÐIR (MELEZ);Büyükbaþ Hayvan;4390;28842,3;185,3
Ankara;Nallýhan;SIÐIR (MELEZ);Büyükbaþ Hayvan;8560;56239,2;361,3
Ankara;Polatlý;SIÐIR (MELEZ);Büyükbaþ Hayvan;30750;202027,5;1297,9
Ankara;Pursaklar;SIÐIR (MELEZ);Büyükbaþ Hayvan;1681;11044,2;70,9
Ankara;Þ.Koçhisar;SIÐIR (MELEZ);Büyükbaþ Hayvan;10616;69747,1;448,1
Ankara;Sincan;SIÐIR (MELEZ);Büyükbaþ Hayvan;29803;195805,7;1257,9
Ankara;Yenimahalle;SIÐIR (MELEZ);Büyükbaþ Hayvan;1449;9519,9;61,2
Ankara;Akyurt;SIÐIR (YERLÝ);Büyükbaþ Hayvan;910;4982,3;46229
Ankara;Altýndað;SIÐIR (YERLÝ);Büyükbaþ Hayvan;1560;8541;45,7
Ankara;Ayaþ;SIÐIR (YERLÝ);Büyükbaþ Hayvan;675;3695,6;46253
Ankara;Bala;SIÐIR (YERLÝ);Büyükbaþ Hayvan;4927;26975,3;144,4
Ankara;Beypazarý;SIÐIR (YERLÝ);Büyükbaþ Hayvan;5159;28245,5;151,2
Ankara;Çamlýdere;SIÐIR (YERLÝ);Büyükbaþ Hayvan;8950;49001,3;262,3
Ankara;Çankaya;SIÐIR (YERLÝ);Büyükbaþ Hayvan;2200;12045;64,5
Ankara;Çubuk;SIÐIR (YERLÝ);Büyükbaþ Hayvan;4795;26252,6;140,5
Ankara;Elmadað;SIÐIR (YERLÝ);Büyükbaþ Hayvan;3272;17914,2;95,9
Ankara;Etimesgut;SIÐIR (YERLÝ);Büyükbaþ Hayvan;12;65,7;0,4
Ankara;Evren;SIÐIR (YERLÝ);Büyükbaþ Hayvan;387;2118,8;46092
Ankara;Gölbaþý;SIÐIR (YERLÝ);Büyükbaþ Hayvan;1853;10145,2;54,3
Ankara;Güdül;SIÐIR (YERLÝ);Büyükbaþ Hayvan;2845;15576,4;83,4
Ankara;Haymana;SIÐIR (YERLÝ);Büyükbaþ Hayvan;4500;24637,5;131,9
Ankara;Kalecik;SIÐIR (YERLÝ);Büyükbaþ Hayvan;4664;25535,4;136,7
Ankara;Kazan;SIÐIR (YERLÝ);Büyükbaþ Hayvan;1709;9356,8;50,1
Ankara;Keçiören;SIÐIR (YERLÝ);Büyükbaþ Hayvan;589;3224,8;46098
Ankara;Kýzýlcahamam;SIÐIR (YERLÝ);Büyükbaþ Hayvan;5766;31568,9;169
Ankara;Mamak;SIÐIR (YERLÝ);Büyükbaþ Hayvan;680;3723;46284
Ankara;Nallýhan;SIÐIR (YERLÝ);Büyükbaþ Hayvan;692;3788,7;46101
Ankara;Polatlý;SIÐIR (YERLÝ);Büyükbaþ Hayvan;4085;22365,4;119,7
Ankara;Pursaklar;SIÐIR (YERLÝ);Büyükbaþ Hayvan;456;2496,6;46125
Ankara;Þ.Koçhisar;SIÐIR (YERLÝ);Büyükbaþ Hayvan;1153;6312,7;33,8
Ankara;Sincan;SIÐIR (YERLÝ);Büyükbaþ Hayvan;218;1193,6;46118
Ankara;Yenimahalle;SIÐIR (YERLÝ);Büyükbaþ Hayvan;135;739,1;4
Ankara;Akyurt;KEÇÝ (KIL);Küçükbaþ Hayvan;1115;814;46082
Ankara;Altýndað;KEÇÝ (KIL);Küçükbaþ Hayvan;239;174,5;0,3
Ankara;Ayaþ;KEÇÝ (KIL);Küçükbaþ Hayvan;840;613,2;1
Ankara;Bala;KEÇÝ (KIL);Küçükbaþ Hayvan;8143;5944,4;46151
Ankara;Beypazarý;KEÇÝ (KIL);Küçükbaþ Hayvan;2040;1489,2;46114
Ankara;Çamlýdere;KEÇÝ (KIL);Küçükbaþ Hayvan;570;416,1;0,7
Ankara;Çankaya;KEÇÝ (KIL);Küçükbaþ Hayvan;3700;2701;46085
Ankara;Çubuk;KEÇÝ (KIL);Küçükbaþ Hayvan;4094;2988,6;46238
Ankara;Elmadað;KEÇÝ (KIL);Küçükbaþ Hayvan;6649;4853,8;46241
Ankara;Etimesgut;KEÇÝ (KIL);Küçükbaþ Hayvan;1208;881,8;46113
Ankara;Evren;KEÇÝ (KIL);Küçükbaþ Hayvan;322;235,1;0,4
Ankara;Gölbaþý;KEÇÝ (KIL);Küçükbaþ Hayvan;5962;4352,3;7
Ankara;Güdül;KEÇÝ (KIL);Küçükbaþ Hayvan;6295;4595,4;46119
Ankara;Haymana;KEÇÝ (KIL);Küçükbaþ Hayvan;4880;3562,4;46208
Ankara;Kalecik;KEÇÝ (KIL);Küçükbaþ Hayvan;4152;3031;46269
Ankara;Kazan;KEÇÝ (KIL);Küçükbaþ Hayvan;2275;1660,8;46205
Ankara;Keçiören;KEÇÝ (KIL);Küçükbaþ Hayvan;847;618,3;1
Ankara;Kýzýlcahamam;KEÇÝ (KIL);Küçükbaþ Hayvan;3363;2455;46268
Ankara;Mamak;KEÇÝ (KIL);Küçükbaþ Hayvan;660;481,8;0,8
Ankara;Nallýhan;KEÇÝ (KIL);Küçükbaþ Hayvan;20498;14963,5;24
Ankara;Polatlý;KEÇÝ (KIL);Küçükbaþ Hayvan;5000;3650;46270
Ankara;Pursaklar;KEÇÝ (KIL);Küçükbaþ Hayvan;218;159,1;0,3
Ankara;Þ.Koçhisar;KEÇÝ (KIL);Küçükbaþ Hayvan;10847;7918,3;46215
Ankara;Sincan;KEÇÝ (KIL);Küçükbaþ Hayvan;2446;1785,6;46267
Ankara;Yenimahalle;KEÇÝ (KIL);Küçükbaþ Hayvan;586;427,8;0,7
Ankara;Akyurt;KEÇÝ (TÝFTÝK);Küçükbaþ Hayvan;145;105,9;0,2
Ankara;Altýndað;KEÇÝ (TÝFTÝK);Küçükbaþ Hayvan;21;46096;0
Ankara;Ayaþ;KEÇÝ (TÝFTÝK);Küçükbaþ Hayvan;16360;11942,8;46072
Ankara;Bala;KEÇÝ (TÝFTÝK);Küçükbaþ Hayvan;846;617,6;1
Ankara;Beypazarý;KEÇÝ (TÝFTÝK);Küçükbaþ Hayvan;44362;32384,3;52
Ankara;Çamlýdere;KEÇÝ (TÝFTÝK);Küçükbaþ Hayvan;945;689,9;46023
Ankara;Çankaya;KEÇÝ (TÝFTÝK);Küçükbaþ Hayvan;194;141,6;0,2
Ankara;Çubuk;KEÇÝ (TÝFTÝK);Küçükbaþ Hayvan;2232;1629,4;46175
Ankara;Elmadað;KEÇÝ (TÝFTÝK);Küçükbaþ Hayvan;1219;889,9;46113
Ankara;Etimesgut;KEÇÝ (TÝFTÝK);Küçükbaþ Hayvan;147;107,3;0,2
Ankara;Evren;KEÇÝ (TÝFTÝK);Küçükbaþ Hayvan;2;46143;0
Ankara;Gölbaþý;KEÇÝ (TÝFTÝK);Küçükbaþ Hayvan;43;31,4;0,1
Ankara;Güdül;KEÇÝ (TÝFTÝK);Küçükbaþ Hayvan;61686;45030,8;72,3
Ankara;Haymana;KEÇÝ (TÝFTÝK);Küçükbaþ Hayvan;1985;1449,1;46083
Ankara;Kazan;KEÇÝ (TÝFTÝK);Küçükbaþ Hayvan;780;569,4;0,9
Ankara;Keçiören;KEÇÝ (TÝFTÝK);Küçükbaþ Hayvan;1127;822,7;46082
Ankara;Kýzýlcahamam;KEÇÝ (TÝFTÝK);Küçükbaþ Hayvan;10360;7562,8;46034
Ankara;Mamak;KEÇÝ (TÝFTÝK);Küçükbaþ Hayvan;760;554,8;0,9
Ankara;Nallýhan;KEÇÝ (TÝFTÝK);Küçükbaþ Hayvan;10846;7917,6;46215
Ankara;Polatlý;KEÇÝ (TÝFTÝK);Küçükbaþ Hayvan;10000;7300;46214
Ankara;Þ.Koçhisar;KEÇÝ (TÝFTÝK);Küçükbaþ Hayvan;151;110,2;0,2
Ankara;Sincan;KEÇÝ (TÝFTÝK);Küçükbaþ Hayvan;1693;1235,9;2
Ankara;Akyurt;KOYUN (MERÝNOS);Küçükbaþ Hayvan;111;121,5;0,3
Ankara;Altýndað;KOYUN (MERÝNOS);Küçükbaþ Hayvan;163;178,5;0,4
Ankara;Ayaþ;KOYUN (MERÝNOS);Küçükbaþ Hayvan;59290;64922,6;156,4
Ankara;Bala;KOYUN (MERÝNOS);Küçükbaþ Hayvan;4409;4827,9;46184
Ankara;Beypazarý;KOYUN (MERÝNOS);Küçükbaþ Hayvan;78946;86445,9;208,3
Ankara;Çamlýdere;KOYUN (MERÝNOS);Küçükbaþ Hayvan;4920;5387,4;13
Ankara;Çankaya;KOYUN (MERÝNOS);Küçükbaþ Hayvan;320;350,4;0,8
Ankara;Çubuk;KOYUN (MERÝNOS);Küçükbaþ Hayvan;3500;3832,5;46062
Ankara;Elmadað;KOYUN (MERÝNOS);Küçükbaþ Hayvan;4476;4901,2;46245
Ankara;Etimesgut;KOYUN (MERÝNOS);Küçükbaþ Hayvan;7502;8214,7;46253
Ankara;Evren;KOYUN (MERÝNOS);Küçükbaþ Hayvan;43;47,1;0,1
Ankara;Gölbaþý;KOYUN (MERÝNOS);Küçükbaþ Hayvan;100500;110047,5;265,1
Ankara;Güdül;KOYUN (MERÝNOS);Küçükbaþ Hayvan;20890;22874,6;55,1
Ankara;Haymana;KOYUN (MERÝNOS);Küçükbaþ Hayvan;46075;50452,1;121,5
Ankara;Kalecik;KOYUN (MERÝNOS);Küçükbaþ Hayvan;282;308,8;0,7
Ankara;Kazan;KOYUN (MERÝNOS);Küçükbaþ Hayvan;3630;3974,9;46182
Ankara;Keçiören;KOYUN (MERÝNOS);Küçükbaþ Hayvan;613;671,2;46174
Ankara;Kýzýlcahamam;KOYUN (MERÝNOS);Küçükbaþ Hayvan;20779;22753;54,8
Ankara;Mamak;KOYUN (MERÝNOS);Küçükbaþ Hayvan;850;930,8;46055
Ankara;Nallýhan;KOYUN (MERÝNOS);Küçükbaþ Hayvan;30433;33324,1;80,3
Ankara;Polatlý;KOYUN (MERÝNOS);Küçükbaþ Hayvan;166290;182087,6;438,7
Ankara;Pursaklar;KOYUN (MERÝNOS);Küçükbaþ Hayvan;885;969,1;46083
Ankara;Þ.Koçhisar;KOYUN (MERÝNOS);Küçükbaþ Hayvan;1825;1998,4;46238
Ankara;Sincan;KOYUN (MERÝNOS);Küçükbaþ Hayvan;46147;50531;121,7
Ankara;Yenimahalle;KOYUN (MERÝNOS);Küçükbaþ Hayvan;2621;2870;46271
Ankara;Akyurt;KOYUN (YERLÝ);Küçükbaþ Hayvan;8532;9342,5;46164
Ankara;Altýndað;KOYUN (YERLÝ);Küçükbaþ Hayvan;2495;2732;46179
Ankara;Ayaþ;KOYUN (YERLÝ);Küçükbaþ Hayvan;8524;9333,8;46164
Ankara;Bala;KOYUN (YERLÝ);Küçükbaþ Hayvan;123545;135281,8;325,9
Ankara;Beypazarý;KOYUN (YERLÝ);Küçükbaþ Hayvan;10547;11549;46261
Ankara;Çamlýdere;KOYUN (YERLÝ);Küçükbaþ Hayvan;3880;4248,6;46063
Ankara;Çankaya;KOYUN (YERLÝ);Küçükbaþ Hayvan;34540;37821,3;91,1
Ankara;Çubuk;KOYUN (YERLÝ);Küçükbaþ Hayvan;33177;36328,8;87,5
Ankara;Elmadað;KOYUN (YERLÝ);Küçükbaþ Hayvan;34768;38071;91,7
Ankara;Etimesgut;KOYUN (YERLÝ);Küçükbaþ Hayvan;3497;3829,2;46062
Ankara;Evren;KOYUN (YERLÝ);Küçükbaþ Hayvan;4960;5431,2;46035
Ankara;Gölbaþý;KOYUN (YERLÝ);Küçükbaþ Hayvan;19520;21374,4;51,5
Ankara;Güdül;KOYUN (YERLÝ);Küçükbaþ Hayvan;28603;31320,3;75,5
Ankara;Haymana;KOYUN (YERLÝ);Küçükbaþ Hayvan;129275;141556,1;341
Ankara;Kalecik;KOYUN (YERLÝ);Küçükbaþ Hayvan;18431;20181,9;48,6
Ankara;Kazan;KOYUN (YERLÝ);Küçükbaþ Hayvan;20249;22172,7;53,4
Ankara;Keçiören;KOYUN (YERLÝ);Küçükbaþ Hayvan;2965;3246,7;46241
Ankara;Kýzýlcahamam;KOYUN (YERLÝ);Küçükbaþ Hayvan;4441;4862,9;46214
Ankara;Mamak;KOYUN (YERLÝ);Küçükbaþ Hayvan;9040;9898,8;46257
Ankara;Nallýhan;KOYUN (YERLÝ);Küçükbaþ Hayvan;22127;24229,1;58,4
Ankara;Polatlý;KOYUN (YERLÝ);Küçükbaþ Hayvan;70350;77033,3;185,6
Ankara;Pursaklar;KOYUN (YERLÝ);Küçükbaþ Hayvan;2897;3172,2;46180
Ankara;Þ.Koçhisar;KOYUN (YERLÝ);Küçükbaþ Hayvan;63616;69659,5;167,8
Ankara;Sincan;KOYUN (YERLÝ);Küçükbaþ Hayvan;48588;53203,9;128,2
Ankara;Yenimahalle;KOYUN (YERLÝ);Küçükbaþ Hayvan;4875;5338,1;46277
Ankara;Akyurt;ET TAVUÐU;Kanatlý Hayvan;0;0;0
Ankara;Ayaþ;ET TAVUÐU;Kanatlý Hayvan;1180000;31860;7966,4
Ankara;Bala;ET TAVUÐU;Kanatlý Hayvan;0;0;0
Ankara;Beypazarý;ET TAVUÐU;Kanatlý Hayvan;1375000;37125;9282,9
Ankara;Çamlýdere;ET TAVUÐU;Kanatlý Hayvan;0;0;0
Ankara;Çankaya;ET TAVUÐU;Kanatlý Hayvan;0;0;0
Ankara;Çubuk;ET TAVUÐU;Kanatlý Hayvan;200001;5400;1350,2
Ankara;Elmadað;ET TAVUÐU;Kanatlý Hayvan;18000;486;121,5
Ankara;Etimesgut;ET TAVUÐU;Kanatlý Hayvan;0;0;0
Ankara;Gölbaþý;ET TAVUÐU;Kanatlý Hayvan;245000;6615;1654
Ankara;Güdül;ET TAVUÐU;Kanatlý Hayvan;410977;11096,4;2774,6
Ankara;Haymana;ET TAVUÐU;Kanatlý Hayvan;75000;2025;506,3
Ankara;Kalecik;ET TAVUÐU;Kanatlý Hayvan;0;0;0
Ankara;Kazan;ET TAVUÐU;Kanatlý Hayvan;427000;11529;2882,8
Ankara;Kýzýlcahamam;ET TAVUÐU;Kanatlý Hayvan;78000;2106;526,6
Ankara;Mamak;ET TAVUÐU;Kanatlý Hayvan;0;0;0
Ankara;Nallýhan;ET TAVUÐU;Kanatlý Hayvan;581385;15697,4;3925,1
Ankara;Polatlý;ET TAVUÐU;Kanatlý Hayvan;2500000;67500;16878
Ankara;Pursaklar;ET TAVUÐU;Kanatlý Hayvan;0;0;0
Ankara;Sincan;ET TAVUÐU;Kanatlý Hayvan;80000;2160;540,1
Ankara;Yenimahalle;ET TAVUÐU;Kanatlý Hayvan;0;0;0
Ankara;Akyurt;HÝNDÝ;Kanatlý Hayvan;516;46131;46238
Ankara;Altýndað;HÝNDÝ;Kanatlý Hayvan;230;46181;46055
Ankara;Ayaþ;HÝNDÝ;Kanatlý Hayvan;66;46144;0,6
Ankara;Bala;HÝNDÝ;Kanatlý Hayvan;195;46088;46235
Ankara;Beypazarý;HÝNDÝ;Kanatlý Hayvan;0;0;0
Ankara;Çamlýdere;HÝNDÝ;Kanatlý Hayvan;2100;78,8;46222
Ankara;Çankaya;HÝNDÝ;Kanatlý Hayvan;43;46174;0,4
Ankara;Çubuk;HÝNDÝ;Kanatlý Hayvan;1150;43,1;46244
Ankara;Elmadað;HÝNDÝ;Kanatlý Hayvan;163;46028;46143
Ankara;Etimesgut;HÝNDÝ;Kanatlý Hayvan;700;46107;46179
Ankara;Evren;HÝNDÝ;Kanatlý Hayvan;94;46145;0,9
Ankara;Gölbaþý;HÝNDÝ;Kanatlý Hayvan;1760;66;46158
Ankara;Güdül;HÝNDÝ;Kanatlý Hayvan;258;46212;46114
Ankara;Haymana;HÝNDÝ;Kanatlý Hayvan;3250;121,9;46172
Ankara;Kalecik;HÝNDÝ;Kanatlý Hayvan;0;0;0
Ankara;Kazan;HÝNDÝ;Kanatlý Hayvan;1600;60;15
Ankara;Keçiören;HÝNDÝ;Kanatlý Hayvan;225;46120;46024
Ankara;Kýzýlcahamam;HÝNDÝ;Kanatlý Hayvan;53;2;0,5
Ankara;Mamak;HÝNDÝ;Kanatlý Hayvan;280;46152;46175
Ankara;Nallýhan;HÝNDÝ;Kanatlý Hayvan;275;46091;46175
Ankara;Polatlý;HÝNDÝ;Kanatlý Hayvan;500;46252;46207
Ankara;Pursaklar;HÝNDÝ;Kanatlý Hayvan;80;3;0,8
Ankara;Þ.Koçhisar;HÝNDÝ;Kanatlý Hayvan;885;33,2;46089
Ankara;Sincan;HÝNDÝ;Kanatlý Hayvan;450;46281;46057
Ankara;Yenimahalle;HÝNDÝ;Kanatlý Hayvan;750;46050;7
Ankara;Akyurt;KAZ;Kanatlý Hayvan;186;46211;46055
Ankara;Altýndað;KAZ;Kanatlý Hayvan;210;46243;46144
Ankara;Ayaþ;KAZ;Kanatlý Hayvan;88;46026;1
Ankara;Bala;KAZ;Kanatlý Hayvan;422;46222;46269
Ankara;Beypazarý;KAZ;Kanatlý Hayvan;0;0;0
Ankara;Çamlýdere;KAZ;Kanatlý Hayvan;250;46214;46267
Ankara;Çankaya;KAZ;Kanatlý Hayvan;62;46267;0,7
Ankara;Çubuk;KAZ;Kanatlý Hayvan;875;41;46063
Ankara;Elmadað;KAZ;Kanatlý Hayvan;765;35,8;9
Ankara;Etimesgut;KAZ;Kanatlý Hayvan;120;46178;46113
Ankara;Evren;KAZ;Kanatlý Hayvan;37;46204;0,4
Ankara;Gölbaþý;KAZ;Kanatlý Hayvan;1353;63,3;46249
Ankara;Güdül;KAZ;Kanatlý Hayvan;210;46243;46144
Ankara;Haymana;KAZ;Kanatlý Hayvan;4750;222,3;55,6
Ankara;Kalecik;KAZ;Kanatlý Hayvan;0;0;0
Ankara;Kazan;KAZ;Kanatlý Hayvan;900;42,1;46152
Ankara;Keçiören;KAZ;Kanatlý Hayvan;230;46244;46205
Ankara;Kýzýlcahamam;KAZ;Kanatlý Hayvan;80;46206;0,9
Ankara;Mamak;KAZ;Kanatlý Hayvan;280;46035;46084
Ankara;Nallýhan;KAZ;Kanatlý Hayvan;142;46179;46204
Ankara;Polatlý;KAZ;Kanatlý Hayvan;300;14;46145
Ankara;Pursaklar;KAZ;Kanatlý Hayvan;320;15;46206
Ankara;Þ.Koçhisar;KAZ;Kanatlý Hayvan;3565;166,8;41,7
Ankara;Sincan;KAZ;Kanatlý Hayvan;350;46128;46026
Ankara;Yenimahalle;KAZ;Kanatlý Hayvan;350;46128;46026
Ankara;Akyurt;ÖRDEK;Kanatlý Hayvan;161;46149;46266
Ankara;Altýndað;ÖRDEK;Kanatlý Hayvan;50;46083;0,6
Ankara;Ayaþ;ÖRDEK;Kanatlý Hayvan;70;46084;0,8
Ankara;Bala;ÖRDEK;Kanatlý Hayvan;64;3;0,7
Ankara;Beypazarý;ÖRDEK;Kanatlý Hayvan;0;0;0
Ankara;Çamlýdere;ÖRDEK;Kanatlý Hayvan;80;46206;0,9
Ankara;Çankaya;ÖRDEK;Kanatlý Hayvan;25;46054;0,3
Ankara;Çubuk;ÖRDEK;Kanatlý Hayvan;225;46152;46175
Ankara;Elmadað;ÖRDEK;Kanatlý Hayvan;125;46270;46143
Ankara;Etimesgut;ÖRDEK;Kanatlý Hayvan;190;46273;46055
Ankara;Evren;ÖRDEK;Kanatlý Hayvan;16;0,7;0,2
Ankara;Gölbaþý;ÖRDEK;Kanatlý Hayvan;310;46156;46176
Ankara;Güdül;ÖRDEK;Kanatlý Hayvan;340;46280;4
Ankara;Haymana;ÖRDEK;Kanatlý Hayvan;1050;49,1;46093
Ankara;Kalecik;ÖRDEK;Kanatlý Hayvan;0;0;0
Ankara;Kazan;ÖRDEK;Kanatlý Hayvan;16410;768;192
Ankara;Keçiören;ÖRDEK;Kanatlý Hayvan;65;3;0,8
Ankara;Kýzýlcahamam;ÖRDEK;Kanatlý Hayvan;50;46083;0,6
Ankara;Mamak;ÖRDEK;Kanatlý Hayvan;260;46065;3
Ankara;Nallýhan;ÖRDEK;Kanatlý Hayvan;2550;119,3;46263
Ankara;Polatlý;ÖRDEK;Kanatlý Hayvan;150;7;46235
Ankara;Pursaklar;ÖRDEK;Kanatlý Hayvan;80;46206;0,9
Ankara;Þ.Koçhisar;ÖRDEK;Kanatlý Hayvan;515;46046;6
Ankara;Sincan;ÖRDEK;Kanatlý Hayvan;160;46149;46266
Ankara;Yenimahalle;ÖRDEK;Kanatlý Hayvan;85;4;1
Ankara;Akyurt;YUMURTA TAVUÐU;Kanatlý Hayvan;5652;309,4;77,4
Ankara;Altýndað;YUMURTA TAVUÐU;Kanatlý Hayvan;950;52;13
Ankara;Ayaþ;YUMURTA TAVUÐU;Kanatlý Hayvan;130000;7117,5;1779,7
Ankara;Bala;YUMURTA TAVUÐU;Kanatlý Hayvan;326777;17891;4473,6
Ankara;Beypazarý;YUMURTA TAVUÐU;Kanatlý Hayvan;396000;21681;5421,2
Ankara;Çamlýdere;YUMURTA TAVUÐU;Kanatlý Hayvan;1650;90,3;46195
Ankara;Çankaya;YUMURTA TAVUÐU;Kanatlý Hayvan;3820;209,1;52,3
Ankara;Çubuk;YUMURTA TAVUÐU;Kanatlý Hayvan;1850000;101287,5;25326,4
Ankara;Elmadað;YUMURTA TAVUÐU;Kanatlý Hayvan;217235;11893,6;2973,9
Ankara;Etimesgut;YUMURTA TAVUÐU;Kanatlý Hayvan;2350;128,7;32,2
Ankara;Evren;YUMURTA TAVUÐU;Kanatlý Hayvan;1882;103;46259
Ankara;Gölbaþý;YUMURTA TAVUÐU;Kanatlý Hayvan;108975;5966,4;1491,9
Ankara;Güdül;YUMURTA TAVUÐU;Kanatlý Hayvan;345;46283;46207
Ankara;Haymana;YUMURTA TAVUÐU;Kanatlý Hayvan;113000;6186,8;1547
Ankara;Kalecik;YUMURTA TAVUÐU;Kanatlý Hayvan;1558000;85300,5;21329
Ankara;Kazan;YUMURTA TAVUÐU;Kanatlý Hayvan;593100;32472,2;8119,5
Ankara;Keçiören;YUMURTA TAVUÐU;Kanatlý Hayvan;2040;111,7;46292
Ankara;Kýzýlcahamam;YUMURTA TAVUÐU;Kanatlý Hayvan;103250;5652,9;1413,5
Ankara;Mamak;YUMURTA TAVUÐU;Kanatlý Hayvan;7000;383,3;95,8
Ankara;Nallýhan;YUMURTA TAVUÐU;Kanatlý Hayvan;20500;1122,4;280,6
Ankara;Polatlý;YUMURTA TAVUÐU;Kanatlý Hayvan;200000;10950;2738
Ankara;Pursaklar;YUMURTA TAVUÐU;Kanatlý Hayvan;3050;167;41,8
Ankara;Þ.Koçhisar;YUMURTA TAVUÐU;Kanatlý Hayvan;5595;306,3;76,6
Ankara;Sincan;YUMURTA TAVUÐU;Kanatlý Hayvan;197700;10824,1;2706,5
Ankara;Yenimahalle;YUMURTA TAVUÐU;Kanatlý Hayvan;1100;60,2;46037
Antalya;Akseki;AT;Büyükbaþ Hayvan;65;355,9;46266
Antalya;Aksu;AT;Büyükbaþ Hayvan;15;82,1;0,4
Antalya;Alanya;AT;Büyükbaþ Hayvan;168;919,8;46269
Antalya;Demre;AT;Büyükbaþ Hayvan;17;93,1;0,5
Antalya;Döþemealtý;AT;Büyükbaþ Hayvan;25;136,9;0,7
Antalya;Elmalý;AT;Büyükbaþ Hayvan;46;251,9;46082
Antalya;Finike;AT;Büyükbaþ Hayvan;6;32,9;0,2
Antalya;Gazipaþa;AT;Büyükbaþ Hayvan;76;416,1;46055
Antalya;Gündoðmuþ;AT;Büyükbaþ Hayvan;51;279,2;46143
Antalya;Ýbradý;AT;Büyükbaþ Hayvan;21;115;0,6
Antalya;Kaþ;AT;Büyükbaþ Hayvan;180;985,5;46086
Antalya;Kemer;AT;Büyükbaþ Hayvan;68;372,3;2
Antalya;Kepez;AT;Büyükbaþ Hayvan;26;142,4;0,8
Antalya;Konyaaltý;AT;Büyükbaþ Hayvan;48;262,8;46113
Antalya;Korkuteli;AT;Büyükbaþ Hayvan;58;317,6;46204
Antalya;Kumluca;AT;Büyükbaþ Hayvan;17;93,1;0,5
Antalya;Manavgat;AT;Büyükbaþ Hayvan;195;1067,6;46208
Antalya;Muratpaþa;AT;Büyükbaþ Hayvan;30;164,3;0,9
Antalya;Serik;AT;Büyükbaþ Hayvan;73;399,7;46024
Antalya;Alanya;DEVE;Büyükbaþ Hayvan;54;551,9;46116
Antalya;Demre;DEVE;Büyükbaþ Hayvan;34;347,5;46236
Antalya;Kemer;DEVE;Büyükbaþ Hayvan;26;265,7;46024
Antalya;Kepez;DEVE;Büyükbaþ Hayvan;15;153,3;46054
Antalya;Kumluca;DEVE;Büyükbaþ Hayvan;22;224,8;46235
Antalya;Manavgat;DEVE;Büyükbaþ Hayvan;9;92;0,7
Antalya;Manavgat;DOMUZ;Diðer;861;628,5;5
Antalya;Akseki;EÞEK;Büyükbaþ Hayvan;45;123,2;0,4
Antalya;Aksu;EÞEK;Büyükbaþ Hayvan;6;46128;0,1
Antalya;Alanya;EÞEK;Büyükbaþ Hayvan;128;350,4;46023
Antalya;Demre;EÞEK;Büyükbaþ Hayvan;21;57,5;0,2
Antalya;Döþemealtý;EÞEK;Büyükbaþ Hayvan;3;46061;0
Antalya;Elmalý;EÞEK;Büyükbaþ Hayvan;197;539,3;46204
Antalya;Finike;EÞEK;Büyükbaþ Hayvan;67;183,4;0,6
Antalya;Gazipaþa;EÞEK;Büyükbaþ Hayvan;101;276,5;0,9
Antalya;Gündoðmuþ;EÞEK;Büyükbaþ Hayvan;259;709;46083
Antalya;Ýbradý;EÞEK;Büyükbaþ Hayvan;35;95,8;0,3
Antalya;Kaþ;EÞEK;Büyükbaþ Hayvan;68;186,2;0,6
Antalya;Kemer;EÞEK;Büyükbaþ Hayvan;10;46139;0,1
Antalya;Kepez;EÞEK;Büyükbaþ Hayvan;74;202,6;0,7
Antalya;Konyaaltý;EÞEK;Büyükbaþ Hayvan;22;60,2;0,2
Antalya;Korkuteli;EÞEK;Büyükbaþ Hayvan;123;336,7;46023
Antalya;Kumluca;EÞEK;Büyükbaþ Hayvan;5;46216;0
Antalya;Manavgat;EÞEK;Büyükbaþ Hayvan;182;498,2;46174
Antalya;Serik;EÞEK;Büyükbaþ Hayvan;54;147,8;0,5
Antalya;Akseki;KATIR;Büyükbaþ Hayvan;77;337,3;46113
Antalya;Alanya;KATIR;Büyükbaþ Hayvan;289;1265,8;46117
Antalya;Demre;KATIR;Büyükbaþ Hayvan;30;131,4;0,6
Antalya;Döþemealtý;KATIR;Büyükbaþ Hayvan;3;46035;0,1
Antalya;Elmalý;KATIR;Büyükbaþ Hayvan;31;135,8;0,6
Antalya;Finike;KATIR;Büyükbaþ Hayvan;75;328,5;46113
Antalya;Gazipaþa;KATIR;Büyükbaþ Hayvan;138;604,4;46175
Antalya;Gündoðmuþ;KATIR;Büyükbaþ Hayvan;247;1081,9;46177
Antalya;Ýbradý;KATIR;Büyükbaþ Hayvan;29;127;0,5
Antalya;Kaþ;KATIR;Büyükbaþ Hayvan;38;166,4;0,7
Antalya;Konyaaltý;KATIR;Büyükbaþ Hayvan;15;65,7;0,3
Antalya;Korkuteli;KATIR;Büyükbaþ Hayvan;24;105,1;0,5
Antalya;Kumluca;KATIR;Büyükbaþ Hayvan;23;100,7;0,4
Antalya;Manavgat;KATIR;Büyükbaþ Hayvan;57;249,7;46023
Antalya;Serik;KATIR;Büyükbaþ Hayvan;92;403;46204
Antalya;Elmalý;MANDA;Büyükbaþ Hayvan;3;46286;0,2
Antalya;Konyaaltý;MANDA;Büyükbaþ Hayvan;2;46187;0,1
Antalya;Manavgat;MANDA;Büyükbaþ Hayvan;249;1817,7;46186
Antalya;Akseki;SIÐIR (KÜLTÜR);Büyükbaþ Hayvan;516;4708,5;37,8
Antalya;Aksu;SIÐIR (KÜLTÜR);Büyükbaþ Hayvan;5652;51574,5;414,2
Antalya;Alanya;SIÐIR (KÜLTÜR);Büyükbaþ Hayvan;3757;34282,6;275,3
Antalya;Demre;SIÐIR (KÜLTÜR);Büyükbaþ Hayvan;244;2226,5;46282
Antalya;Döþemealtý;SIÐIR (KÜLTÜR);Büyükbaþ Hayvan;26600;242725;1949,1
Antalya;Elmalý;SIÐIR (KÜLTÜR);Büyükbaþ Hayvan;14803;135077,4;1084,7
Antalya;Finike;SIÐIR (KÜLTÜR);Büyükbaþ Hayvan;275;2509,4;46073
Antalya;Gazipaþa;SIÐIR (KÜLTÜR);Büyükbaþ Hayvan;1885;17200,6;138,1
Antalya;Ýbradý;SIÐIR (KÜLTÜR);Büyükbaþ Hayvan;957;8732,6;70,1
Antalya;Kaþ;SIÐIR (KÜLTÜR);Büyükbaþ Hayvan;4880;44530;357,6
Antalya;Kemer;SIÐIR (KÜLTÜR);Büyükbaþ Hayvan;344;3139;46078
Antalya;Kepez;SIÐIR (KÜLTÜR);Büyükbaþ Hayvan;6138;56009,3;449,8
Antalya;Konyaaltý;SIÐIR (KÜLTÜR);Büyükbaþ Hayvan;1243;11342,4;91,1
Antalya;Korkuteli;SIÐIR (KÜLTÜR);Büyükbaþ Hayvan;16882;154048,3;1237
Antalya;Kumluca;SIÐIR (KÜLTÜR);Büyükbaþ Hayvan;373;3403,6;46108
Antalya;Manavgat;SIÐIR (KÜLTÜR);Büyükbaþ Hayvan;13450;122731,3;985,6
Antalya;Muratpaþa;SIÐIR (KÜLTÜR);Büyükbaþ Hayvan;688;6278;50,4
Antalya;Serik;SIÐIR (KÜLTÜR);Büyükbaþ Hayvan;5364;48946,5;393,1
Antalya;Akseki;SIÐIR (MELEZ);Büyükbaþ Hayvan;737;4842,1;46053
Antalya;Aksu;SIÐIR (MELEZ);Büyükbaþ Hayvan;1648;10827,4;69,6
Antalya;Alanya;SIÐIR (MELEZ);Büyükbaþ Hayvan;11644;76501,1;491,5
Antalya;Demre;SIÐIR (MELEZ);Büyükbaþ Hayvan;450;2956,5;19
Antalya;Elmalý;SIÐIR (MELEZ);Büyükbaþ Hayvan;3734;24532,4;157,6
Antalya;Finike;SIÐIR (MELEZ);Büyükbaþ Hayvan;545;3580,7;23
Antalya;Gazipaþa;SIÐIR (MELEZ);Büyükbaþ Hayvan;6290;41325,3;265,5
Antalya;Gündoðmuþ;SIÐIR (MELEZ);Büyükbaþ Hayvan;1272;8357;53,7
Antalya;Ýbradý;SIÐIR (MELEZ);Büyükbaþ Hayvan;1510;9920,7;63,7
Antalya;Kaþ;SIÐIR (MELEZ);Büyükbaþ Hayvan;880;5781,6;37,1
Antalya;Kemer;SIÐIR (MELEZ);Büyükbaþ Hayvan;454;2982,8;46072
Antalya;Kepez;SIÐIR (MELEZ);Büyükbaþ Hayvan;2783;18284,3;117,5
Antalya;Konyaaltý;SIÐIR (MELEZ);Büyükbaþ Hayvan;1161;7627,8;49
Antalya;Korkuteli;SIÐIR (MELEZ);Büyükbaþ Hayvan;11502;75568,1;485,5
Antalya;Kumluca;SIÐIR (MELEZ);Büyükbaþ Hayvan;1587;10426,6;67
Antalya;Manavgat;SIÐIR (MELEZ);Büyükbaþ Hayvan;12600;82782;531,8
Antalya;Muratpaþa;SIÐIR (MELEZ);Büyükbaþ Hayvan;298;1957,9;46185
Antalya;Serik;SIÐIR (MELEZ);Büyükbaþ Hayvan;10206;67053,4;430,8
Antalya;Akseki;SIÐIR (YERLÝ);Büyükbaþ Hayvan;355;1943,6;46122
Antalya;Aksu;SIÐIR (YERLÝ);Büyükbaþ Hayvan;30;164,3;0,9
Antalya;Alanya;SIÐIR (YERLÝ);Büyükbaþ Hayvan;1367;7484,3;40,1
Antalya;Demre;SIÐIR (YERLÝ);Büyükbaþ Hayvan;57;312,1;46204
Antalya;Elmalý;SIÐIR (YERLÝ);Büyükbaþ Hayvan;637;3487,6;46221
Antalya;Finike;SIÐIR (YERLÝ);Büyükbaþ Hayvan;117;640,6;46115
Antalya;Gazipaþa;SIÐIR (YERLÝ);Büyükbaþ Hayvan;534;2923,7;46218
Antalya;Gündoðmuþ;SIÐIR (YERLÝ);Büyükbaþ Hayvan;492;2693,7;46126
Antalya;Ýbradý;SIÐIR (YERLÝ);Büyükbaþ Hayvan;1409;7714,3;41,3
Antalya;Kaþ;SIÐIR (YERLÝ);Büyükbaþ Hayvan;390;2135,3;46123
Antalya;Kemer;SIÐIR (YERLÝ);Büyükbaþ Hayvan;120;657;46145
Antalya;Kepez;SIÐIR (YERLÝ);Büyükbaþ Hayvan;356;1949,1;46122
Antalya;Konyaaltý;SIÐIR (YERLÝ);Büyükbaþ Hayvan;222;1215,5;46148
Antalya;Korkuteli;SIÐIR (YERLÝ);Büyükbaþ Hayvan;3159;17295,5;92,6
Antalya;Kumluca;SIÐIR (YERLÝ);Büyükbaþ Hayvan;23;125,9;0,7
Antalya;Manavgat;SIÐIR (YERLÝ);Büyükbaþ Hayvan;2785;15247,9;81,6
Antalya;Serik;SIÐIR (YERLÝ);Büyükbaþ Hayvan;174;952,7;46027
Antalya;Akseki;KEÇÝ (KIL);Küçükbaþ Hayvan;37362;27274,3;43,8
Antalya;Aksu;KEÇÝ (KIL);Küçükbaþ Hayvan;5530;4036,9;46148
Antalya;Alanya;KEÇÝ (KIL);Küçükbaþ Hayvan;36218;26439,1;42,5
Antalya;Demre;KEÇÝ (KIL);Küçükbaþ Hayvan;26044;19012,1;46172
Antalya;Döþemealtý;KEÇÝ (KIL);Küçükbaþ Hayvan;39264;28662,7;46
Antalya;Elmalý;KEÇÝ (KIL);Küçükbaþ Hayvan;111050;81066,5;130,2
Antalya;Finike;KEÇÝ (KIL);Küçükbaþ Hayvan;27000;19710;46234
Antalya;Gazipaþa;KEÇÝ (KIL);Küçükbaþ Hayvan;40150;29309,5;47,1
Antalya;Gündoðmuþ;KEÇÝ (KIL);Küçükbaþ Hayvan;28385;20721,1;33,3
Antalya;Ýbradý;KEÇÝ (KIL);Küçükbaþ Hayvan;15063;10996;46220
Antalya;Kaþ;KEÇÝ (KIL);Küçükbaþ Hayvan;60620;44252,6;71,1
Antalya;Kemer;KEÇÝ (KIL);Küçükbaþ Hayvan;5552;4053;46148
Antalya;Kepez;KEÇÝ (KIL);Küçükbaþ Hayvan;16067;11728,9;46252
Antalya;Konyaaltý;KEÇÝ (KIL);Küçükbaþ Hayvan;14696;10728,1;46070
Antalya;Korkuteli;KEÇÝ (KIL);Küçükbaþ Hayvan;102980;75175,4;120,7
Antalya;Kumluca;KEÇÝ (KIL);Küçükbaþ Hayvan;19834;14478,8;46104
Antalya;Manavgat;KEÇÝ (KIL);Küçükbaþ Hayvan;144800;105704;169,8
Antalya;Muratpaþa;KEÇÝ (KIL);Küçükbaþ Hayvan;1941;1416,9;46083
Antalya;Serik;KEÇÝ (KIL);Küçükbaþ Hayvan;19185;14005,1;46164
Antalya;Akseki;KOYUN (MERÝNOS);Küçükbaþ Hayvan;587;642,8;46143
Antalya;Aksu;KOYUN (MERÝNOS);Küçükbaþ Hayvan;783;857,4;46024
Antalya;Alanya;KOYUN (MERÝNOS);Küçükbaþ Hayvan;1190;1303,1;46025
Antalya;Elmalý;KOYUN (MERÝNOS);Küçükbaþ Hayvan;19568;21427;51,6
Antalya;Gündoðmuþ;KOYUN (MERÝNOS);Küçükbaþ Hayvan;675;739,1;46235
Antalya;Kaþ;KOYUN (MERÝNOS);Küçükbaþ Hayvan;6800;7446;46282
Antalya;Kemer;KOYUN (MERÝNOS);Küçükbaþ Hayvan;555;607,7;46143
Antalya;Kepez;KOYUN (MERÝNOS);Küçükbaþ Hayvan;6356;6959,8;46250
Antalya;Konyaaltý;KOYUN (MERÝNOS);Küçükbaþ Hayvan;2875;3148,1;46180
Antalya;Korkuteli;KOYUN (MERÝNOS);Küçükbaþ Hayvan;2929;3207,3;46210
Antalya;Kumluca;KOYUN (MERÝNOS);Küçükbaþ Hayvan;726;795;46266
Antalya;Manavgat;KOYUN (MERÝNOS);Küçükbaþ Hayvan;5650;6186,8;46279
Antalya;Muratpaþa;KOYUN (MERÝNOS);Küçükbaþ Hayvan;3456;3784,3;46031
Antalya;Serik;KOYUN (MERÝNOS);Küçükbaþ Hayvan;994;1088,4;46175
Antalya;Akseki;KOYUN (YERLÝ);Küçükbaþ Hayvan;1971;2158,2;46058
Antalya;Aksu;KOYUN (YERLÝ);Küçükbaþ Hayvan;17518;19182,2;46,2
Antalya;Alanya;KOYUN (YERLÝ);Küçükbaþ Hayvan;21136;23143,9;55,8
Antalya;Demre;KOYUN (YERLÝ);Küçükbaþ Hayvan;3132;3429,5;46089
Antalya;Döþemealtý;KOYUN (YERLÝ);Küçükbaþ Hayvan;20920;22907,4;55,2
Antalya;Elmalý;KOYUN (YERLÝ);Küçükbaþ Hayvan;63890;69959,6;168,5
Antalya;Finike;KOYUN (YERLÝ);Küçükbaþ Hayvan;3000;3285;46272
Antalya;Gazipaþa;KOYUN (YERLÝ);Küçükbaþ Hayvan;12350;13523,3;32,6
Antalya;Gündoðmuþ;KOYUN (YERLÝ);Küçükbaþ Hayvan;5810;6362;46096
Antalya;Ýbradý;KOYUN (YERLÝ);Küçükbaþ Hayvan;4274;4680;46092
Antalya;Kaþ;KOYUN (YERLÝ);Küçükbaþ Hayvan;21400;23433;56,5
Antalya;Kemer;KOYUN (YERLÝ);Küçükbaþ Hayvan;1540;1686,3;46026
Antalya;Kepez;KOYUN (YERLÝ);Küçükbaþ Hayvan;9905;10846;46048
Antalya;Konyaaltý;KOYUN (YERLÝ);Küçükbaþ Hayvan;4936;5404,9;13
Antalya;Korkuteli;KOYUN (YERLÝ);Küçükbaþ Hayvan;82390;90217,1;217,3
Antalya;Kumluca;KOYUN (YERLÝ);Küçükbaþ Hayvan;4509;4937,4;46276
Antalya;Manavgat;KOYUN (YERLÝ);Küçükbaþ Hayvan;105100;115084,5;277,2
Antalya;Serik;KOYUN (YERLÝ);Küçükbaþ Hayvan;56985;62398,6;150,3
Antalya;Akseki;ET TAVUÐU;Kanatlý Hayvan;0;0;0
Antalya;Aksu;ET TAVUÐU;Kanatlý Hayvan;0;0;0
Antalya;Alanya;ET TAVUÐU;Kanatlý Hayvan;0;0;0
Antalya;Demre;ET TAVUÐU;Kanatlý Hayvan;0;0;0
Antalya;Döþemealtý;ET TAVUÐU;Kanatlý Hayvan;0;0;0
Antalya;Elmalý;ET TAVUÐU;Kanatlý Hayvan;0;0;0
Antalya;Finike;ET TAVUÐU;Kanatlý Hayvan;0;0;0
Antalya;Gazipaþa;ET TAVUÐU;Kanatlý Hayvan;0;0;0
Antalya;Gündoðmuþ;ET TAVUÐU;Kanatlý Hayvan;0;0;0
Antalya;Ýbradý;ET TAVUÐU;Kanatlý Hayvan;0;0;0
Antalya;Kaþ;ET TAVUÐU;Kanatlý Hayvan;0;0;0
Antalya;Kemer;ET TAVUÐU;Kanatlý Hayvan;0;0;0
Antalya;Kepez;ET TAVUÐU;Kanatlý Hayvan;0;0;0
Antalya;Konyaaltý;ET TAVUÐU;Kanatlý Hayvan;0;0;0
Antalya;Korkuteli;ET TAVUÐU;Kanatlý Hayvan;0;0;0
Antalya;Kumluca;ET TAVUÐU;Kanatlý Hayvan;0;0;0
Antalya;Manavgat;ET TAVUÐU;Kanatlý Hayvan;0;0;0
Antalya;Muratpaþa;ET TAVUÐU;Kanatlý Hayvan;0;0;0
Antalya;Serik;ET TAVUÐU;Kanatlý Hayvan;0;0;0
Antalya;Akseki;HÝNDÝ;Kanatlý Hayvan;137;46027;46082
Antalya;Aksu;HÝNDÝ;Kanatlý Hayvan;294;11;46236
Antalya;Alanya;HÝNDÝ;Kanatlý Hayvan;175;46179;46174
Antalya;Demre;HÝNDÝ;Kanatlý Hayvan;15;0,6;0,1
Antalya;Döþemealtý;HÝNDÝ;Kanatlý Hayvan;850;31,9;8
Antalya;Elmalý;HÝNDÝ;Kanatlý Hayvan;13100;491,3;122,8
Antalya;Finike;HÝNDÝ;Kanatlý Hayvan;700;46107;46179
Antalya;Gazipaþa;HÝNDÝ;Kanatlý Hayvan;310;46184;46267
Antalya;Gündoðmuþ;HÝNDÝ;Kanatlý Hayvan;0;0;0
Antalya;Ýbradý;HÝNDÝ;Kanatlý Hayvan;0;0;0
Antalya;Kaþ;HÝNDÝ;Kanatlý Hayvan;450;46281;46057
Antalya;Kemer;HÝNDÝ;Kanatlý Hayvan;300;46092;46236
Antalya;Kepez;HÝNDÝ;Kanatlý Hayvan;320;12;3
Antalya;Konyaaltý;HÝNDÝ;Kanatlý Hayvan;195;46088;46235
Antalya;Korkuteli;HÝNDÝ;Kanatlý Hayvan;7520;282;70,5
Antalya;Kumluca;HÝNDÝ;Kanatlý Hayvan;499;46221;46207
Antalya;Manavgat;HÝNDÝ;Kanatlý Hayvan;270;46032;46144
Antalya;Muratpaþa;HÝNDÝ;Kanatlý Hayvan;75;46236;0,7
Antalya;Serik;HÝNDÝ;Kanatlý Hayvan;2154;80,8;46073
Antalya;Akseki;KAZ;Kanatlý Hayvan;45;46024;0,5
Antalya;Aksu;KAZ;Kanatlý Hayvan;98;46177;46023
Antalya;Alanya;KAZ;Kanatlý Hayvan;102;46238;46054
Antalya;Demre;KAZ;Kanatlý Hayvan;0;0;0
Antalya;Döþemealtý;KAZ;Kanatlý Hayvan;3800;177,8;44,5
Antalya;Elmalý;KAZ;Kanatlý Hayvan;185;46211;46055
Antalya;Finike;KAZ;Kanatlý Hayvan;200;46121;46083
Antalya;Gazipaþa;KAZ;Kanatlý Hayvan;260;46065;3
Antalya;Gündoðmuþ;KAZ;Kanatlý Hayvan;0;0;0
Antalya;Ýbradý;KAZ;Kanatlý Hayvan;0;0;0
Antalya;Kaþ;KAZ;Kanatlý Hayvan;100;46207;46054
Antalya;Kemer;KAZ;Kanatlý Hayvan;200;46121;46083
Antalya;Kepez;KAZ;Kanatlý Hayvan;160;46149;46266
Antalya;Konyaaltý;KAZ;Kanatlý Hayvan;270;46185;46056
Antalya;Korkuteli;KAZ;Kanatlý Hayvan;3200;149,8;37,4
Antalya;Kumluca;KAZ;Kanatlý Hayvan;75;46145;0,9
Antalya;Manavgat;KAZ;Kanatlý Hayvan;250;46214;46267
Antalya;Muratpaþa;KAZ;Kanatlý Hayvan;150;7;46235
Antalya;Serik;KAZ;Kanatlý Hayvan;457;46133;46086
Antalya;Akseki;ÖRDEK;Kanatlý Hayvan;9;0,4;0,1
Antalya;Aksu;ÖRDEK;Kanatlý Hayvan;189;46242;46055
Antalya;Alanya;ÖRDEK;Kanatlý Hayvan;130;46028;46143
Antalya;Demre;ÖRDEK;Kanatlý Hayvan;0;0;0
Antalya;Döþemealtý;ÖRDEK;Kanatlý Hayvan;450;46043;46086
Antalya;Elmalý;ÖRDEK;Kanatlý Hayvan;120;46178;46113
Antalya;Finike;ÖRDEK;Kanatlý Hayvan;300;14;46145
Antalya;Gazipaþa;ÖRDEK;Kanatlý Hayvan;295;46247;46145
Antalya;Gündoðmuþ;ÖRDEK;Kanatlý Hayvan;0;0;0
Antalya;Ýbradý;ÖRDEK;Kanatlý Hayvan;0;0;0
Antalya;Kaþ;ÖRDEK;Kanatlý Hayvan;175;46061;2
Antalya;Kemer;ÖRDEK;Kanatlý Hayvan;250;46214;46267
Antalya;Kepez;ÖRDEK;Kanatlý Hayvan;140;46179;46174
Antalya;Konyaaltý;ÖRDEK;Kanatlý Hayvan;220;46091;46175
Antalya;Korkuteli;ÖRDEK;Kanatlý Hayvan;100;46207;46054
Antalya;Kumluca;ÖRDEK;Kanatlý Hayvan;117;46147;46113
Antalya;Manavgat;ÖRDEK;Kanatlý Hayvan;190;46273;46055
Antalya;Muratpaþa;ÖRDEK;Kanatlý Hayvan;75;46145;0,9
Antalya;Serik;ÖRDEK;Kanatlý Hayvan;1407;65,8;46158
Antalya;Akseki;YUMURTA TAVUÐU;Kanatlý Hayvan;4560;249,7;62,4
Antalya;Aksu;YUMURTA TAVUÐU;Kanatlý Hayvan;18750;1026,6;256,7
Antalya;Alanya;YUMURTA TAVUÐU;Kanatlý Hayvan;30150;1650,7;412,8
Antalya;Demre;YUMURTA TAVUÐU;Kanatlý Hayvan;9836;538,5;134,7
Antalya;Döþemealtý;YUMURTA TAVUÐU;Kanatlý Hayvan;39650;2170,8;542,8
Antalya;Elmalý;YUMURTA TAVUÐU;Kanatlý Hayvan;18500;1012,9;253,3
Antalya;Finike;YUMURTA TAVUÐU;Kanatlý Hayvan;11660;638,4;159,6
Antalya;Gazipaþa;YUMURTA TAVUÐU;Kanatlý Hayvan;52500;2874,4;718,7
Antalya;Gündoðmuþ;YUMURTA TAVUÐU;Kanatlý Hayvan;5550;303,9;76
Antalya;Ýbradý;YUMURTA TAVUÐU;Kanatlý Hayvan;723;39,6;46274
Antalya;Kaþ;YUMURTA TAVUÐU;Kanatlý Hayvan;34000;1861,5;465,5
Antalya;Kemer;YUMURTA TAVUÐU;Kanatlý Hayvan;21000;1149,8;287,5
Antalya;Kepez;YUMURTA TAVUÐU;Kanatlý Hayvan;9200;503,7;125,9
Antalya;Konyaaltý;YUMURTA TAVUÐU;Kanatlý Hayvan;14000;766,5;191,7
Antalya;Korkuteli;YUMURTA TAVUÐU;Kanatlý Hayvan;98500;5392,9;1348,5
Antalya;Kumluca;YUMURTA TAVUÐU;Kanatlý Hayvan;9750;533,8;133,5
Antalya;Manavgat;YUMURTA TAVUÐU;Kanatlý Hayvan;45000;2463,8;616
Antalya;Muratpaþa;YUMURTA TAVUÐU;Kanatlý Hayvan;850;46,5;46184
Antalya;Serik;YUMURTA TAVUÐU;Kanatlý Hayvan;65320;3576,3;894,2
Artvin;Ardanuç;AT;Büyükbaþ Hayvan;153;837,7;46146
Artvin;Borçka;AT;Büyükbaþ Hayvan;6;32,9;0,2
Artvin;Hopa;AT;Büyükbaþ Hayvan;25;136,9;0,7
Artvin;Kemalpaþa;AT;Büyükbaþ Hayvan;7;38,3;0,2
Artvin;Merkez;AT;Büyükbaþ Hayvan;12;65,7;0,4
Artvin;Þavþat;AT;Büyükbaþ Hayvan;258;1412,6;46180
Artvin;Yusufeli;AT;Büyükbaþ Hayvan;89;487,3;46175
Artvin;Ardanuç;EÞEK;Büyükbaþ Hayvan;2;46147;0
Artvin;Borçka;EÞEK;Büyükbaþ Hayvan;12;32,9;0,1
Artvin;Hopa;EÞEK;Büyükbaþ Hayvan;3;46061;0
Artvin;Merkez;EÞEK;Büyükbaþ Hayvan;12;32,9;0,1
Artvin;Yusufeli;EÞEK;Büyükbaþ Hayvan;88;240,9;0,8
Artvin;Ardanuç;KATIR;Büyükbaþ Hayvan;2;46242;0
Artvin;Borçka;KATIR;Büyükbaþ Hayvan;10;43,8;0,2
Artvin;Hopa;KATIR;Büyükbaþ Hayvan;8;35;0,2
Artvin;Kemalpaþa;KATIR;Büyükbaþ Hayvan;7;46233;0,1
Artvin;Merkez;KATIR;Büyükbaþ Hayvan;8;35;0,2
Artvin;Yusufeli;KATIR;Büyükbaþ Hayvan;67;293,5;46082
Artvin;Þavþat;MANDA;Büyükbaþ Hayvan;33;240,9;46235
Artvin;Ardanuç;SIÐIR (KÜLTÜR);Büyükbaþ Hayvan;4468;40770,5;327,4
Artvin;Arhavi;SIÐIR (KÜLTÜR);Büyükbaþ Hayvan;599;5465,9;43,9
Artvin;Borçka;SIÐIR (KÜLTÜR);Büyükbaþ Hayvan;519;4735,9;38
Artvin;Merkez;SIÐIR (KÜLTÜR);Büyükbaþ Hayvan;990;9033,8;72,5
Artvin;Murgul;SIÐIR (KÜLTÜR);Büyükbaþ Hayvan;98;894,3;46060
Artvin;Þavþat;SIÐIR (KÜLTÜR);Büyükbaþ Hayvan;9918;90501,8;726,8
Artvin;Yusufeli;SIÐIR (KÜLTÜR);Büyükbaþ Hayvan;880;8030;64,5
Artvin;Ardanuç;SIÐIR (MELEZ);Büyükbaþ Hayvan;4891;32133,9;206,4
Artvin;Arhavi;SIÐIR (MELEZ);Büyükbaþ Hayvan;603;3961,7;46167
Artvin;Borçka;SIÐIR (MELEZ);Büyükbaþ Hayvan;5281;34696,2;222,9
Artvin;Hopa;SIÐIR (MELEZ);Büyükbaþ Hayvan;1003;6589,7;42,3
Artvin;Kemalpaþa;SIÐIR (MELEZ);Büyükbaþ Hayvan;869;5709,3;36,7
Artvin;Merkez;SIÐIR (MELEZ);Büyükbaþ Hayvan;2720;17870,4;114,8
Artvin;Murgul;SIÐIR (MELEZ);Büyükbaþ Hayvan;1559;10242,6;65,8
Artvin;Þavþat;SIÐIR (MELEZ);Büyükbaþ Hayvan;8660;56896,2;365,5
Artvin;Yusufeli;SIÐIR (MELEZ);Büyükbaþ Hayvan;12076;79339,3;509,7
Artvin;Ardanuç;SIÐIR (YERLÝ);Büyükbaþ Hayvan;124;678,9;46176
Artvin;Arhavi;SIÐIR (YERLÝ);Büyükbaþ Hayvan;711;3892,7;46254
Artvin;Borçka;SIÐIR (YERLÝ);Büyükbaþ Hayvan;1473;8064,7;43,2
Artvin;Hopa;SIÐIR (YERLÝ);Büyükbaþ Hayvan;112;613,2;46084
Artvin;Merkez;SIÐIR (YERLÝ);Büyükbaþ Hayvan;1640;8979;48,1
Artvin;Murgul;SIÐIR (YERLÝ);Büyükbaþ Hayvan;129;706,3;46237
Artvin;Þavþat;SIÐIR (YERLÝ);Büyükbaþ Hayvan;653;3575,2;46041
Artvin;Yusufeli;SIÐIR (YERLÝ);Büyükbaþ Hayvan;1165;6378,4;34,1
Artvin;Ardanuç;KEÇÝ (KIL);Küçükbaþ Hayvan;2046;1493,6;46114
Artvin;Arhavi;KEÇÝ (KIL);Küçükbaþ Hayvan;2497;1822,8;46267
Artvin;Borçka;KEÇÝ (KIL);Küçükbaþ Hayvan;1454;1061,4;46204
Artvin;Hopa;KEÇÝ (KIL);Küçükbaþ Hayvan;1350;985,5;46174
Artvin;Kemalpaþa;KEÇÝ (KIL);Küçükbaþ Hayvan;1120;817,6;46082
Artvin;Merkez;KEÇÝ (KIL);Küçükbaþ Hayvan;988;721,2;46054
Artvin;Murgul;KEÇÝ (KIL);Küçükbaþ Hayvan;384;280,3;0,5
Artvin;Þavþat;KEÇÝ (KIL);Küçükbaþ Hayvan;706;515,4;0,8
Artvin;Yusufeli;KEÇÝ (KIL);Küçükbaþ Hayvan;6679;4875,7;46241
Artvin;Ardanuç;KOYUN (MERÝNOS);Küçükbaþ Hayvan;29;46265;0,1
Artvin;Merkez;KOYUN (MERÝNOS);Küçükbaþ Hayvan;500;547,5;46082
Artvin;Yusufeli;KOYUN (MERÝNOS);Küçükbaþ Hayvan;77;84,3;0,2
Artvin;Ardanuç;KOYUN (YERLÝ);Küçükbaþ Hayvan;43383;47504,4;114,4
Artvin;Borçka;KOYUN (YERLÝ);Küçükbaþ Hayvan;7272;7962,8;46072
Artvin;Hopa;KOYUN (YERLÝ);Küçükbaþ Hayvan;8780;9614,1;46076
Artvin;Kemalpaþa;KOYUN (YERLÝ);Küçükbaþ Hayvan;17930;19633,4;47,3
Artvin;Merkez;KOYUN (YERLÝ);Küçükbaþ Hayvan;12929;14157,3;34,1
Artvin;Murgul;KOYUN (YERLÝ);Küçükbaþ Hayvan;135;147,8;0,4
Artvin;Þavþat;KOYUN (YERLÝ);Küçükbaþ Hayvan;16320;17870,4;43,1
Artvin;Yusufeli;KOYUN (YERLÝ);Küçükbaþ Hayvan;5215;5710,4;46247
Artvin;Ardanuç;ET TAVUÐU;Kanatlý Hayvan;0;0;0
Artvin;Arhavi;ET TAVUÐU;Kanatlý Hayvan;0;0;0
Artvin;Borçka;ET TAVUÐU;Kanatlý Hayvan;0;0;0
Artvin;Hopa;ET TAVUÐU;Kanatlý Hayvan;0;0;0
Artvin;Kemalpaþa;ET TAVUÐU;Kanatlý Hayvan;0;0;0
Artvin;Merkez;ET TAVUÐU;Kanatlý Hayvan;0;0;0
Artvin;Murgul;ET TAVUÐU;Kanatlý Hayvan;0;0;0
Artvin;Þavþat;ET TAVUÐU;Kanatlý Hayvan;0;0;0
Artvin;Yusufeli;ET TAVUÐU;Kanatlý Hayvan;0;0;0
Artvin;Ardanuç;HÝNDÝ;Kanatlý Hayvan;13;0,5;0,1
Artvin;Arhavi;HÝNDÝ;Kanatlý Hayvan;0;0;0
Artvin;Borçka;HÝNDÝ;Kanatlý Hayvan;15;0,6;0,1
Artvin;Hopa;HÝNDÝ;Kanatlý Hayvan;0;0;0
Artvin;Kemalpaþa;HÝNDÝ;Kanatlý Hayvan;6;0,2;0,1
Artvin;Merkez;HÝNDÝ;Kanatlý Hayvan;0;0;0
Artvin;Murgul;HÝNDÝ;Kanatlý Hayvan;0;0;0
Artvin;Þavþat;HÝNDÝ;Kanatlý Hayvan;120;46146;46023
Artvin;Yusufeli;HÝNDÝ;Kanatlý Hayvan;0;0;0
Artvin;Ardanuç;KAZ;Kanatlý Hayvan;16;0,7;0,2
Artvin;Arhavi;KAZ;Kanatlý Hayvan;0;0;0
Artvin;Borçka;KAZ;Kanatlý Hayvan;33;46143;0,4
Artvin;Hopa;KAZ;Kanatlý Hayvan;5;0,2;0,1
Artvin;Kemalpaþa;KAZ;Kanatlý Hayvan;4;0,2;0
Artvin;Merkez;KAZ;Kanatlý Hayvan;0;0;0
Artvin;Murgul;KAZ;Kanatlý Hayvan;10;0,5;0,1
Artvin;Þavþat;KAZ;Kanatlý Hayvan;60;46236;0,7
Artvin;Yusufeli;KAZ;Kanatlý Hayvan;0;0;0
Artvin;Ardanuç;ÖRDEK;Kanatlý Hayvan;30;46113;0,4
Artvin;Arhavi;ÖRDEK;Kanatlý Hayvan;0;0;0
Artvin;Borçka;ÖRDEK;Kanatlý Hayvan;39;46235;0,5
Artvin;Hopa;ÖRDEK;Kanatlý Hayvan;18;0,8;0,2
Artvin;Kemalpaþa;ÖRDEK;Kanatlý Hayvan;0;0;0
Artvin;Merkez;ÖRDEK;Kanatlý Hayvan;50;46083;0,6
Artvin;Murgul;ÖRDEK;Kanatlý Hayvan;0;0;0
Artvin;Þavþat;ÖRDEK;Kanatlý Hayvan;40;46266;0,5
Artvin;Yusufeli;ÖRDEK;Kanatlý Hayvan;0;0;0
Artvin;Ardanuç;YUMURTA TAVUÐU;Kanatlý Hayvan;1600;87,6;46286
Artvin;Arhavi;YUMURTA TAVUÐU;Kanatlý Hayvan;4800;262,8;65,7
Artvin;Borçka;YUMURTA TAVUÐU;Kanatlý Hayvan;4970;272,1;68
Artvin;Hopa;YUMURTA TAVUÐU;Kanatlý Hayvan;1120;61,3;46096
Artvin;Kemalpaþa;YUMURTA TAVUÐU;Kanatlý Hayvan;800;43,8;11
Artvin;Merkez;YUMURTA TAVUÐU;Kanatlý Hayvan;2000;109,5;46139
Artvin;Murgul;YUMURTA TAVUÐU;Kanatlý Hayvan;2700;147,8;37
Artvin;Þavþat;YUMURTA TAVUÐU;Kanatlý Hayvan;3636;199,1;49,8
Artvin;Yusufeli;YUMURTA TAVUÐU;Kanatlý Hayvan;2850;156;39
Aydýn;Bozdoðan;AT;Büyükbaþ Hayvan;450;2463,8;46066
Aydýn;Buharkent;AT;Büyükbaþ Hayvan;40;219;46054
Aydýn;Çine;AT;Büyükbaþ Hayvan;210;1149,8;46059
Aydýn;Didim;AT;Büyükbaþ Hayvan;20;109,5;0,6
Aydýn;Efeler;AT;Büyükbaþ Hayvan;721;3947,5;46043
Aydýn;Germencik;AT;Büyükbaþ Hayvan;792;4336,2;46076
Aydýn;Ýncirliova;AT;Büyükbaþ Hayvan;300;1642,5;46242
Aydýn;Karacasu;AT;Büyükbaþ Hayvan;180;985,5;46086
Aydýn;Karpuzlu;AT;Büyükbaþ Hayvan;174;952,7;46027
Aydýn;Koçarlý;AT;Büyükbaþ Hayvan;110;602,3;46056
Aydýn;Köþk;AT;Büyükbaþ Hayvan;113;618,7;46084
Aydýn;Kuþadasý;AT;Büyükbaþ Hayvan;124;678,9;46176
Aydýn;Kuyucak;AT;Büyükbaþ Hayvan;221;1210;46148
Aydýn;Nazilli;AT;Büyükbaþ Hayvan;373;2042,2;46275
Aydýn;Söke;AT;Büyükbaþ Hayvan;113;618,7;46084
Aydýn;Sultanhisar;AT;Büyükbaþ Hayvan;58;317,6;46204
Aydýn;Yenipazar;AT;Büyükbaþ Hayvan;92;503,7;46205
Aydýn;Bozdoðan;DEVE;Büyükbaþ Hayvan;30;306,6;46144
Aydýn;Buharkent;DEVE;Büyükbaþ Hayvan;22;224,8;46235
Aydýn;Çine;DEVE;Büyükbaþ Hayvan;34;347,5;46236
Aydýn;Didim;DEVE;Büyükbaþ Hayvan;4;40,9;0,3
Aydýn;Efeler;DEVE;Büyükbaþ Hayvan;72;735,8;46270
Aydýn;Germencik;DEVE;Büyükbaþ Hayvan;143;1461,5;46214
Aydýn;Ýncirliova;DEVE;Büyükbaþ Hayvan;106;1083,3;46211
Aydýn;Koçarlý;DEVE;Büyükbaþ Hayvan;10;102,2;0,8
Aydýn;Köþk;DEVE;Büyükbaþ Hayvan;15;153,3;46054
Aydýn;Kuþadasý;DEVE;Büyükbaþ Hayvan;12;122,6;1
Aydýn;Kuyucak;DEVE;Büyükbaþ Hayvan;25;255,5;46024
Aydýn;Nazilli;DEVE;Büyükbaþ Hayvan;28;286,2;46083
Aydýn;Söke;DEVE;Büyükbaþ Hayvan;27;275,9;46055
Aydýn;Sultanhisar;DEVE;Büyükbaþ Hayvan;30;306,6;46144
Aydýn;Yenipazar;DEVE;Büyükbaþ Hayvan;17;173,7;46113
Aydýn;Efeler;DOMUZ;Diðer;7;46027;0
Aydýn;Bozdoðan;EÞEK;Büyükbaþ Hayvan;650;1779,4;46208
Aydýn;Buharkent;EÞEK;Büyükbaþ Hayvan;24;65,7;0,2
Aydýn;Çine;EÞEK;Büyükbaþ Hayvan;750;2053,1;46179
Aydýn;Didim;EÞEK;Büyükbaþ Hayvan;4;11;0
Aydýn;Efeler;EÞEK;Büyükbaþ Hayvan;820;2244,8;46060
Aydýn;Germencik;EÞEK;Büyükbaþ Hayvan;409;1119,6;46176
Aydýn;Ýncirliova;EÞEK;Büyükbaþ Hayvan;260;711,8;46083
Aydýn;Karacasu;EÞEK;Büyükbaþ Hayvan;150;410,6;46082
Aydýn;Karpuzlu;EÞEK;Büyükbaþ Hayvan;390;1067,6;46115
Aydýn;Koçarlý;EÞEK;Büyükbaþ Hayvan;140;383,3;46054
Aydýn;Köþk;EÞEK;Büyükbaþ Hayvan;246;673,4;46055
Aydýn;Kuþadasý;EÞEK;Büyükbaþ Hayvan;42;115;0,4
Aydýn;Kuyucak;EÞEK;Büyükbaþ Hayvan;245;670,7;46055
Aydýn;Nazilli;EÞEK;Büyükbaþ Hayvan;785;2148,9;46271
Aydýn;Söke;EÞEK;Büyükbaþ Hayvan;305;834,9;46205
Aydýn;Sultanhisar;EÞEK;Büyükbaþ Hayvan;21;57,5;0,2
Aydýn;Yenipazar;EÞEK;Büyükbaþ Hayvan;52;142,4;0,5
Aydýn;Bozdoðan;KATIR;Büyükbaþ Hayvan;35;153,3;0,7
Aydýn;Buharkent;KATIR;Büyükbaþ Hayvan;7;46233;0,1
Aydýn;Çine;KATIR;Büyükbaþ Hayvan;330;1445,4;46059
Aydýn;Efeler;KATIR;Büyükbaþ Hayvan;28;122,6;0,5
Aydýn;Germencik;KATIR;Büyükbaþ Hayvan;175;766,5;46084
Aydýn;Ýncirliova;KATIR;Büyükbaþ Hayvan;335;1467,3;46087
Aydýn;Karacasu;KATIR;Büyükbaþ Hayvan;14;61,3;0,3
Aydýn;Karpuzlu;KATIR;Büyükbaþ Hayvan;40;175,2;0,8
Aydýn;Koçarlý;KATIR;Büyükbaþ Hayvan;41;179,6;0,8
Aydýn;Köþk;KATIR;Büyükbaþ Hayvan;20;87,6;0,4
Aydýn;Kuþadasý;KATIR;Büyükbaþ Hayvan;9;39,4;0,2
Aydýn;Kuyucak;KATIR;Büyükbaþ Hayvan;23;100,7;0,4
Aydýn;Nazilli;KATIR;Büyükbaþ Hayvan;67;293,5;46082
Aydýn;Söke;KATIR;Büyükbaþ Hayvan;26;113,9;0,5
Aydýn;Yenipazar;KATIR;Büyükbaþ Hayvan;4;46159;0,1
Aydýn;Bozdoðan;MANDA;Büyükbaþ Hayvan;134;978,2;46088
Aydýn;Efeler;MANDA;Büyükbaþ Hayvan;18;131,4;1
Aydýn;Germencik;MANDA;Büyükbaþ Hayvan;17;124,1;0,9
Aydýn;Ýncirliova;MANDA;Büyükbaþ Hayvan;16;116,8;0,9
Aydýn;Koçarlý;MANDA;Büyükbaþ Hayvan;3;46286;0,2
Aydýn;Kuþadasý;MANDA;Büyükbaþ Hayvan;3;46286;0,2
Aydýn;Kuyucak;MANDA;Büyükbaþ Hayvan;142;1036,6;46241
Aydýn;Nazilli;MANDA;Büyükbaþ Hayvan;28;204,4;46143
Aydýn;Söke;MANDA;Büyükbaþ Hayvan;44;321,2;46114
Aydýn;Bozdoðan;SIÐIR (KÜLTÜR);Büyükbaþ Hayvan;29980;273567,5;2196,8
Aydýn;Buharkent;SIÐIR (KÜLTÜR);Büyükbaþ Hayvan;1374;12537,8;100,7
Aydýn;Çine;SIÐIR (KÜLTÜR);Büyükbaþ Hayvan;73460;670322,5;5382,9
Aydýn;Didim;SIÐIR (KÜLTÜR);Büyükbaþ Hayvan;2645;24135,6;193,8
Aydýn;Efeler;SIÐIR (KÜLTÜR);Büyükbaþ Hayvan;47036;429203,5;3446,6
Aydýn;Germencik;SIÐIR (KÜLTÜR);Büyükbaþ Hayvan;17076;155818,5;1251,3
Aydýn;Ýncirliova;SIÐIR (KÜLTÜR);Büyükbaþ Hayvan;13670;124738,8;1001,7
Aydýn;Karacasu;SIÐIR (KÜLTÜR);Büyükbaþ Hayvan;8697;79360,1;637,3
Aydýn;Karpuzlu;SIÐIR (KÜLTÜR);Büyükbaþ Hayvan;17614;160727,8;1290,7
Aydýn;Koçarlý;SIÐIR (KÜLTÜR);Büyükbaþ Hayvan;13060;119172,5;957
Aydýn;Köþk;SIÐIR (KÜLTÜR);Büyükbaþ Hayvan;11175;101971,9;818,9
Aydýn;Kuþadasý;SIÐIR (KÜLTÜR);Büyükbaþ Hayvan;2343;21379,9;171,7
Aydýn;Kuyucak;SIÐIR (KÜLTÜR);Büyükbaþ Hayvan;27654;252342,8;2026,4
Aydýn;Nazilli;SIÐIR (KÜLTÜR);Büyükbaþ Hayvan;27006;246429,8;1978,9
Aydýn;Söke;SIÐIR (KÜLTÜR);Büyükbaþ Hayvan;17066;155727,3;1250,5
Aydýn;Sultanhisar;SIÐIR (KÜLTÜR);Büyükbaþ Hayvan;6276;57268,5;459,9
Aydýn;Yenipazar;SIÐIR (KÜLTÜR);Büyükbaþ Hayvan;17264;157534;1265
Aydýn;Bozdoðan;SIÐIR (MELEZ);Büyükbaþ Hayvan;5315;34919,6;224,3
Aydýn;Buharkent;SIÐIR (MELEZ);Büyükbaþ Hayvan;534;3508,4;46164
Aydýn;Çine;SIÐIR (MELEZ);Büyükbaþ Hayvan;13220;86855,4;558
Aydýn;Didim;SIÐIR (MELEZ);Büyükbaþ Hayvan;683;4487,3;46262
Aydýn;Efeler;SIÐIR (MELEZ);Büyükbaþ Hayvan;6326;41561,8;267
Aydýn;Germencik;SIÐIR (MELEZ);Büyükbaþ Hayvan;2651;17417,1;111,9
Aydýn;Ýncirliova;SIÐIR (MELEZ);Büyükbaþ Hayvan;248;1629,4;46152
Aydýn;Karacasu;SIÐIR (MELEZ);Büyükbaþ Hayvan;174;1143,2;46088
Aydýn;Karpuzlu;SIÐIR (MELEZ);Büyükbaþ Hayvan;5333;35037,8;225,1
Aydýn;Koçarlý;SIÐIR (MELEZ);Büyükbaþ Hayvan;6870;45135,9;290
Aydýn;Köþk;SIÐIR (MELEZ);Büyükbaþ Hayvan;1563;10268,9;66
Aydýn;Kuyucak;SIÐIR (MELEZ);Büyükbaþ Hayvan;4366;28684,6;184,3
Aydýn;Nazilli;SIÐIR (MELEZ);Büyükbaþ Hayvan;2412;15846,8;101,8
Aydýn;Söke;SIÐIR (MELEZ);Büyükbaþ Hayvan;10857;71330,5;458,2
Aydýn;Sultanhisar;SIÐIR (MELEZ);Büyükbaþ Hayvan;870;5715,9;36,7
Aydýn;Yenipazar;SIÐIR (MELEZ);Büyükbaþ Hayvan;4765;31306,1;201,1
Aydýn;Bozdoðan;SIÐIR (YERLÝ);Büyükbaþ Hayvan;40;219;46054
Aydýn;Buharkent;SIÐIR (YERLÝ);Büyükbaþ Hayvan;2;11;0,1
Aydýn;Çine;SIÐIR (YERLÝ);Büyükbaþ Hayvan;8040;44019;235,7
Aydýn;Didim;SIÐIR (YERLÝ);Büyükbaþ Hayvan;7;38,3;0,2
Aydýn;Efeler;SIÐIR (YERLÝ);Büyükbaþ Hayvan;1255;6871,1;36,8
Aydýn;Germencik;SIÐIR (YERLÝ);Büyükbaþ Hayvan;73;399,7;46024
Aydýn;Ýncirliova;SIÐIR (YERLÝ);Büyükbaþ Hayvan;82;449;46114
Aydýn;Karacasu;SIÐIR (YERLÝ);Büyükbaþ Hayvan;13;71,2;0,4
Aydýn;Karpuzlu;SIÐIR (YERLÝ);Büyükbaþ Hayvan;7407;40553,3;217,1
Aydýn;Koçarlý;SIÐIR (YERLÝ);Büyükbaþ Hayvan;10220;55954,5;299,6
Aydýn;Köþk;SIÐIR (YERLÝ);Büyükbaþ Hayvan;124;678,9;46176
Aydýn;Kuyucak;SIÐIR (YERLÝ);Büyükbaþ Hayvan;52;284,7;46143
Aydýn;Nazilli;SIÐIR (YERLÝ);Büyükbaþ Hayvan;54;295,7;46174
Aydýn;Söke;SIÐIR (YERLÝ);Büyükbaþ Hayvan;8219;44999;240,9
Aydýn;Sultanhisar;SIÐIR (YERLÝ);Büyükbaþ Hayvan;19;104;0,6
Aydýn;Yenipazar;SIÐIR (YERLÝ);Büyükbaþ Hayvan;220;1204,5;46118
Aydýn;Bozdoðan;KEÇÝ (KIL);Küçükbaþ Hayvan;21475;15676,8;46078
Aydýn;Buharkent;KEÇÝ (KIL);Küçükbaþ Hayvan;1819;1327,9;46024
Aydýn;Çine;KEÇÝ (KIL);Küçükbaþ Hayvan;8201;5986,7;46182
Aydýn;Didim;KEÇÝ (KIL);Küçükbaþ Hayvan;10932;7980,4;46246
Aydýn;Efeler;KEÇÝ (KIL);Küçükbaþ Hayvan;5065;3697,5;46270
Aydýn;Germencik;KEÇÝ (KIL);Küçükbaþ Hayvan;953;695,7;46023
Aydýn;Ýncirliova;KEÇÝ (KIL);Küçükbaþ Hayvan;800;584;0,9
Aydýn;Karacasu;KEÇÝ (KIL);Küçükbaþ Hayvan;28299;20658,3;33,2
Aydýn;Karpuzlu;KEÇÝ (KIL);Küçükbaþ Hayvan;501;365,7;0,6
Aydýn;Koçarlý;KEÇÝ (KIL);Küçükbaþ Hayvan;700;511;0,8
Aydýn;Köþk;KEÇÝ (KIL);Küçükbaþ Hayvan;825;602,3;1
Aydýn;Kuþadasý;KEÇÝ (KIL);Küçükbaþ Hayvan;1335;974,6;46174
Aydýn;Kuyucak;KEÇÝ (KIL);Küçükbaþ Hayvan;6735;4916,6;46272
Aydýn;Nazilli;KEÇÝ (KIL);Küçükbaþ Hayvan;2603;1900,2;46025
Aydýn;Söke;KEÇÝ (KIL);Küçükbaþ Hayvan;6685;4880,1;46241
Aydýn;Sultanhisar;KEÇÝ (KIL);Küçükbaþ Hayvan;349;254,8;0,4
Aydýn;Yenipazar;KEÇÝ (KIL);Küçükbaþ Hayvan;1525;1113,3;46235
Aydýn;Didim;KOYUN (MERÝNOS);Küçükbaþ Hayvan;280;306,6;0,7
Aydýn;Efeler;KOYUN (MERÝNOS);Küçükbaþ Hayvan;385;421,6;1
Aydýn;Germencik;KOYUN (MERÝNOS);Küçükbaþ Hayvan;88;96,4;0,2
Aydýn;Karacasu;KOYUN (MERÝNOS);Küçükbaþ Hayvan;134;146,7;0,4
Aydýn;Karpuzlu;KOYUN (MERÝNOS);Küçükbaþ Hayvan;429;469,8;46023
Aydýn;Köþk;KOYUN (MERÝNOS);Küçükbaþ Hayvan;120;131,4;0,3
Aydýn;Kuyucak;KOYUN (MERÝNOS);Küçükbaþ Hayvan;418;457,7;46023
Aydýn;Nazilli;KOYUN (MERÝNOS);Küçükbaþ Hayvan;227;248,6;0,6
Aydýn;Yenipazar;KOYUN (MERÝNOS);Küçükbaþ Hayvan;311;340,5;0,8
Aydýn;Bozdoðan;KOYUN (YERLÝ);Küçükbaþ Hayvan;18547;20309;48,9
Aydýn;Buharkent;KOYUN (YERLÝ);Küçükbaþ Hayvan;6369;6974,1;46250
Aydýn;Çine;KOYUN (YERLÝ);Küçükbaþ Hayvan;16861;18462,8;44,5
Aydýn;Didim;KOYUN (YERLÝ);Küçükbaþ Hayvan;21437;23473,5;56,5
Aydýn;Efeler;KOYUN (YERLÝ);Küçükbaþ Hayvan;18746;20526,9;49,5
Aydýn;Germencik;KOYUN (YERLÝ);Küçükbaþ Hayvan;8501;9308,6;46134
Aydýn;Ýncirliova;KOYUN (YERLÝ);Küçükbaþ Hayvan;6850;7500,8;46040
Aydýn;Karacasu;KOYUN (YERLÝ);Küçükbaþ Hayvan;27233;29820,1;71,8
Aydýn;Karpuzlu;KOYUN (YERLÝ);Küçükbaþ Hayvan;6832;7481;18
Aydýn;Koçarlý;KOYUN (YERLÝ);Küçükbaþ Hayvan;22000;24090;58
Aydýn;Köþk;KOYUN (YERLÝ);Küçükbaþ Hayvan;4614;5052,3;46065
Aydýn;Kuþadasý;KOYUN (YERLÝ);Küçükbaþ Hayvan;4782;5236,3;46185
Aydýn;Kuyucak;KOYUN (YERLÝ);Küçükbaþ Hayvan;30192;33060,2;79,6
Aydýn;Nazilli;KOYUN (YERLÝ);Küçükbaþ Hayvan;16305;17854;43
Aydýn;Söke;KOYUN (YERLÝ);Küçükbaþ Hayvan;20550;22502,3;54,2
Aydýn;Sultanhisar;KOYUN (YERLÝ);Küçükbaþ Hayvan;5438;5954,6;46095
Aydýn;Yenipazar;KOYUN (YERLÝ);Küçükbaþ Hayvan;6757;7398,9;46251
Aydýn;Bozdoðan;ET TAVUÐU;Kanatlý Hayvan;195000;5265;1316,5
Aydýn;Buharkent;ET TAVUÐU;Kanatlý Hayvan;104640;2825,3;706,4
Aydýn;Çine;ET TAVUÐU;Kanatlý Hayvan;185000;4995;1249
Aydýn;Didim;ET TAVUÐU;Kanatlý Hayvan;249000;6723;1681,1
Aydýn;Efeler;ET TAVUÐU;Kanatlý Hayvan;185000;4995;1249
Aydýn;Germencik;ET TAVUÐU;Kanatlý Hayvan;605484;16348,1;4087,8
Aydýn;Ýncirliova;ET TAVUÐU;Kanatlý Hayvan;197485;5332,1;1333,3
Aydýn;Karacasu;ET TAVUÐU;Kanatlý Hayvan;0;0;0
Aydýn;Karpuzlu;ET TAVUÐU;Kanatlý Hayvan;0;0;0
Aydýn;Koçarlý;ET TAVUÐU;Kanatlý Hayvan;31000;837;209,3
Aydýn;Köþk;ET TAVUÐU;Kanatlý Hayvan;53000;1431;357,8
Aydýn;Kuþadasý;ET TAVUÐU;Kanatlý Hayvan;121600;3283,2;820,9
Aydýn;Kuyucak;ET TAVUÐU;Kanatlý Hayvan;50000;1350;337,6
Aydýn;Nazilli;ET TAVUÐU;Kanatlý Hayvan;266800;7203,6;1801,2
Aydýn;Söke;ET TAVUÐU;Kanatlý Hayvan;156750;4232,3;1058,3
Aydýn;Sultanhisar;ET TAVUÐU;Kanatlý Hayvan;117500;3172,5;793,3
Aydýn;Yenipazar;ET TAVUÐU;Kanatlý Hayvan;0;0;0
Aydýn;Bozdoðan;HÝNDÝ;Kanatlý Hayvan;550;46193;46058
Aydýn;Buharkent;HÝNDÝ;Kanatlý Hayvan;68;46175;0,6
Aydýn;Çine;HÝNDÝ;Kanatlý Hayvan;120;46146;46023
Aydýn;Didim;HÝNDÝ;Kanatlý Hayvan;20000;750;187,5
Aydýn;Efeler;HÝNDÝ;Kanatlý Hayvan;1100;41,3;46091
Aydýn;Germencik;HÝNDÝ;Kanatlý Hayvan;330;46124;46025
Aydýn;Ýncirliova;HÝNDÝ;Kanatlý Hayvan;1450;54,4;46186
Aydýn;Karacasu;HÝNDÝ;Kanatlý Hayvan;68;46175;0,6
Aydýn;Karpuzlu;HÝNDÝ;Kanatlý Hayvan;0;0;0
Aydýn;Koçarlý;HÝNDÝ;Kanatlý Hayvan;684;46228;46118
Aydýn;Köþk;HÝNDÝ;Kanatlý Hayvan;120;46146;46023
Aydýn;Kuþadasý;HÝNDÝ;Kanatlý Hayvan;641;24;6
Aydýn;Kuyucak;HÝNDÝ;Kanatlý Hayvan;678;46137;46118
Aydýn;Nazilli;HÝNDÝ;Kanatlý Hayvan;620;46104;46239
Aydýn;Söke;HÝNDÝ;Kanatlý Hayvan;650;46136;46028
Aydýn;Sultanhisar;HÝNDÝ;Kanatlý Hayvan;55;46024;0,5
Aydýn;Yenipazar;HÝNDÝ;Kanatlý Hayvan;40;46143;0,4
Aydýn;Bozdoðan;KAZ;Kanatlý Hayvan;350;46128;46026
Aydýn;Buharkent;KAZ;Kanatlý Hayvan;140;46179;46174
Aydýn;Çine;KAZ;Kanatlý Hayvan;170;8;2
Aydýn;Didim;KAZ;Kanatlý Hayvan;125;46270;46143
Aydýn;Efeler;KAZ;Kanatlý Hayvan;232;46275;46205
Aydýn;Germencik;KAZ;Kanatlý Hayvan;104;46269;46054
Aydýn;Ýncirliova;KAZ;Kanatlý Hayvan;305;46095;46176
Aydýn;Karacasu;KAZ;Kanatlý Hayvan;32;46143;0,4
Aydýn;Karpuzlu;KAZ;Kanatlý Hayvan;0;0;0
Aydýn;Koçarlý;KAZ;Kanatlý Hayvan;196;46062;46083
Aydýn;Köþk;KAZ;Kanatlý Hayvan;30;46113;0,4
Aydýn;Kuþadasý;KAZ;Kanatlý Hayvan;248;46184;46267
Aydýn;Kuyucak;KAZ;Kanatlý Hayvan;346;46069;4
Aydýn;Nazilli;KAZ;Kanatlý Hayvan;980;45,9;46153
Aydýn;Söke;KAZ;Kanatlý Hayvan;980;45,9;46153
Aydýn;Sultanhisar;KAZ;Kanatlý Hayvan;47;46055;0,5
Aydýn;Yenipazar;KAZ;Kanatlý Hayvan;45;46024;0,5
Aydýn;Bozdoðan;ÖRDEK;Kanatlý Hayvan;250;46214;46267
Aydýn;Buharkent;ÖRDEK;Kanatlý Hayvan;36;46204;0,4
Aydýn;Çine;ÖRDEK;Kanatlý Hayvan;160;46149;46266
Aydýn;Didim;ÖRDEK;Kanatlý Hayvan;30;46113;0,4
Aydýn;Efeler;ÖRDEK;Kanatlý Hayvan;540;46106;46087
Aydýn;Germencik;ÖRDEK;Kanatlý Hayvan;53;46144;0,6
Aydýn;Ýncirliova;ÖRDEK;Kanatlý Hayvan;360;46250;46057
Aydýn;Karacasu;ÖRDEK;Kanatlý Hayvan;150;7;46235
Aydýn;Karpuzlu;ÖRDEK;Kanatlý Hayvan;0;0;0
Aydýn;Koçarlý;ÖRDEK;Kanatlý Hayvan;95;46116;46023
Aydýn;Köþk;ÖRDEK;Kanatlý Hayvan;25;46054;0,3
Aydýn;Kuþadasý;ÖRDEK;Kanatlý Hayvan;701;32,8;46061
Aydýn;Kuyucak;ÖRDEK;Kanatlý Hayvan;182;46150;46024
Aydýn;Nazilli;ÖRDEK;Kanatlý Hayvan;220;46091;46175
Aydýn;Söke;ÖRDEK;Kanatlý Hayvan;412;46100;46238
Aydýn;Sultanhisar;ÖRDEK;Kanatlý Hayvan;21;1;0,2
Aydýn;Yenipazar;ÖRDEK;Kanatlý Hayvan;55;46175;0,6
Aydýn;Bozdoðan;YUMURTA TAVUÐU;Kanatlý Hayvan;15500;848,6;212,2
Aydýn;Buharkent;YUMURTA TAVUÐU;Kanatlý Hayvan;270430;14806;3702,2
Aydýn;Çine;YUMURTA TAVUÐU;Kanatlý Hayvan;60000;3285;821,4
Aydýn;Didim;YUMURTA TAVUÐU;Kanatlý Hayvan;7500;410,6;102,7
Aydýn;Efeler;YUMURTA TAVUÐU;Kanatlý Hayvan;23200;1270,2;317,6
Aydýn;Germencik;YUMURTA TAVUÐU;Kanatlý Hayvan;3905;213,8;53,5
Aydýn;Ýncirliova;YUMURTA TAVUÐU;Kanatlý Hayvan;527000;28853,3;7214,6
Aydýn;Karacasu;YUMURTA TAVUÐU;Kanatlý Hayvan;23000;1259,3;314,9
Aydýn;Karpuzlu;YUMURTA TAVUÐU;Kanatlý Hayvan;5386;294,9;73,7
Aydýn;Koçarlý;YUMURTA TAVUÐU;Kanatlý Hayvan;15810;865,6;216,4
Aydýn;Köþk;YUMURTA TAVUÐU;Kanatlý Hayvan;8400;459,9;115
Aydýn;Kuþadasý;YUMURTA TAVUÐU;Kanatlý Hayvan;15150;829,5;207,4
Aydýn;Kuyucak;YUMURTA TAVUÐU;Kanatlý Hayvan;26560;1454,2;363,6
Aydýn;Nazilli;YUMURTA TAVUÐU;Kanatlý Hayvan;41000;2244,8;561,3
Aydýn;Söke;YUMURTA TAVUÐU;Kanatlý Hayvan;23500;1286,6;321,7
Aydýn;Sultanhisar;YUMURTA TAVUÐU;Kanatlý Hayvan;2960;162,1;40,5
Aydýn;Yenipazar;YUMURTA TAVUÐU;Kanatlý Hayvan;10500;574,9;143,7
Balýkesir;Altýeylül;AT;Büyükbaþ Hayvan;123;673,4;46176
Balýkesir;Ayvalýk;AT;Büyükbaþ Hayvan;115;629,6;46115
Balýkesir;Balya;AT;Büyükbaþ Hayvan;28;153,3;0,8
Balýkesir;Bandýrma;AT;Büyükbaþ Hayvan;9;49,3;0,3
Balýkesir;Bigadiç;AT;Büyükbaþ Hayvan;12;65,7;0,4
Balýkesir;Burhaniye;AT;Büyükbaþ Hayvan;184;1007,4;46117
Balýkesir;Dursunbey;AT;Büyükbaþ Hayvan;173;947,2;46027
Balýkesir;Edremit;AT;Büyükbaþ Hayvan;274;1500,2;8
Balýkesir;Erdek;AT;Büyükbaþ Hayvan;242;1325;46029
Balýkesir;Gömeç;AT;Büyükbaþ Hayvan;100;547,5;46267
Balýkesir;Gönen;AT;Büyükbaþ Hayvan;398;2179,1;46214
Balýkesir;Havran;AT;Büyükbaþ Hayvan;149;815,8;46116
Balýkesir;Ývrindi;AT;Büyükbaþ Hayvan;151;826,7;46116
Balýkesir;Karesi;AT;Büyükbaþ Hayvan;94;514,7;46236
Balýkesir;Kepsut;AT;Büyükbaþ Hayvan;18;98,6;0,5
Balýkesir;Manyas;AT;Büyükbaþ Hayvan;25;136,9;0,7
Balýkesir;Savaþtepe;AT;Büyükbaþ Hayvan;48;262,8;46113
Balýkesir;Sýndýrgý;AT;Büyükbaþ Hayvan;250;1368,8;46088
Balýkesir;Susurluk;AT;Büyükbaþ Hayvan;41;224,5;46054
Balýkesir;Ayvalýk;DEVE;Büyükbaþ Hayvan;17;173,7;46113
Balýkesir;Burhaniye;DEVE;Büyükbaþ Hayvan;25;255,5;46024
Balýkesir;Havran;DEVE;Büyükbaþ Hayvan;2;46132;0,2
Balýkesir;Susurluk;DEVE;Büyükbaþ Hayvan;3;46233;0,2
Balýkesir;Altýeylül;EÞEK;Büyükbaþ Hayvan;50;136,9;0,4
Balýkesir;Ayvalýk;EÞEK;Büyükbaþ Hayvan;46;125,9;0,4
Balýkesir;Balya;EÞEK;Büyükbaþ Hayvan;107;292,9;0,9
Balýkesir;Bandýrma;EÞEK;Büyükbaþ Hayvan;11;46052;0,1
Balýkesir;Bigadiç;EÞEK;Büyükbaþ Hayvan;115;314,8;1
Balýkesir;Burhaniye;EÞEK;Büyükbaþ Hayvan;42;115;0,4
Balýkesir;Dursunbey;EÞEK;Büyükbaþ Hayvan;572;1565,9;5
Balýkesir;Edremit;EÞEK;Büyükbaþ Hayvan;92;251,9;0,8
Balýkesir;Erdek;EÞEK;Büyükbaþ Hayvan;180;492,8;46174
Balýkesir;Gömeç;EÞEK;Büyükbaþ Hayvan;30;82,1;0,3
Balýkesir;Gönen;EÞEK;Büyükbaþ Hayvan;650;1779,4;46208
Balýkesir;Havran;EÞEK;Büyükbaþ Hayvan;137;375;46054
Balýkesir;Ývrindi;EÞEK;Büyükbaþ Hayvan;240;657;46024
Balýkesir;Karesi;EÞEK;Büyükbaþ Hayvan;85;232,7;0,7
Balýkesir;Kepsut;EÞEK;Büyükbaþ Hayvan;154;421,6;46113
Balýkesir;Manyas;EÞEK;Büyükbaþ Hayvan;41;112,2;0,4
Balýkesir;Savaþtepe;EÞEK;Büyükbaþ Hayvan;44;120,5;0,4
Balýkesir;Sýndýrgý;EÞEK;Büyükbaþ Hayvan;180;492,8;46174
Balýkesir;Susurluk;EÞEK;Büyükbaþ Hayvan;23;63;0,2
Balýkesir;Balya;KATIR;Büyükbaþ Hayvan;34;148,9;0,6
Balýkesir;Bandýrma;KATIR;Büyükbaþ Hayvan;1;46116;0
Balýkesir;Burhaniye;KATIR;Büyükbaþ Hayvan;7;46233;0,1
Balýkesir;Dursunbey;KATIR;Büyükbaþ Hayvan;5;46286;0,1
Balýkesir;Edremit;KATIR;Büyükbaþ Hayvan;10;43,8;0,2
Balýkesir;Erdek;KATIR;Büyükbaþ Hayvan;43;188,3;0,8
Balýkesir;Gömeç;KATIR;Büyükbaþ Hayvan;1;46116;0
Balýkesir;Gönen;KATIR;Büyükbaþ Hayvan;27;118,3;0,5
Balýkesir;Havran;KATIR;Büyükbaþ Hayvan;95;416,1;46235
Balýkesir;Ývrindi;KATIR;Büyükbaþ Hayvan;53;232,1;1
Balýkesir;Kepsut;KATIR;Büyükbaþ Hayvan;2;46242;0
Balýkesir;Manyas;KATIR;Büyükbaþ Hayvan;1;46116;0
Balýkesir;Altýeylül;MANDA;Büyükbaþ Hayvan;3685;26900,5;201,6
Balýkesir;Ayvalýk;MANDA;Büyükbaþ Hayvan;35;255,5;46266
Balýkesir;Bandýrma;MANDA;Büyükbaþ Hayvan;415;3029,5;46225
Balýkesir;Bigadiç;MANDA;Büyükbaþ Hayvan;18;131,4;1
Balýkesir;Dursunbey;MANDA;Büyükbaþ Hayvan;59;430,7;46056
Balýkesir;Gönen;MANDA;Büyükbaþ Hayvan;298;2175,4;46097
Balýkesir;Kepsut;MANDA;Büyükbaþ Hayvan;5;36,5;0,3
Balýkesir;Sýndýrgý;MANDA;Büyükbaþ Hayvan;38;277,4;46024
Balýkesir;Susurluk;MANDA;Büyükbaþ Hayvan;67;489,1;46206
Balýkesir;Altýeylül;SIÐIR (KÜLTÜR);Büyükbaþ Hayvan;59350;541568,8;4348,9
Balýkesir;Ayvalýk;SIÐIR (KÜLTÜR);Büyükbaþ Hayvan;6650;60681,3;487,3
Balýkesir;Balya;SIÐIR (KÜLTÜR);Büyükbaþ Hayvan;19886;181459,8;1457,2
Balýkesir;Bandýrma;SIÐIR (KÜLTÜR);Büyükbaþ Hayvan;13936;127166;1021,2
Balýkesir;Bigadiç;SIÐIR (KÜLTÜR);Büyükbaþ Hayvan;60215;549461,9;4412,3
Balýkesir;Burhaniye;SIÐIR (KÜLTÜR);Büyükbaþ Hayvan;3415;31161,9;250,2
Balýkesir;Dursunbey;SIÐIR (KÜLTÜR);Büyükbaþ Hayvan;786;7172,3;57,6
Balýkesir;Edremit;SIÐIR (KÜLTÜR);Büyükbaþ Hayvan;6878;62761,8;504
Balýkesir;Erdek;SIÐIR (KÜLTÜR);Büyükbaþ Hayvan;2801;25559,1;205,2
Balýkesir;Gömeç;SIÐIR (KÜLTÜR);Büyükbaþ Hayvan;1425;13003,1;104,4
Balýkesir;Gönen;SIÐIR (KÜLTÜR);Büyükbaþ Hayvan;29691;270930,4;2175,6
Balýkesir;Havran;SIÐIR (KÜLTÜR);Büyükbaþ Hayvan;6726;61374,8;492,9
Balýkesir;Ývrindi;SIÐIR (KÜLTÜR);Büyükbaþ Hayvan;35789;326574,6;2622,5
Balýkesir;Karesi;SIÐIR (KÜLTÜR);Büyükbaþ Hayvan;38405;350445,6;2814,2
Balýkesir;Kepsut;SIÐIR (KÜLTÜR);Büyükbaþ Hayvan;23230;211973,8;1702,2
Balýkesir;Manyas;SIÐIR (KÜLTÜR);Büyükbaþ Hayvan;20238;184671,8;1483
Balýkesir;Marmara;SIÐIR (KÜLTÜR);Büyükbaþ Hayvan;335;3056,9;46166
Balýkesir;Savaþtepe;SIÐIR (KÜLTÜR);Büyükbaþ Hayvan;13746;125432,3;1007,3
Balýkesir;Sýndýrgý;SIÐIR (KÜLTÜR);Büyükbaþ Hayvan;19408;177098;1422,1
Balýkesir;Susurluk;SIÐIR (KÜLTÜR);Büyükbaþ Hayvan;30663;279799,9;2246,9
Balýkesir;Altýeylül;SIÐIR (MELEZ);Büyükbaþ Hayvan;7830;51443,1;330,5
Balýkesir;Ayvalýk;SIÐIR (MELEZ);Büyükbaþ Hayvan;150;985,5;46087
Balýkesir;Balya;SIÐIR (MELEZ);Büyükbaþ Hayvan;4416;29013,1;186,4
Balýkesir;Bandýrma;SIÐIR (MELEZ);Büyükbaþ Hayvan;2131;14000,7;89,9
Balýkesir;Bigadiç;SIÐIR (MELEZ);Büyükbaþ Hayvan;14950;98221,5;631
Balýkesir;Burhaniye;SIÐIR (MELEZ);Büyükbaþ Hayvan;7157;47021,5;302,1
Balýkesir;Dursunbey;SIÐIR (MELEZ);Büyükbaþ Hayvan;22603;148501,7;954
Balýkesir;Edremit;SIÐIR (MELEZ);Büyükbaþ Hayvan;653;4290,2;46200
Balýkesir;Erdek;SIÐIR (MELEZ);Büyükbaþ Hayvan;1433;9414,8;60,5
Balýkesir;Gönen;SIÐIR (MELEZ);Büyükbaþ Hayvan;11279;74103;476,1
Balýkesir;Havran;SIÐIR (MELEZ);Büyükbaþ Hayvan;1455;9559,4;61,4
Balýkesir;Ývrindi;SIÐIR (MELEZ);Büyükbaþ Hayvan;7080;46515,6;298,8
Balýkesir;Karesi;SIÐIR (MELEZ);Büyükbaþ Hayvan;4871;32002,5;205,6
Balýkesir;Kepsut;SIÐIR (MELEZ);Büyükbaþ Hayvan;5250;34492,5;221,6
Balýkesir;Manyas;SIÐIR (MELEZ);Büyükbaþ Hayvan;3374;22167,2;142,4
Balýkesir;Marmara;SIÐIR (MELEZ);Büyükbaþ Hayvan;490;3219,3;46223
Balýkesir;Savaþtepe;SIÐIR (MELEZ);Büyükbaþ Hayvan;869;5709,3;36,7
Balýkesir;Sýndýrgý;SIÐIR (MELEZ);Büyükbaþ Hayvan;6220;40865,4;262,5
Balýkesir;Susurluk;SIÐIR (MELEZ);Büyükbaþ Hayvan;4477;29413,9;189
Balýkesir;Altýeylül;SIÐIR (YERLÝ);Büyükbaþ Hayvan;7195;39392,6;210,9
Balýkesir;Balya;SIÐIR (YERLÝ);Büyükbaþ Hayvan;1018;5573,6;46263
Balýkesir;Bandýrma;SIÐIR (YERLÝ);Büyükbaþ Hayvan;224;1226,4;46179
Balýkesir;Bigadiç;SIÐIR (YERLÝ);Büyükbaþ Hayvan;4485;24555,4;131,5
Balýkesir;Burhaniye;SIÐIR (YERLÝ);Büyükbaþ Hayvan;2046;11201,9;60
Balýkesir;Dursunbey;SIÐIR (YERLÝ);Büyükbaþ Hayvan;2489;13627,3;73
Balýkesir;Edremit;SIÐIR (YERLÝ);Büyükbaþ Hayvan;4;46286;0,1
Balýkesir;Erdek;SIÐIR (YERLÝ);Büyükbaþ Hayvan;79;432,5;46083
Balýkesir;Gömeç;SIÐIR (YERLÝ);Büyükbaþ Hayvan;9;49,3;0,3
Balýkesir;Gönen;SIÐIR (YERLÝ);Büyükbaþ Hayvan;171;936,2;5
Balýkesir;Havran;SIÐIR (YERLÝ);Büyükbaþ Hayvan;7268;39792,3;213
Balýkesir;Ývrindi;SIÐIR (YERLÝ);Büyükbaþ Hayvan;4996;27353,1;146,4
Balýkesir;Karesi;SIÐIR (YERLÝ);Büyükbaþ Hayvan;272;1489,2;8
Balýkesir;Kepsut;SIÐIR (YERLÝ);Büyükbaþ Hayvan;532;2912,7;46188
Balýkesir;Manyas;SIÐIR (YERLÝ);Büyükbaþ Hayvan;948;5190,3;46261
Balýkesir;Marmara;SIÐIR (YERLÝ);Büyükbaþ Hayvan;176;963,6;46058
Balýkesir;Savaþtepe;SIÐIR (YERLÝ);Büyükbaþ Hayvan;835;4571,6;46166
Balýkesir;Sýndýrgý;SIÐIR (YERLÝ);Büyükbaþ Hayvan;5367;29384,3;157,3
Balýkesir;Susurluk;SIÐIR (YERLÝ);Büyükbaþ Hayvan;307;1680,8;9
Balýkesir;Altýeylül;KEÇÝ (KIL);Küçükbaþ Hayvan;10750;7847,5;46185
Balýkesir;Ayvalýk;KEÇÝ (KIL);Küçükbaþ Hayvan;4774;3485;46178
Balýkesir;Balya;KEÇÝ (KIL);Küçükbaþ Hayvan;6315;4610;46119
Balýkesir;Bandýrma;KEÇÝ (KIL);Küçükbaþ Hayvan;4500;3285;46086
Balýkesir;Bigadiç;KEÇÝ (KIL);Küçükbaþ Hayvan;8430;6153,9;46274
Balýkesir;Burhaniye;KEÇÝ (KIL);Küçükbaþ Hayvan;9413;6871,5;11
Balýkesir;Dursunbey;KEÇÝ (KIL);Küçükbaþ Hayvan;19609;14314,6;23
Balýkesir;Edremit;KEÇÝ (KIL);Küçükbaþ Hayvan;2987;2180,5;46145
Balýkesir;Erdek;KEÇÝ (KIL);Küçükbaþ Hayvan;4720;3445,6;46147
Balýkesir;Gömeç;KEÇÝ (KIL);Küçükbaþ Hayvan;2046;1493,6;46114
Balýkesir;Gönen;KEÇÝ (KIL);Küçükbaþ Hayvan;15048;10985;46190
Balýkesir;Havran;KEÇÝ (KIL);Küçükbaþ Hayvan;5523;4031,8;46148
Balýkesir;Ývrindi;KEÇÝ (KIL);Küçükbaþ Hayvan;8285;6048,1;46212
Balýkesir;Karesi;KEÇÝ (KIL);Küçükbaþ Hayvan;10662;7783,3;46154
Balýkesir;Kepsut;KEÇÝ (KIL);Küçükbaþ Hayvan;6840;4993,2;8
Balýkesir;Manyas;KEÇÝ (KIL);Küçükbaþ Hayvan;4589;3350;46117
Balýkesir;Marmara;KEÇÝ (KIL);Küçükbaþ Hayvan;6957;5078,6;46061
Balýkesir;Savaþtepe;KEÇÝ (KIL);Küçükbaþ Hayvan;3029;2211,2;46176
Balýkesir;Sýndýrgý;KEÇÝ (KIL);Küçükbaþ Hayvan;35000;25550;41
Balýkesir;Susurluk;KEÇÝ (KIL);Küçükbaþ Hayvan;14305;10442,7;46250
Balýkesir;Altýeylül;KOYUN (MERÝNOS);Küçükbaþ Hayvan;59350;64988,3;156,6
Balýkesir;Ayvalýk;KOYUN (MERÝNOS);Küçükbaþ Hayvan;1210;1325;46056
Balýkesir;Bandýrma;KOYUN (MERÝNOS);Küçükbaþ Hayvan;19862;21748,9;52,4
Balýkesir;Bigadiç;KOYUN (MERÝNOS);Küçükbaþ Hayvan;44570;48804,2;117,6
Balýkesir;Burhaniye;KOYUN (MERÝNOS);Küçükbaþ Hayvan;947;1037;46144
Balýkesir;Dursunbey;KOYUN (MERÝNOS);Küçükbaþ Hayvan;855;936,2;46083
Balýkesir;Edremit;KOYUN (MERÝNOS);Küçükbaþ Hayvan;2700;2956,5;46029
Balýkesir;Erdek;KOYUN (MERÝNOS);Küçükbaþ Hayvan;4637;5077,5;46065
Balýkesir;Gönen;KOYUN (MERÝNOS);Küçükbaþ Hayvan;26138;28621,1;69
Balýkesir;Havran;KOYUN (MERÝNOS);Küçükbaþ Hayvan;1881;2059,7;5
Balýkesir;Karesi;KOYUN (MERÝNOS);Küçükbaþ Hayvan;47929;52482,3;126,4
Balýkesir;Manyas;KOYUN (MERÝNOS);Küçükbaþ Hayvan;30617;33525,6;80,8
Balýkesir;Savaþtepe;KOYUN (MERÝNOS);Küçükbaþ Hayvan;12791;14006,1;33,7
Balýkesir;Susurluk;KOYUN (MERÝNOS);Küçükbaþ Hayvan;60751;66522,3;160,3
Balýkesir;Altýeylül;KOYUN (YERLÝ);Küçükbaþ Hayvan;63500;69532,5;167,5
Balýkesir;Ayvalýk;KOYUN (YERLÝ);Küçükbaþ Hayvan;21927;24010,1;57,8
Balýkesir;Balya;KOYUN (YERLÝ);Küçükbaþ Hayvan;52585;57580,6;138,7
Balýkesir;Bandýrma;KOYUN (YERLÝ);Küçükbaþ Hayvan;8378;9173,9;46044
Balýkesir;Bigadiç;KOYUN (YERLÝ);Küçükbaþ Hayvan;4930;5398,4;13
Balýkesir;Burhaniye;KOYUN (YERLÝ);Küçükbaþ Hayvan;27140;29718,3;71,6
Balýkesir;Dursunbey;KOYUN (YERLÝ);Küçükbaþ Hayvan;58844;64434,2;155,2
Balýkesir;Edremit;KOYUN (YERLÝ);Küçükbaþ Hayvan;7395;8097,5;46161
Balýkesir;Gömeç;KOYUN (YERLÝ);Küçükbaþ Hayvan;11643;12749,1;46233
Balýkesir;Gönen;KOYUN (YERLÝ);Küçükbaþ Hayvan;53910;59031,5;142,2
Balýkesir;Havran;KOYUN (YERLÝ);Küçükbaþ Hayvan;16130;17662,4;42,5
Balýkesir;Ývrindi;KOYUN (YERLÝ);Küçükbaþ Hayvan;119078;130390,4;314,1
Balýkesir;Karesi;KOYUN (YERLÝ);Küçükbaþ Hayvan;73718;80721,2;194,5
Balýkesir;Kepsut;KOYUN (YERLÝ);Küçükbaþ Hayvan;43050;47139,8;113,6
Balýkesir;Manyas;KOYUN (YERLÝ);Küçükbaþ Hayvan;29556;32363,8;78
Balýkesir;Marmara;KOYUN (YERLÝ);Küçükbaþ Hayvan;4990;5464,1;46066
Balýkesir;Savaþtepe;KOYUN (YERLÝ);Küçükbaþ Hayvan;12590;13786,1;33,2
Balýkesir;Sýndýrgý;KOYUN (YERLÝ);Küçükbaþ Hayvan;69000;75555;182
Balýkesir;Susurluk;KOYUN (YERLÝ);Küçükbaþ Hayvan;13470;14749,7;35,5
Balýkesir;Altýeylül;ET TAVUÐU;Kanatlý Hayvan;2959975;79919,3;19983,4
Balýkesir;Ayvalýk;ET TAVUÐU;Kanatlý Hayvan;0;0;0
Balýkesir;Balya;ET TAVUÐU;Kanatlý Hayvan;25200;680,4;170,1
Balýkesir;Bandýrma;ET TAVUÐU;Kanatlý Hayvan;4766140;128685,8;32177,2
Balýkesir;Bigadiç;ET TAVUÐU;Kanatlý Hayvan;2375527;64139,2;16037,7
Balýkesir;Burhaniye;ET TAVUÐU;Kanatlý Hayvan;457000;12339;3085,3
Balýkesir;Dursunbey;ET TAVUÐU;Kanatlý Hayvan;730355;19719,6;4930,8
Balýkesir;Edremit;ET TAVUÐU;Kanatlý Hayvan;70000;1890;472,6
Balýkesir;Erdek;ET TAVUÐU;Kanatlý Hayvan;1782632;48131,1;12034,9
Balýkesir;Gömeç;ET TAVUÐU;Kanatlý Hayvan;0;0;0
Balýkesir;Gönen;ET TAVUÐU;Kanatlý Hayvan;1395000;37665;9417,9
Balýkesir;Havran;ET TAVUÐU;Kanatlý Hayvan;0;0;0
Balýkesir;Ývrindi;ET TAVUÐU;Kanatlý Hayvan;1800000;48600;12152,2
Balýkesir;Karesi;ET TAVUÐU;Kanatlý Hayvan;3791788;102378,3;25599,2
Balýkesir;Kepsut;ET TAVUÐU;Kanatlý Hayvan;121000;3267;816,9
Balýkesir;Manyas;ET TAVUÐU;Kanatlý Hayvan;729220;19688,9;4923,1
Balýkesir;Marmara;ET TAVUÐU;Kanatlý Hayvan;0;0;0
Balýkesir;Savaþtepe;ET TAVUÐU;Kanatlý Hayvan;2068759;55856,5;13966,6
Balýkesir;Sýndýrgý;ET TAVUÐU;Kanatlý Hayvan;1324000;35748;8938,6
Balýkesir;Susurluk;ET TAVUÐU;Kanatlý Hayvan;1763973;47627,3;11909
Balýkesir;Altýeylül;HÝNDÝ;Kanatlý Hayvan;3264;122,4;46203
Balýkesir;Ayvalýk;HÝNDÝ;Kanatlý Hayvan;60;46083;0,6
Balýkesir;Balya;HÝNDÝ;Kanatlý Hayvan;200;46149;46266
Balýkesir;Bandýrma;HÝNDÝ;Kanatlý Hayvan;250;46121;46083
Balýkesir;Bigadiç;HÝNDÝ;Kanatlý Hayvan;0;0;0
Balýkesir;Burhaniye;HÝNDÝ;Kanatlý Hayvan;470;46190;46116
Balýkesir;Dursunbey;HÝNDÝ;Kanatlý Hayvan;800;30;46149
Balýkesir;Edremit;HÝNDÝ;Kanatlý Hayvan;137;46027;46082
Balýkesir;Erdek;HÝNDÝ;Kanatlý Hayvan;90;46115;0,8
Balýkesir;Gömeç;HÝNDÝ;Kanatlý Hayvan;10;0,4;0,1
Balýkesir;Gönen;HÝNDÝ;Kanatlý Hayvan;409;46096;46237
Balýkesir;Havran;HÝNDÝ;Kanatlý Hayvan;59;46055;0,6
Balýkesir;Ývrindi;HÝNDÝ;Kanatlý Hayvan;816;46203;46210
Balýkesir;Karesi;HÝNDÝ;Kanatlý Hayvan;2400;90;46164
Balýkesir;Kepsut;HÝNDÝ;Kanatlý Hayvan;255;46182;46114
Balýkesir;Manyas;HÝNDÝ;Kanatlý Hayvan;296;46033;46236
Balýkesir;Marmara;HÝNDÝ;Kanatlý Hayvan;30;46023;0,3
Balýkesir;Savaþtepe;HÝNDÝ;Kanatlý Hayvan;270;46032;46144
Balýkesir;Sýndýrgý;HÝNDÝ;Kanatlý Hayvan;89;46084;0,8
Balýkesir;Susurluk;HÝNDÝ;Kanatlý Hayvan;62541;2345,3;586,4
Balýkesir;Altýeylül;KAZ;Kanatlý Hayvan;1816;85;46102
Balýkesir;Ayvalýk;KAZ;Kanatlý Hayvan;120;46178;46113
Balýkesir;Balya;KAZ;Kanatlý Hayvan;115;46117;46082
Balýkesir;Bandýrma;KAZ;Kanatlý Hayvan;510;46288;6
Balýkesir;Bigadiç;KAZ;Kanatlý Hayvan;0;0;0
Balýkesir;Burhaniye;KAZ;Kanatlý Hayvan;210;46243;46144
Balýkesir;Dursunbey;KAZ;Kanatlý Hayvan;155;46088;46235
Balýkesir;Edremit;KAZ;Kanatlý Hayvan;120;46178;46113
Balýkesir;Erdek;KAZ;Kanatlý Hayvan;250;46214;46267
Balýkesir;Gömeç;KAZ;Kanatlý Hayvan;20;0,9;0,2
Balýkesir;Gönen;KAZ;Kanatlý Hayvan;661;46295;46210
Balýkesir;Havran;KAZ;Kanatlý Hayvan;235;11;46205
Balýkesir;Ývrindi;KAZ;Kanatlý Hayvan;207;46212;46114
Balýkesir;Karesi;KAZ;Kanatlý Hayvan;1180;55,2;46247
Balýkesir;Kepsut;KAZ;Kanatlý Hayvan;385;18;46146
Balýkesir;Manyas;KAZ;Kanatlý Hayvan;1327;62,1;46157
Balýkesir;Marmara;KAZ;Kanatlý Hayvan;40;46266;0,5
Balýkesir;Savaþtepe;KAZ;Kanatlý Hayvan;480;46164;46178
Balýkesir;Sýndýrgý;KAZ;Kanatlý Hayvan;563;46107;46179
Balýkesir;Susurluk;KAZ;Kanatlý Hayvan;949;44,4;46033
Balýkesir;Altýeylül;ÖRDEK;Kanatlý Hayvan;890;41,7;46122
Balýkesir;Ayvalýk;ÖRDEK;Kanatlý Hayvan;65;3;0,8
Balýkesir;Balya;ÖRDEK;Kanatlý Hayvan;30;46113;0,4
Balýkesir;Bandýrma;ÖRDEK;Kanatlý Hayvan;307;46126;46176
Balýkesir;Bigadiç;ÖRDEK;Kanatlý Hayvan;0;0;0
Balýkesir;Burhaniye;ÖRDEK;Kanatlý Hayvan;190;46273;46055
Balýkesir;Dursunbey;ÖRDEK;Kanatlý Hayvan;230;46244;46205
Balýkesir;Edremit;ÖRDEK;Kanatlý Hayvan;95;46116;46023
Balýkesir;Erdek;ÖRDEK;Kanatlý Hayvan;80;46206;0,9
Balýkesir;Gömeç;ÖRDEK;Kanatlý Hayvan;30;46113;0,4
Balýkesir;Gönen;ÖRDEK;Kanatlý Hayvan;2638;123,5;46295
Balýkesir;Havran;ÖRDEK;Kanatlý Hayvan;265;46124;46025
Balýkesir;Ývrindi;ÖRDEK;Kanatlý Hayvan;319;46279;46206
Balýkesir;Karesi;ÖRDEK;Kanatlý Hayvan;107508;5031,4;1258,1
Balýkesir;Kepsut;ÖRDEK;Kanatlý Hayvan;40;46266;0,5
Balýkesir;Manyas;ÖRDEK;Kanatlý Hayvan;2694;126,1;46173
Balýkesir;Marmara;ÖRDEK;Kanatlý Hayvan;50;46083;0,6
Balýkesir;Savaþtepe;ÖRDEK;Kanatlý Hayvan;190;46273;46055
Balýkesir;Sýndýrgý;ÖRDEK;Kanatlý Hayvan;164;46210;46266
Balýkesir;Susurluk;ÖRDEK;Kanatlý Hayvan;873;40,9;46063
Balýkesir;Altýeylül;YUMURTA TAVUÐU;Kanatlý Hayvan;716429;39224,5;9807,9
Balýkesir;Ayvalýk;YUMURTA TAVUÐU;Kanatlý Hayvan;15500;848,6;212,2
Balýkesir;Balya;YUMURTA TAVUÐU;Kanatlý Hayvan;127280;6968,6;1742,5
Balýkesir;Bandýrma;YUMURTA TAVUÐU;Kanatlý Hayvan;3371654;184598,1;46157,8
Balýkesir;Bigadiç;YUMURTA TAVUÐU;Kanatlý Hayvan;75500;4133,6;1033,6
Balýkesir;Burhaniye;YUMURTA TAVUÐU;Kanatlý Hayvan;285000;15603,8;3901,6
Balýkesir;Dursunbey;YUMURTA TAVUÐU;Kanatlý Hayvan;9680;530;132,5
Balýkesir;Edremit;YUMURTA TAVUÐU;Kanatlý Hayvan;2795;153;38,3
Balýkesir;Erdek;YUMURTA TAVUÐU;Kanatlý Hayvan;14500;793,9;198,5
Balýkesir;Gömeç;YUMURTA TAVUÐU;Kanatlý Hayvan;1300;71,2;46251
Balýkesir;Gönen;YUMURTA TAVUÐU;Kanatlý Hayvan;393000;21516,8;5380,2
Balýkesir;Havran;YUMURTA TAVUÐU;Kanatlý Hayvan;5160;282,5;70,6
Balýkesir;Ývrindi;YUMURTA TAVUÐU;Kanatlý Hayvan;20980;1148,7;287,2
Balýkesir;Karesi;YUMURTA TAVUÐU;Kanatlý Hayvan;13400;733,7;183,4
Balýkesir;Kepsut;YUMURTA TAVUÐU;Kanatlý Hayvan;14151;774,8;193,7
Balýkesir;Manyas;YUMURTA TAVUÐU;Kanatlý Hayvan;1402496;76786,7;19200,1
Balýkesir;Marmara;YUMURTA TAVUÐU;Kanatlý Hayvan;550;46052;46149
Balýkesir;Savaþtepe;YUMURTA TAVUÐU;Kanatlý Hayvan;282000;15439,5;3860,6
Balýkesir;Sýndýrgý;YUMURTA TAVUÐU;Kanatlý Hayvan;16000;876;219
Balýkesir;Susurluk;YUMURTA TAVUÐU;Kanatlý Hayvan;101061;5533,1;1383,5
Bilecik;Bozüyük;AT;Büyükbaþ Hayvan;3;46128;0,1
Bilecik;Gölpazarý;AT;Büyükbaþ Hayvan;2;11;0,1
Bilecik;Ýnhisar;AT;Büyükbaþ Hayvan;5;46139;0,1
Bilecik;Pazaryeri;AT;Büyükbaþ Hayvan;34;186,2;1
Bilecik;Söðüt;AT;Büyükbaþ Hayvan;6;32,9;0,2
Bilecik;Yenipazar;AT;Büyükbaþ Hayvan;2;11;0,1
Bilecik;Bozüyük;EÞEK;Büyükbaþ Hayvan;12;32,9;0,1
Bilecik;Gölpazarý;EÞEK;Büyükbaþ Hayvan;10;46139;0,1
Bilecik;Ýnhisar;EÞEK;Büyükbaþ Hayvan;32;87,6;0,3
Bilecik;Merkez;EÞEK;Büyükbaþ Hayvan;12;32,9;0,1
Bilecik;Pazaryeri;EÞEK;Büyükbaþ Hayvan;28;76,7;0,2
Bilecik;Söðüt;EÞEK;Büyükbaþ Hayvan;42;115;0,4
Bilecik;Yenipazar;EÞEK;Büyükbaþ Hayvan;16;43,8;0,1
Bilecik;Bozüyük;KATIR;Büyükbaþ Hayvan;2;46242;0
Bilecik;Pazaryeri;KATIR;Büyükbaþ Hayvan;15;65,7;0,3
Bilecik;Söðüt;KATIR;Büyükbaþ Hayvan;8;35;0,2
Bilecik;Bozüyük;MANDA;Büyükbaþ Hayvan;11;80,3;0,6
Bilecik;Merkez;MANDA;Büyükbaþ Hayvan;191;1394,3;46152
Bilecik;Osmaneli;MANDA;Büyükbaþ Hayvan;18;131,4;1
Bilecik;Bozüyük;SIÐIR (KÜLTÜR);Büyükbaþ Hayvan;4840;44165;354,7
Bilecik;Gölpazarý;SIÐIR (KÜLTÜR);Büyükbaþ Hayvan;3211;29300,4;235,3
Bilecik;Ýnhisar;SIÐIR (KÜLTÜR);Büyükbaþ Hayvan;144;1314;46183
Bilecik;Merkez;SIÐIR (KÜLTÜR);Büyükbaþ Hayvan;5714;52140,3;418,7
Bilecik;Osmaneli;SIÐIR (KÜLTÜR);Büyükbaþ Hayvan;3409;31107,1;249,8
Bilecik;Pazaryeri;SIÐIR (KÜLTÜR);Büyükbaþ Hayvan;3967;36198,9;290,7
Bilecik;Söðüt;SIÐIR (KÜLTÜR);Büyükbaþ Hayvan;3003;27402,4;220
Bilecik;Yenipazar;SIÐIR (KÜLTÜR);Büyükbaþ Hayvan;3185;29063,1;233,4
Bilecik;Bozüyük;SIÐIR (MELEZ);Büyükbaþ Hayvan;2201;14460,6;92,9
Bilecik;Gölpazarý;SIÐIR (MELEZ);Büyükbaþ Hayvan;1000;6570;42,2
Bilecik;Ýnhisar;SIÐIR (MELEZ);Büyükbaþ Hayvan;171;1123,5;46060
Bilecik;Merkez;SIÐIR (MELEZ);Büyükbaþ Hayvan;2893;19007;122,1
Bilecik;Osmaneli;SIÐIR (MELEZ);Büyükbaþ Hayvan;1762;11576,3;74,4
Bilecik;Pazaryeri;SIÐIR (MELEZ);Büyükbaþ Hayvan;2153;14145,2;90,9
Bilecik;Söðüt;SIÐIR (MELEZ);Büyükbaþ Hayvan;1104;7253,3;46,6
Bilecik;Yenipazar;SIÐIR (MELEZ);Büyükbaþ Hayvan;766;5032,6;32,3
Bilecik;Bozüyük;SIÐIR (YERLÝ);Büyükbaþ Hayvan;100;547,5;46267
Bilecik;Gölpazarý;SIÐIR (YERLÝ);Büyükbaþ Hayvan;153;837,7;46146
Bilecik;Ýnhisar;SIÐIR (YERLÝ);Büyükbaþ Hayvan;10;54,8;0,3
Bilecik;Merkez;SIÐIR (YERLÝ);Büyükbaþ Hayvan;163;892,4;46238
Bilecik;Osmaneli;SIÐIR (YERLÝ);Büyükbaþ Hayvan;100;547,5;46267
Bilecik;Pazaryeri;SIÐIR (YERLÝ);Büyükbaþ Hayvan;120;657;46145
Bilecik;Söðüt;SIÐIR (YERLÝ);Büyükbaþ Hayvan;296;1620,6;46211
Bilecik;Bozüyük;KEÇÝ (KIL);Küçükbaþ Hayvan;2213;1615,5;46175
Bilecik;Gölpazarý;KEÇÝ (KIL);Küçükbaþ Hayvan;4679;3415,7;46147
Bilecik;Ýnhisar;KEÇÝ (KIL);Küçükbaþ Hayvan;5687;4151,5;46209
Bilecik;Merkez;KEÇÝ (KIL);Küçükbaþ Hayvan;9105;6646,7;46213
Bilecik;Osmaneli;KEÇÝ (KIL);Küçükbaþ Hayvan;6750;4927,5;46272
Bilecik;Pazaryeri;KEÇÝ (KIL);Küçükbaþ Hayvan;1709;1247,6;2
Bilecik;Söðüt;KEÇÝ (KIL);Küçükbaþ Hayvan;12447;9086,3;46187
Bilecik;Yenipazar;KEÇÝ (KIL);Küçükbaþ Hayvan;263;192;0,3
Bilecik;Bozüyük;KEÇÝ (TÝFTÝK);Küçükbaþ Hayvan;13;46151;0
Bilecik;Merkez;KEÇÝ (TÝFTÝK);Küçükbaþ Hayvan;1;0,7;0
Bilecik;Bozüyük;KOYUN (MERÝNOS);Küçükbaþ Hayvan;521;570,5;46113
Bilecik;Gölpazarý;KOYUN (MERÝNOS);Küçükbaþ Hayvan;2533;2773,6;46209
Bilecik;Merkez;KOYUN (MERÝNOS);Küçükbaþ Hayvan;841;920,9;46055
Bilecik;Osmaneli;KOYUN (MERÝNOS);Küçükbaþ Hayvan;449;491,7;46054
Bilecik;Pazaryeri;KOYUN (MERÝNOS);Küçükbaþ Hayvan;1419;1553,8;46206
Bilecik;Bozüyük;KOYUN (YERLÝ);Küçükbaþ Hayvan;30322;33202,6;80
Bilecik;Gölpazarý;KOYUN (YERLÝ);Küçükbaþ Hayvan;7961;8717,3;21
Bilecik;Ýnhisar;KOYUN (YERLÝ);Küçükbaþ Hayvan;3345;3662,8;46242
Bilecik;Merkez;KOYUN (YERLÝ);Küçükbaþ Hayvan;20806;22782,6;54,9
Bilecik;Osmaneli;KOYUN (YERLÝ);Küçükbaþ Hayvan;9328;10214,2;46197
Bilecik;Pazaryeri;KOYUN (YERLÝ);Küçükbaþ Hayvan;12645;13846,3;33,4
Bilecik;Söðüt;KOYUN (YERLÝ);Küçükbaþ Hayvan;19520;21374,4;51,5
Bilecik;Yenipazar;KOYUN (YERLÝ);Küçükbaþ Hayvan;2634;2884,2;46271
Bilecik;Bozüyük;ET TAVUÐU;Kanatlý Hayvan;256000;6912;1728,3
Bilecik;Gölpazarý;ET TAVUÐU;Kanatlý Hayvan;330260;8917;2229,7
Bilecik;Ýnhisar;ET TAVUÐU;Kanatlý Hayvan;42501;1147,5;286,9
Bilecik;Merkez;ET TAVUÐU;Kanatlý Hayvan;462500;12487,5;3122,4
Bilecik;Osmaneli;ET TAVUÐU;Kanatlý Hayvan;2815000;76005;19004,7
Bilecik;Pazaryeri;ET TAVUÐU;Kanatlý Hayvan;160900;4344,3;1086,3
Bilecik;Söðüt;ET TAVUÐU;Kanatlý Hayvan;85000;2295;573,9
Bilecik;Yenipazar;ET TAVUÐU;Kanatlý Hayvan;0;0;0
Bilecik;Bozüyük;HÝNDÝ;Kanatlý Hayvan;133;5;46054
Bilecik;Gölpazarý;HÝNDÝ;Kanatlý Hayvan;579;46224;46117
Bilecik;Ýnhisar;HÝNDÝ;Kanatlý Hayvan;44;46204;0,4
Bilecik;Merkez;HÝNDÝ;Kanatlý Hayvan;457;46039;46085
Bilecik;Osmaneli;HÝNDÝ;Kanatlý Hayvan;367;46247;46115
Bilecik;Pazaryeri;HÝNDÝ;Kanatlý Hayvan;97;46176;0,9
Bilecik;Söðüt;HÝNDÝ;Kanatlý Hayvan;175;46179;46174
Bilecik;Yenipazar;HÝNDÝ;Kanatlý Hayvan;619;46076;46239
Bilecik;Bozüyük;KAZ;Kanatlý Hayvan;35;46174;0,4
Bilecik;Gölpazarý;KAZ;Kanatlý Hayvan;134;46087;46174
Bilecik;Ýnhisar;KAZ;Kanatlý Hayvan;10;0,5;0,1
Bilecik;Merkez;KAZ;Kanatlý Hayvan;156;46088;46235
Bilecik;Osmaneli;KAZ;Kanatlý Hayvan;243;46123;46236
Bilecik;Pazaryeri;KAZ;Kanatlý Hayvan;124;46239;46143
Bilecik;Söðüt;KAZ;Kanatlý Hayvan;70;46084;0,8
Bilecik;Yenipazar;KAZ;Kanatlý Hayvan;692;32,4;46030
Bilecik;Bozüyük;ÖRDEK;Kanatlý Hayvan;49;46083;0,6
Bilecik;Gölpazarý;ÖRDEK;Kanatlý Hayvan;498;46104;46239
Bilecik;Ýnhisar;ÖRDEK;Kanatlý Hayvan;32;46143;0,4
Bilecik;Merkez;ÖRDEK;Kanatlý Hayvan;211;46274;46144
Bilecik;Osmaneli;ÖRDEK;Kanatlý Hayvan;96;46146;46023
Bilecik;Pazaryeri;ÖRDEK;Kanatlý Hayvan;84;46268;1
Bilecik;Söðüt;ÖRDEK;Kanatlý Hayvan;65;3;0,8
Bilecik;Yenipazar;ÖRDEK;Kanatlý Hayvan;218;46063;46175
Bilecik;Bozüyük;YUMURTA TAVUÐU;Kanatlý Hayvan;155000;8486,3;2121,9
Bilecik;Gölpazarý;YUMURTA TAVUÐU;Kanatlý Hayvan;6000;328,5;82,1
Bilecik;Ýnhisar;YUMURTA TAVUÐU;Kanatlý Hayvan;564;46295;46210
Bilecik;Merkez;YUMURTA TAVUÐU;Kanatlý Hayvan;4867;266,5;66,6
Bilecik;Osmaneli;YUMURTA TAVUÐU;Kanatlý Hayvan;21850;1196,3;299,1
Bilecik;Pazaryeri;YUMURTA TAVUÐU;Kanatlý Hayvan;1415;77,5;46131
Bilecik;Söðüt;YUMURTA TAVUÐU;Kanatlý Hayvan;3354;183,6;45,9
Bilecik;Yenipazar;YUMURTA TAVUÐU;Kanatlý Hayvan;2118;116;29
Bingöl;Adaklý;AT;Büyükbaþ Hayvan;56;306,6;46174
Bingöl;Genç;AT;Büyükbaþ Hayvan;60;328,5;46235
Bingöl;Karlýova;AT;Büyükbaþ Hayvan;895;4900,1;46079
Bingöl;Kiðý;AT;Büyükbaþ Hayvan;34;186,2;1
Bingöl;Merkez;AT;Büyükbaþ Hayvan;193;1056,7;46208
Bingöl;Solhan;AT;Büyükbaþ Hayvan;218;1193,6;46118
Bingöl;Yayladere;AT;Büyükbaþ Hayvan;5;46139;0,1
Bingöl;Yedisu;AT;Büyükbaþ Hayvan;38;208,1;46023
Bingöl;Adaklý;EÞEK;Büyükbaþ Hayvan;108;295,7;0,9
Bingöl;Genç;EÞEK;Büyükbaþ Hayvan;140;383,3;46054
Bingöl;Karlýova;EÞEK;Büyükbaþ Hayvan;530;1450,9;46207
Bingöl;Kiðý;EÞEK;Büyükbaþ Hayvan;57;156;0,5
Bingöl;Merkez;EÞEK;Büyükbaþ Hayvan;347;949,9;46025
Bingöl;Solhan;EÞEK;Büyükbaþ Hayvan;1137;3112,5;10
Bingöl;Yayladere;EÞEK;Büyükbaþ Hayvan;19;52;0,2
Bingöl;Yedisu;EÞEK;Büyükbaþ Hayvan;20;54,8;0,2
Bingöl;Adaklý;KATIR;Büyükbaþ Hayvan;52;227,8;1
Bingöl;Genç;KATIR;Büyükbaþ Hayvan;100;438;46266
Bingöl;Karlýova;KATIR;Büyükbaþ Hayvan;190;832,2;46176
Bingöl;Kiðý;KATIR;Büyükbaþ Hayvan;23;100,7;0,4
Bingöl;Merkez;KATIR;Büyükbaþ Hayvan;91;398,6;46204
Bingöl;Solhan;KATIR;Büyükbaþ Hayvan;161;705,2;3
Bingöl;Yayladere;KATIR;Büyükbaþ Hayvan;2;46242;0
Bingöl;Yedisu;KATIR;Büyükbaþ Hayvan;12;52,6;0,2
Bingöl;Karlýova;MANDA;Büyükbaþ Hayvan;5;36,5;0,3
Bingöl;Merkez;MANDA;Büyükbaþ Hayvan;185;1350,5;46032
Bingöl;Adaklý;SIÐIR (KÜLTÜR);Büyükbaþ Hayvan;1623;14809,9;118,9
Bingöl;Genç;SIÐIR (KÜLTÜR);Büyükbaþ Hayvan;5649;51547,1;413,9
Bingöl;Karlýova;SIÐIR (KÜLTÜR);Büyükbaþ Hayvan;5543;50579,9;406,2
Bingöl;Kiðý;SIÐIR (KÜLTÜR);Büyükbaþ Hayvan;218;1989,3;16
Bingöl;Merkez;SIÐIR (KÜLTÜR);Büyükbaþ Hayvan;17653;161083,6;1293,5
Bingöl;Solhan;SIÐIR (KÜLTÜR);Büyükbaþ Hayvan;1229;11214,6;90,1
Bingöl;Yayladere;SIÐIR (KÜLTÜR);Büyükbaþ Hayvan;557;5082,6;40,8
Bingöl;Yedisu;SIÐIR (KÜLTÜR);Büyükbaþ Hayvan;898;8194,3;65,8
Bingöl;Adaklý;SIÐIR (MELEZ);Büyükbaþ Hayvan;5753;37797,2;242,8
Bingöl;Genç;SIÐIR (MELEZ);Büyükbaþ Hayvan;13759;90396,6;580,7
Bingöl;Karlýova;SIÐIR (MELEZ);Büyükbaþ Hayvan;14072;92453;593,9
Bingöl;Kiðý;SIÐIR (MELEZ);Büyükbaþ Hayvan;2630;17279,1;111
Bingöl;Merkez;SIÐIR (MELEZ);Büyükbaþ Hayvan;32844;215785,1;1386,2
Bingöl;Solhan;SIÐIR (MELEZ);Büyükbaþ Hayvan;13129;86257,5;554,1
Bingöl;Yayladere;SIÐIR (MELEZ);Büyükbaþ Hayvan;935;6143;39,5
Bingöl;Yedisu;SIÐIR (MELEZ);Büyükbaþ Hayvan;3914;25715;165,2
Bingöl;Adaklý;SIÐIR (YERLÝ);Büyükbaþ Hayvan;1437;7867,6;42,1
Bingöl;Genç;SIÐIR (YERLÝ);Büyükbaþ Hayvan;1085;5940,4;46265
Bingöl;Karlýova;SIÐIR (YERLÝ);Büyükbaþ Hayvan;48;262,8;46113
Bingöl;Kiðý;SIÐIR (YERLÝ);Büyükbaþ Hayvan;569;3115,3;46219
Bingöl;Merkez;SIÐIR (YERLÝ);Büyükbaþ Hayvan;3903;21368,9;114,4
Bingöl;Solhan;SIÐIR (YERLÝ);Büyükbaþ Hayvan;1477;8086,6;43,3
Bingöl;Yayladere;SIÐIR (YERLÝ);Büyükbaþ Hayvan;140;766,5;46026
Bingöl;Yedisu;SIÐIR (YERLÝ);Büyükbaþ Hayvan;3517;19255,6;103,1
Bingöl;Adaklý;KEÇÝ (KIL);Küçükbaþ Hayvan;18489;13497;46224
Bingöl;Genç;KEÇÝ (KIL);Küçükbaþ Hayvan;30167;22021,9;35,4
Bingöl;Karlýova;KEÇÝ (KIL);Küçükbaþ Hayvan;12720;9285,6;46279
Bingöl;Kiðý;KEÇÝ (KIL);Küçükbaþ Hayvan;4796;3501,1;46178
Bingöl;Merkez;KEÇÝ (KIL);Küçükbaþ Hayvan;33400;24382;39,2
Bingöl;Solhan;KEÇÝ (KIL);Küçükbaþ Hayvan;39539;28863,5;46,4
Bingöl;Yayladere;KEÇÝ (KIL);Küçükbaþ Hayvan;1948;1422;46083
Bingöl;Yedisu;KEÇÝ (KIL);Küçükbaþ Hayvan;6623;4834,8;46241
Bingöl;Karlýova;KOYUN (MERÝNOS);Küçükbaþ Hayvan;40;43,8;0,1
Bingöl;Adaklý;KOYUN (YERLÝ);Küçükbaþ Hayvan;28340;31032,3;74,8
Bingöl;Genç;KOYUN (YERLÝ);Küçükbaþ Hayvan;3424;3749,3;9
Bingöl;Karlýova;KOYUN (YERLÝ);Küçükbaþ Hayvan;209300;229183,5;552,1
Bingöl;Kiðý;KOYUN (YERLÝ);Küçükbaþ Hayvan;4322;4732,6;46123
Bingöl;Merkez;KOYUN (YERLÝ);Küçükbaþ Hayvan;49019;53675,8;129,3
Bingöl;Solhan;KOYUN (YERLÝ);Küçükbaþ Hayvan;61766;67633,8;162,9
Bingöl;Yayladere;KOYUN (YERLÝ);Küçükbaþ Hayvan;808;884,8;46024
Bingöl;Yedisu;KOYUN (YERLÝ);Küçükbaþ Hayvan;6080;6657,6;16
Bingöl;Adaklý;ET TAVUÐU;Kanatlý Hayvan;0;0;0
Bingöl;Genç;ET TAVUÐU;Kanatlý Hayvan;0;0;0
Bingöl;Karlýova;ET TAVUÐU;Kanatlý Hayvan;0;0;0
Bingöl;Kiðý;ET TAVUÐU;Kanatlý Hayvan;0;0;0
Bingöl;Merkez;ET TAVUÐU;Kanatlý Hayvan;298000;8046;2011,9
Bingöl;Solhan;ET TAVUÐU;Kanatlý Hayvan;0;0;0
Bingöl;Yayladere;ET TAVUÐU;Kanatlý Hayvan;0;0;0
Bingöl;Yedisu;ET TAVUÐU;Kanatlý Hayvan;0;0;0
Bingöl;Adaklý;HÝNDÝ;Kanatlý Hayvan;1285;48,2;12
Bingöl;Genç;HÝNDÝ;Kanatlý Hayvan;915;34,3;46181
Bingöl;Karlýova;HÝNDÝ;Kanatlý Hayvan;1500;56,3;46036
Bingöl;Kiðý;HÝNDÝ;Kanatlý Hayvan;3220;120,8;30,2
Bingöl;Merkez;HÝNDÝ;Kanatlý Hayvan;21000;787,5;196,9
Bingöl;Solhan;HÝNDÝ;Kanatlý Hayvan;1045;39,2;46243
Bingöl;Yayladere;HÝNDÝ;Kanatlý Hayvan;35;46082;0,3
Bingöl;Yedisu;HÝNDÝ;Kanatlý Hayvan;205;46210;46266
Bingöl;Adaklý;KAZ;Kanatlý Hayvan;284;46094;46084
Bingöl;Genç;KAZ;Kanatlý Hayvan;125;46270;46143
Bingöl;Karlýova;KAZ;Kanatlý Hayvan;4500;210,6;52,7
Bingöl;Kiðý;KAZ;Kanatlý Hayvan;380;46251;46116
Bingöl;Merkez;KAZ;Kanatlý Hayvan;2250;105,3;46107
Bingöl;Solhan;KAZ;Kanatlý Hayvan;176;46061;46024
Bingöl;Yayladere;KAZ;Kanatlý Hayvan;0;0;0
Bingöl;Yedisu;KAZ;Kanatlý Hayvan;46;46055;0,5
Bingöl;Adaklý;ÖRDEK;Kanatlý Hayvan;160;46149;46266
Bingöl;Genç;ÖRDEK;Kanatlý Hayvan;165;46210;46266
Bingöl;Karlýova;ÖRDEK;Kanatlý Hayvan;500;46135;46270
Bingöl;Kiðý;ÖRDEK;Kanatlý Hayvan;470;22;46147
Bingöl;Merkez;ÖRDEK;Kanatlý Hayvan;1750;81,9;46162
Bingöl;Solhan;ÖRDEK;Kanatlý Hayvan;46;46055;0,5
Bingöl;Yayladere;ÖRDEK;Kanatlý Hayvan;0;0;0
Bingöl;Yedisu;ÖRDEK;Kanatlý Hayvan;125;46270;46143
Bingöl;Adaklý;YUMURTA TAVUÐU;Kanatlý Hayvan;6120;335,1;83,8
Bingöl;Genç;YUMURTA TAVUÐU;Kanatlý Hayvan;6415;351,2;87,8
Bingöl;Karlýova;YUMURTA TAVUÐU;Kanatlý Hayvan;10000;547,5;136,9
Bingöl;Kiðý;YUMURTA TAVUÐU;Kanatlý Hayvan;6600;361,4;90,4
Bingöl;Merkez;YUMURTA TAVUÐU;Kanatlý Hayvan;54500;2983,9;746,1
Bingöl;Solhan;YUMURTA TAVUÐU;Kanatlý Hayvan;7000;383,3;95,8
Bingöl;Yayladere;YUMURTA TAVUÐU;Kanatlý Hayvan;320;46159;46116
Bingöl;Yedisu;YUMURTA TAVUÐU;Kanatlý Hayvan;1350;73,9;46160
Bitlis;Adilcevaz;AT;Büyükbaþ Hayvan;25;136,9;0,7
Bitlis;Ahlat;AT;Büyükbaþ Hayvan;19;104;0,6
Bitlis;Güroymak;AT;Büyükbaþ Hayvan;83;454,4;46114
Bitlis;Hizan;AT;Büyükbaþ Hayvan;247;1352,3;46060
Bitlis;Merkez;AT;Büyükbaþ Hayvan;88;481,8;46175
Bitlis;Mutki;AT;Büyükbaþ Hayvan;21;115;0,6
Bitlis;Tatvan;AT;Büyükbaþ Hayvan;33;180,7;1
Bitlis;Adilcevaz;EÞEK;Büyükbaþ Hayvan;70;191,6;0,6
Bitlis;Ahlat;EÞEK;Büyükbaþ Hayvan;69;188,9;0,6
Bitlis;Güroymak;EÞEK;Büyükbaþ Hayvan;57;156;0,5
Bitlis;Hizan;EÞEK;Büyükbaþ Hayvan;165;451,7;46143
Bitlis;Merkez;EÞEK;Büyükbaþ Hayvan;33;90,3;0,3
Bitlis;Mutki;EÞEK;Büyükbaþ Hayvan;34;93,1;0,3
Bitlis;Tatvan;EÞEK;Büyükbaþ Hayvan;77;210,8;0,7
Bitlis;Hizan;KATIR;Büyükbaþ Hayvan;663;2903,9;46124
Bitlis;Merkez;KATIR;Büyükbaþ Hayvan;61;267,2;46023
Bitlis;Mutki;KATIR;Büyükbaþ Hayvan;85;372,3;46174
Bitlis;Tatvan;KATIR;Büyükbaþ Hayvan;2;46242;0
Bitlis;Güroymak;MANDA;Büyükbaþ Hayvan;9739;71094,7;532,8
Bitlis;Merkez;MANDA;Büyükbaþ Hayvan;4;29,2;0,2
Bitlis;Mutki;MANDA;Büyükbaþ Hayvan;634;4628,2;34,7
Bitlis;Adilcevaz;SIÐIR (KÜLTÜR);Büyükbaþ Hayvan;2233;20376,1;163,6
Bitlis;Ahlat;SIÐIR (KÜLTÜR);Büyükbaþ Hayvan;2880;26280;211
Bitlis;Güroymak;SIÐIR (KÜLTÜR);Büyükbaþ Hayvan;4173;38078,6;305,8
Bitlis;Hizan;SIÐIR (KÜLTÜR);Büyükbaþ Hayvan;2584;23579;189,3
Bitlis;Merkez;SIÐIR (KÜLTÜR);Büyükbaþ Hayvan;1290;11771,3;94,5
Bitlis;Mutki;SIÐIR (KÜLTÜR);Büyükbaþ Hayvan;1713;15631,1;125,5
Bitlis;Tatvan;SIÐIR (KÜLTÜR);Büyükbaþ Hayvan;3504;31974;256,8
Bitlis;Adilcevaz;SIÐIR (MELEZ);Büyükbaþ Hayvan;5076;33349,3;214,2
Bitlis;Ahlat;SIÐIR (MELEZ);Büyükbaþ Hayvan;8543;56127,5;360,6
Bitlis;Güroymak;SIÐIR (MELEZ);Büyükbaþ Hayvan;10459;68715,6;441,4
Bitlis;Hizan;SIÐIR (MELEZ);Büyükbaþ Hayvan;5683;37337,3;239,9
Bitlis;Merkez;SIÐIR (MELEZ);Büyükbaþ Hayvan;5846;38408,2;246,7
Bitlis;Mutki;SIÐIR (MELEZ);Büyükbaþ Hayvan;12385;81369,5;522,7
Bitlis;Tatvan;SIÐIR (MELEZ);Büyükbaþ Hayvan;6466;42481,6;272,9
Bitlis;Adilcevaz;SIÐIR (YERLÝ);Büyükbaþ Hayvan;955;5228,6;28
Bitlis;Ahlat;SIÐIR (YERLÝ);Büyükbaþ Hayvan;541;2962;46280
Bitlis;Güroymak;SIÐIR (YERLÝ);Büyükbaþ Hayvan;648;3547,8;19
Bitlis;Hizan;SIÐIR (YERLÝ);Büyükbaþ Hayvan;2472;13534,2;72,5
Bitlis;Merkez;SIÐIR (YERLÝ);Büyükbaþ Hayvan;1456;7971,6;42,7
Bitlis;Mutki;SIÐIR (YERLÝ);Büyükbaþ Hayvan;5178;28349,6;151,8
Bitlis;Tatvan;SIÐIR (YERLÝ);Büyükbaþ Hayvan;418;2288,6;46093
Bitlis;Adilcevaz;KEÇÝ (KIL);Küçükbaþ Hayvan;14228;10386,4;46219
Bitlis;Ahlat;KEÇÝ (KIL);Küçükbaþ Hayvan;18275;13340,8;46133
Bitlis;Güroymak;KEÇÝ (KIL);Küçükbaþ Hayvan;18229;13307,2;46133
Bitlis;Hizan;KEÇÝ (KIL);Küçükbaþ Hayvan;48583;35465,6;57
Bitlis;Merkez;KEÇÝ (KIL);Küçükbaþ Hayvan;17400;12702;46132
Bitlis;Mutki;KEÇÝ (KIL);Küçükbaþ Hayvan;84653;61796,7;99,2
Bitlis;Tatvan;KEÇÝ (KIL);Küçükbaþ Hayvan;28455;20772,2;33,4
Bitlis;Ahlat;KOYUN (MERÝNOS);Küçükbaþ Hayvan;254;278,1;0,7
Bitlis;Adilcevaz;KOYUN (YERLÝ);Küçükbaþ Hayvan;93237;102094,5;246
Bitlis;Ahlat;KOYUN (YERLÝ);Küçükbaþ Hayvan;87122;95398,6;229,8
Bitlis;Güroymak;KOYUN (YERLÝ);Küçükbaþ Hayvan;68777;75310,8;181,4
Bitlis;Hizan;KOYUN (YERLÝ);Küçükbaþ Hayvan;41292;45214,7;108,9
Bitlis;Merkez;KOYUN (YERLÝ);Küçükbaþ Hayvan;27700;30331,5;73,1
Bitlis;Mutki;KOYUN (YERLÝ);Küçükbaþ Hayvan;28394;31091,4;74,9
Bitlis;Tatvan;KOYUN (YERLÝ);Küçükbaþ Hayvan;68692;75217,7;181,2
Bitlis;Adilcevaz;ET TAVUÐU;Kanatlý Hayvan;0;0;0
Bitlis;Ahlat;ET TAVUÐU;Kanatlý Hayvan;0;0;0
Bitlis;Güroymak;ET TAVUÐU;Kanatlý Hayvan;0;0;0
Bitlis;Hizan;ET TAVUÐU;Kanatlý Hayvan;0;0;0
Bitlis;Merkez;ET TAVUÐU;Kanatlý Hayvan;0;0;0
Bitlis;Mutki;ET TAVUÐU;Kanatlý Hayvan;0;0;0
Bitlis;Tatvan;ET TAVUÐU;Kanatlý Hayvan;0;0;0
Bitlis;Adilcevaz;HÝNDÝ;Kanatlý Hayvan;2500;93,8;46135
Bitlis;Ahlat;HÝNDÝ;Kanatlý Hayvan;1250;46,9;46214
Bitlis;Güroymak;HÝNDÝ;Kanatlý Hayvan;432;46069;46026
Bitlis;Hizan;HÝNDÝ;Kanatlý Hayvan;1750;65,6;46128
Bitlis;Merkez;HÝNDÝ;Kanatlý Hayvan;164;46059;46143
Bitlis;Mutki;HÝNDÝ;Kanatlý Hayvan;285;46213;46205
Bitlis;Tatvan;HÝNDÝ;Kanatlý Hayvan;2900;108,8;46080
Bitlis;Adilcevaz;KAZ;Kanatlý Hayvan;352;46158;46026
Bitlis;Ahlat;KAZ;Kanatlý Hayvan;850;39,8;46274
Bitlis;Güroymak;KAZ;Kanatlý Hayvan;610;46170;46029
Bitlis;Hizan;KAZ;Kanatlý Hayvan;230;46244;46205
Bitlis;Merkez;KAZ;Kanatlý Hayvan;28;46082;0,3
Bitlis;Mutki;KAZ;Kanatlý Hayvan;233;46275;46205
Bitlis;Tatvan;KAZ;Kanatlý Hayvan;310;46156;46176
Bitlis;Adilcevaz;ÖRDEK;Kanatlý Hayvan;370;46098;46085
Bitlis;Ahlat;ÖRDEK;Kanatlý Hayvan;380;46251;46116
Bitlis;Güroymak;ÖRDEK;Kanatlý Hayvan;152;46029;46235
Bitlis;Hizan;ÖRDEK;Kanatlý Hayvan;170;8;2
Bitlis;Merkez;ÖRDEK;Kanatlý Hayvan;27;46082;0,3
Bitlis;Mutki;ÖRDEK;Kanatlý Hayvan;155;46088;46235
Bitlis;Tatvan;ÖRDEK;Kanatlý Hayvan;190;46273;46055
Bitlis;Adilcevaz;YUMURTA TAVUÐU;Kanatlý Hayvan;18500;1012,9;253,3
Bitlis;Ahlat;YUMURTA TAVUÐU;Kanatlý Hayvan;9450;517,4;129,4
Bitlis;Güroymak;YUMURTA TAVUÐU;Kanatlý Hayvan;5085;278,4;69,6
Bitlis;Hizan;YUMURTA TAVUÐU;Kanatlý Hayvan;10500;574,9;143,7
Bitlis;Merkez;YUMURTA TAVUÐU;Kanatlý Hayvan;10400;569,4;142,4
Bitlis;Mutki;YUMURTA TAVUÐU;Kanatlý Hayvan;12455;681,9;170,5
Bitlis;Tatvan;YUMURTA TAVUÐU;Kanatlý Hayvan;13000;711,8;178
Bolu;Dörtdivan;AT;Büyükbaþ Hayvan;14;76,7;0,4
Bolu;Gerede;AT;Büyükbaþ Hayvan;220;1204,5;46118
Bolu;Kýbrýscýk;AT;Büyükbaþ Hayvan;9;49,3;0,3
Bolu;Mengen;AT;Büyükbaþ Hayvan;7;38,3;0,2
Bolu;Merkez;AT;Büyükbaþ Hayvan;27;147,8;0,8
Bolu;Mudurnu;AT;Büyükbaþ Hayvan;49;268,3;46113
Bolu;Dörtdivan;EÞEK;Büyükbaþ Hayvan;1;46205;0
Bolu;Gerede;EÞEK;Büyükbaþ Hayvan;148;405,2;46082
Bolu;Kýbrýscýk;EÞEK;Büyükbaþ Hayvan;235;643,3;46024
Bolu;Mengen;EÞEK;Büyükbaþ Hayvan;23;63;0,2
Bolu;Merkez;EÞEK;Büyükbaþ Hayvan;4;11;0
Bolu;Mudurnu;EÞEK;Büyükbaþ Hayvan;23;63;0,2
Bolu;Seben;EÞEK;Büyükbaþ Hayvan;10;46139;0,1
Bolu;Gerede;KATIR;Büyükbaþ Hayvan;17;74,5;0,3
Bolu;Seben;KATIR;Büyükbaþ Hayvan;5;46286;0,1
Bolu;Dörtdivan;MANDA;Büyükbaþ Hayvan;4;29,2;0,2
Bolu;Gerede;MANDA;Büyükbaþ Hayvan;121;883,3;46179
Bolu;Göynük;MANDA;Büyükbaþ Hayvan;85;620,5;46207
Bolu;Mengen;MANDA;Büyükbaþ Hayvan;109;795,7;6
Bolu;Merkez;MANDA;Büyükbaþ Hayvan;1379;10066,7;75,4
Bolu;Mudurnu;MANDA;Büyükbaþ Hayvan;18;131,4;1
Bolu;Seben;MANDA;Büyükbaþ Hayvan;5;36,5;0,3
Bolu;Yeniçaða;MANDA;Büyükbaþ Hayvan;14;102,2;0,8
Bolu;Dörtdivan;SIÐIR (KÜLTÜR);Büyükbaþ Hayvan;2290;20896,3;167,8
Bolu;Gerede;SIÐIR (KÜLTÜR);Büyükbaþ Hayvan;7080;64605;518,8
Bolu;Göynük;SIÐIR (KÜLTÜR);Büyükbaþ Hayvan;5190;47358,8;380,3
Bolu;Kýbrýscýk;SIÐIR (KÜLTÜR);Büyükbaþ Hayvan;6355;57989,4;465,7
Bolu;Mengen;SIÐIR (KÜLTÜR);Büyükbaþ Hayvan;5183;47294,9;379,8
Bolu;Merkez;SIÐIR (KÜLTÜR);Büyükbaþ Hayvan;24626;224712,3;1804,5
Bolu;Mudurnu;SIÐIR (KÜLTÜR);Büyükbaþ Hayvan;20955;191214,4;1535,5
Bolu;Seben;SIÐIR (KÜLTÜR);Büyükbaþ Hayvan;2899;26453,4;212,4
Bolu;Yeniçaða;SIÐIR (KÜLTÜR);Büyükbaþ Hayvan;2074;18925,3;152
Bolu;Dörtdivan;SIÐIR (MELEZ);Büyükbaþ Hayvan;6380;41916,6;269,3
Bolu;Gerede;SIÐIR (MELEZ);Büyükbaþ Hayvan;10275;67506,8;433,7
Bolu;Göynük;SIÐIR (MELEZ);Büyükbaþ Hayvan;9240;60706,8;390
Bolu;Kýbrýscýk;SIÐIR (MELEZ);Büyükbaþ Hayvan;641;4211,4;46049
Bolu;Mengen;SIÐIR (MELEZ);Büyükbaþ Hayvan;2177;14302,9;91,9
Bolu;Merkez;SIÐIR (MELEZ);Büyükbaþ Hayvan;7905;51935,9;333,6
Bolu;Mudurnu;SIÐIR (MELEZ);Büyükbaþ Hayvan;4013;26365,4;169,4
Bolu;Seben;SIÐIR (MELEZ);Büyükbaþ Hayvan;2999;19703,4;126,6
Bolu;Yeniçaða;SIÐIR (MELEZ);Büyükbaþ Hayvan;1075;7062,8;45,4
Bolu;Dörtdivan;SIÐIR (YERLÝ);Büyükbaþ Hayvan;550;3011,3;46038
Bolu;Gerede;SIÐIR (YERLÝ);Büyükbaþ Hayvan;4825;26416,9;141,4
Bolu;Göynük;SIÐIR (YERLÝ);Büyükbaþ Hayvan;2316;12680,1;67,9
Bolu;Kýbrýscýk;SIÐIR (YERLÝ);Büyükbaþ Hayvan;397;2173,6;46184
Bolu;Mengen;SIÐIR (YERLÝ);Büyükbaþ Hayvan;153;837,7;46146
Bolu;Merkez;SIÐIR (YERLÝ);Büyükbaþ Hayvan;408;2233,8;12
Bolu;Mudurnu;SIÐIR (YERLÝ);Büyükbaþ Hayvan;43;235,4;46082
Bolu;Seben;SIÐIR (YERLÝ);Büyükbaþ Hayvan;10;54,8;0,3
Bolu;Yeniçaða;SIÐIR (YERLÝ);Büyükbaþ Hayvan;133;728,2;46268
Bolu;Dörtdivan;KEÇÝ (KIL);Küçükbaþ Hayvan;93;67,9;0,1
Bolu;Gerede;KEÇÝ (KIL);Küçükbaþ Hayvan;985;719,1;46054
Bolu;Göynük;KEÇÝ (KIL);Küçükbaþ Hayvan;6400;4672;46149
Bolu;Kýbrýscýk;KEÇÝ (KIL);Küçükbaþ Hayvan;3489;2547;46026
Bolu;Mengen;KEÇÝ (KIL);Küçükbaþ Hayvan;480;350,4;0,6
Bolu;Merkez;KEÇÝ (KIL);Küçükbaþ Hayvan;2302;1680,5;46205
Bolu;Mudurnu;KEÇÝ (KIL);Küçükbaþ Hayvan;1940;1416,2;46083
Bolu;Seben;KEÇÝ (KIL);Küçükbaþ Hayvan;1700;1241;2
Bolu;Yeniçaða;KEÇÝ (KIL);Küçükbaþ Hayvan;143;104,4;0,2
Bolu;Kýbrýscýk;KEÇÝ (TÝFTÝK);Küçükbaþ Hayvan;3403;2484,2;4
Bolu;Merkez;KEÇÝ (TÝFTÝK);Küçükbaþ Hayvan;297;216,8;0,3
Bolu;Seben;KEÇÝ (TÝFTÝK);Küçükbaþ Hayvan;5086;3712,8;6
Bolu;Dörtdivan;KOYUN (MERÝNOS);Küçükbaþ Hayvan;3390;3712,1;46273
Bolu;Gerede;KOYUN (MERÝNOS);Küçükbaþ Hayvan;2135;2337,8;46178
Bolu;Göynük;KOYUN (MERÝNOS);Küçükbaþ Hayvan;895;980;46114
Bolu;Kýbrýscýk;KOYUN (MERÝNOS);Küçükbaþ Hayvan;1940;2124,3;46027
Bolu;Mengen;KOYUN (MERÝNOS);Küçükbaþ Hayvan;604;661,4;46174
Bolu;Merkez;KOYUN (MERÝNOS);Küçükbaþ Hayvan;3368;3688;46273
Bolu;Mudurnu;KOYUN (MERÝNOS);Küçükbaþ Hayvan;1979;2167;46058
Bolu;Seben;KOYUN (MERÝNOS);Küçükbaþ Hayvan;308;337,3;0,8
Bolu;Yeniçaða;KOYUN (MERÝNOS);Küçükbaþ Hayvan;55;60,2;0,1
Bolu;Dörtdivan;KOYUN (YERLÝ);Küçükbaþ Hayvan;3530;3865,4;46090
Bolu;Gerede;KOYUN (YERLÝ);Küçükbaþ Hayvan;2795;3060,5;46119
Bolu;Göynük;KOYUN (YERLÝ);Küçükbaþ Hayvan;4620;5058,9;46065
Bolu;Kýbrýscýk;KOYUN (YERLÝ);Küçükbaþ Hayvan;18444;20196,2;48,7
Bolu;Mengen;KOYUN (YERLÝ);Küçükbaþ Hayvan;6757;7398,9;46251
Bolu;Merkez;KOYUN (YERLÝ);Küçükbaþ Hayvan;9780;10709,1;46259
Bolu;Mudurnu;KOYUN (YERLÝ);Küçükbaþ Hayvan;10433;11424,1;46169
Bolu;Seben;KOYUN (YERLÝ);Küçükbaþ Hayvan;23881;26149,7;63
Bolu;Yeniçaða;KOYUN (YERLÝ);Küçükbaþ Hayvan;289;316,5;0,8
Bolu;Dörtdivan;ET TAVUÐU;Kanatlý Hayvan;1644490;44401,2;11102,3
Bolu;Gerede;ET TAVUÐU;Kanatlý Hayvan;950000;25650;6413,7
Bolu;Göynük;ET TAVUÐU;Kanatlý Hayvan;5450000;147150;36794,1
Bolu;Kýbrýscýk;ET TAVUÐU;Kanatlý Hayvan;1123480;30334;7584,9
Bolu;Mengen;ET TAVUÐU;Kanatlý Hayvan;420000;11340;2835,5
Bolu;Merkez;ET TAVUÐU;Kanatlý Hayvan;6600000;178200;44558
Bolu;Mudurnu;ET TAVUÐU;Kanatlý Hayvan;6650000;179550;44895,6
Bolu;Seben;ET TAVUÐU;Kanatlý Hayvan;351456;9489,3;2372,8
Bolu;Yeniçaða;ET TAVUÐU;Kanatlý Hayvan;1038615;28042,6;7011,9
Bolu;Dörtdivan;HÝNDÝ;Kanatlý Hayvan;14510;544,1;136,1
Bolu;Gerede;HÝNDÝ;Kanatlý Hayvan;1000;37,5;46121
Bolu;Göynük;HÝNDÝ;Kanatlý Hayvan;58832;2206,2;551,6
Bolu;Kýbrýscýk;HÝNDÝ;Kanatlý Hayvan;150;46178;46113
Bolu;Mengen;HÝNDÝ;Kanatlý Hayvan;21000;787,5;196,9
Bolu;Merkez;HÝNDÝ;Kanatlý Hayvan;510000;19125;4782,1
Bolu;Mudurnu;HÝNDÝ;Kanatlý Hayvan;424450;15916,9;3979,9
Bolu;Seben;HÝNDÝ;Kanatlý Hayvan;17100;641,3;160,3
Bolu;Yeniçaða;HÝNDÝ;Kanatlý Hayvan;275;46091;46175
Bolu;Dörtdivan;KAZ;Kanatlý Hayvan;5300;248;62
Bolu;Gerede;KAZ;Kanatlý Hayvan;1300;60,8;46068
Bolu;Göynük;KAZ;Kanatlý Hayvan;600;46050;7
Bolu;Kýbrýscýk;KAZ;Kanatlý Hayvan;50;46083;0,6
Bolu;Mengen;KAZ;Kanatlý Hayvan;700;32,8;46061
Bolu;Merkez;KAZ;Kanatlý Hayvan;661;46295;46210
Bolu;Mudurnu;KAZ;Kanatlý Hayvan;0;0;0
Bolu;Seben;KAZ;Kanatlý Hayvan;32;46143;0,4
Bolu;Yeniçaða;KAZ;Kanatlý Hayvan;425;46284;5
Bolu;Dörtdivan;ÖRDEK;Kanatlý Hayvan;1800;84,2;46043
Bolu;Gerede;ÖRDEK;Kanatlý Hayvan;1500;70,2;46190
Bolu;Göynük;ÖRDEK;Kanatlý Hayvan;0;0;0
Bolu;Kýbrýscýk;ÖRDEK;Kanatlý Hayvan;84;46268;1
Bolu;Mengen;ÖRDEK;Kanatlý Hayvan;700;32,8;46061
Bolu;Merkez;ÖRDEK;Kanatlý Hayvan;510;46288;6
Bolu;Mudurnu;ÖRDEK;Kanatlý Hayvan;22840;1068,9;267,3
Bolu;Seben;ÖRDEK;Kanatlý Hayvan;30;46113;0,4
Bolu;Yeniçaða;ÖRDEK;Kanatlý Hayvan;210;46243;46144
Bolu;Dörtdivan;YUMURTA TAVUÐU;Kanatlý Hayvan;7300;399,7;99,9
Bolu;Gerede;YUMURTA TAVUÐU;Kanatlý Hayvan;18000;985,5;246,4
Bolu;Göynük;YUMURTA TAVUÐU;Kanatlý Hayvan;130000;7117,5;1779,7
Bolu;Kýbrýscýk;YUMURTA TAVUÐU;Kanatlý Hayvan;400;46286;46147
Bolu;Mengen;YUMURTA TAVUÐU;Kanatlý Hayvan;13000;711,8;178
Bolu;Merkez;YUMURTA TAVUÐU;Kanatlý Hayvan;66000;3613,5;903,5
Bolu;Mudurnu;YUMURTA TAVUÐU;Kanatlý Hayvan;1450000;79387,5;19850,4
Bolu;Seben;YUMURTA TAVUÐU;Kanatlý Hayvan;1100;60,2;46037
Bolu;Yeniçaða;YUMURTA TAVUÐU;Kanatlý Hayvan;2052707;112385,7;28101,5
Burdur;Aðlasun;AT;Büyükbaþ Hayvan;60;328,5;46235
Burdur;Altýnyayla;AT;Büyükbaþ Hayvan;20;109,5;0,6
Burdur;Bucak;AT;Büyükbaþ Hayvan;35;191,6;1
Burdur;Çavdýr;AT;Büyükbaþ Hayvan;5;46139;0,1
Burdur;Çeltikçi;AT;Büyükbaþ Hayvan;10;54,8;0,3
Burdur;Gölhisar;AT;Büyükbaþ Hayvan;42;230;46054
Burdur;Karamanlý;AT;Büyükbaþ Hayvan;15;82,1;0,4
Burdur;Kemer;AT;Büyükbaþ Hayvan;19;104;0,6
Burdur;Merkez;AT;Büyükbaþ Hayvan;84;459,9;46144
Burdur;Tefenni;AT;Büyükbaþ Hayvan;4;46286;0,1
Burdur;Yeþilova;AT;Büyükbaþ Hayvan;24;131,4;0,7
Burdur;Aðlasun;EÞEK;Büyükbaþ Hayvan;50;136,9;0,4
Burdur;Altýnyayla;EÞEK;Büyükbaþ Hayvan;50;136,9;0,4
Burdur;Bucak;EÞEK;Büyükbaþ Hayvan;25;68,4;0,2
Burdur;Çavdýr;EÞEK;Büyükbaþ Hayvan;14;38,3;0,1
Burdur;Çeltikçi;EÞEK;Büyükbaþ Hayvan;70;191,6;0,6
Burdur;Gölhisar;EÞEK;Büyükbaþ Hayvan;85;232,7;0,7
Burdur;Karamanlý;EÞEK;Büyükbaþ Hayvan;12;32,9;0,1
Burdur;Kemer;EÞEK;Büyükbaþ Hayvan;9;46197;0,1
Burdur;Merkez;EÞEK;Büyükbaþ Hayvan;213;583,1;46266
Burdur;Tefenni;EÞEK;Büyükbaþ Hayvan;6;46128;0,1
Burdur;Yeþilova;EÞEK;Büyükbaþ Hayvan;69;188,9;0,6
Burdur;Aðlasun;KATIR;Büyükbaþ Hayvan;21;92;0,4
Burdur;Altýnyayla;KATIR;Büyükbaþ Hayvan;30;131,4;0,6
Burdur;Bucak;KATIR;Büyükbaþ Hayvan;74;324,1;46113
Burdur;Gölhisar;KATIR;Büyükbaþ Hayvan;13;56,9;0,2
Burdur;Karamanlý;KATIR;Büyükbaþ Hayvan;4;46159;0,1
Burdur;Merkez;KATIR;Büyükbaþ Hayvan;8;35;0,2
Burdur;Tefenni;KATIR;Büyükbaþ Hayvan;2;46242;0
Burdur;Aðlasun;SIÐIR (KÜLTÜR);Büyükbaþ Hayvan;6052;55224,5;443,5
Burdur;Altýnyayla;SIÐIR (KÜLTÜR);Büyükbaþ Hayvan;2103;19189,9;154,1
Burdur;Bucak;SIÐIR (KÜLTÜR);Büyükbaþ Hayvan;32770;299026,3;2401,3
Burdur;Çavdýr;SIÐIR (KÜLTÜR);Büyükbaþ Hayvan;9280;84680;680
Burdur;Çeltikçi;SIÐIR (KÜLTÜR);Büyükbaþ Hayvan;6475;59084,4;474,5
Burdur;Gölhisar;SIÐIR (KÜLTÜR);Büyükbaþ Hayvan;14796;135013,5;1084,2
Burdur;Karamanlý;SIÐIR (KÜLTÜR);Büyükbaþ Hayvan;13004;118661,5;952,9
Burdur;Kemer;SIÐIR (KÜLTÜR);Büyükbaþ Hayvan;9670;88238,8;708,6
Burdur;Merkez;SIÐIR (KÜLTÜR);Büyükbaþ Hayvan;73913;674456,1;5416,1
Burdur;Tefenni;SIÐIR (KÜLTÜR);Büyükbaþ Hayvan;9700;88512,5;710,8
Burdur;Yeþilova;SIÐIR (KÜLTÜR);Büyükbaþ Hayvan;22117;201817,6;1620,6
Burdur;Aðlasun;SIÐIR (MELEZ);Büyükbaþ Hayvan;911;5985,3;38,5
Burdur;Altýnyayla;SIÐIR (MELEZ);Büyükbaþ Hayvan;625;4106,3;46138
Burdur;Bucak;SIÐIR (MELEZ);Büyükbaþ Hayvan;4836;31772,5;204,1
Burdur;Çavdýr;SIÐIR (MELEZ);Büyükbaþ Hayvan;2655;17443,4;112,1
Burdur;Çeltikçi;SIÐIR (MELEZ);Büyükbaþ Hayvan;892;5860,4;37,6
Burdur;Gölhisar;SIÐIR (MELEZ);Büyükbaþ Hayvan;2217;14565,7;93,6
Burdur;Karamanlý;SIÐIR (MELEZ);Büyükbaþ Hayvan;1440;9460,8;60,8
Burdur;Kemer;SIÐIR (MELEZ);Büyükbaþ Hayvan;1825;11990,3;77
Burdur;Merkez;SIÐIR (MELEZ);Büyükbaþ Hayvan;1647;10820,8;69,5
Burdur;Tefenni;SIÐIR (MELEZ);Büyükbaþ Hayvan;965;6340,1;40,7
Burdur;Yeþilova;SIÐIR (MELEZ);Büyükbaþ Hayvan;3913;25708,4;165,2
Burdur;Aðlasun;SIÐIR (YERLÝ);Büyükbaþ Hayvan;37;202,6;46023
Burdur;Altýnyayla;SIÐIR (YERLÝ);Büyükbaþ Hayvan;22;120,5;0,6
Burdur;Bucak;SIÐIR (YERLÝ);Büyükbaþ Hayvan;394;2157,2;46153
Burdur;Çavdýr;SIÐIR (YERLÝ);Büyükbaþ Hayvan;65;355,9;46266
Burdur;Çeltikçi;SIÐIR (YERLÝ);Büyükbaþ Hayvan;113;618,7;46084
Burdur;Gölhisar;SIÐIR (YERLÝ);Büyükbaþ Hayvan;20;109,5;0,6
Burdur;Karamanlý;SIÐIR (YERLÝ);Büyükbaþ Hayvan;56;306,6;46174
Burdur;Kemer;SIÐIR (YERLÝ);Büyükbaþ Hayvan;80;438;46083
Burdur;Merkez;SIÐIR (YERLÝ);Büyükbaþ Hayvan;39;213,5;46023
Burdur;Tefenni;SIÐIR (YERLÝ);Büyükbaþ Hayvan;141;772;46026
Burdur;Yeþilova;SIÐIR (YERLÝ);Büyükbaþ Hayvan;70;383,3;46024
Burdur;Aðlasun;KEÇÝ (KIL);Küçükbaþ Hayvan;15358;11211,3;18
Burdur;Altýnyayla;KEÇÝ (KIL);Küçükbaþ Hayvan;5836;4260,3;46240
Burdur;Bucak;KEÇÝ (KIL);Küçükbaþ Hayvan;41350;30185,5;48,5
Burdur;Çavdýr;KEÇÝ (KIL);Küçükbaþ Hayvan;22000;16060;46259
Burdur;Çeltikçi;KEÇÝ (KIL);Küçükbaþ Hayvan;11000;8030;46277
Burdur;Gölhisar;KEÇÝ (KIL);Küçükbaþ Hayvan;9750;7117,5;46123
Burdur;Karamanlý;KEÇÝ (KIL);Küçükbaþ Hayvan;5475;3996,8;46118
Burdur;Kemer;KEÇÝ (KIL);Küçükbaþ Hayvan;2501;1825,7;46267
Burdur;Merkez;KEÇÝ (KIL);Küçükbaþ Hayvan;35088;25614,2;41,1
Burdur;Tefenni;KEÇÝ (KIL);Küçükbaþ Hayvan;6000;4380;7
Burdur;Yeþilova;KEÇÝ (KIL);Küçükbaþ Hayvan;30645;22370,9;35,9
Burdur;Aðlasun;KOYUN (MERÝNOS);Küçükbaþ Hayvan;1621;1775;46085
Burdur;Altýnyayla;KOYUN (MERÝNOS);Küçükbaþ Hayvan;3000;3285;46272
Burdur;Çavdýr;KOYUN (MERÝNOS);Küçükbaþ Hayvan;6250;6843,8;46158
Burdur;Çeltikçi;KOYUN (MERÝNOS);Küçükbaþ Hayvan;585;640,6;46143
Burdur;Gölhisar;KOYUN (MERÝNOS);Küçükbaþ Hayvan;795;870,5;46024
Burdur;Karamanlý;KOYUN (MERÝNOS);Küçükbaþ Hayvan;8962;9813,4;46196
Burdur;Kemer;KOYUN (MERÝNOS);Küçükbaþ Hayvan;5936;6499,9;46218
Burdur;Merkez;KOYUN (MERÝNOS);Küçükbaþ Hayvan;20532;22482,5;54,2
Burdur;Tefenni;KOYUN (MERÝNOS);Küçükbaþ Hayvan;2430;2660,9;46118
Burdur;Yeþilova;KOYUN (MERÝNOS);Küçükbaþ Hayvan;17284;18926;45,6
Burdur;Aðlasun;KOYUN (YERLÝ);Küçükbaþ Hayvan;6934;7592,7;46099
Burdur;Altýnyayla;KOYUN (YERLÝ);Küçükbaþ Hayvan;6351;6954,3;46250
Burdur;Bucak;KOYUN (YERLÝ);Küçükbaþ Hayvan;19900;21790,5;52,5
Burdur;Çavdýr;KOYUN (YERLÝ);Küçükbaþ Hayvan;14750;16151,3;38,9
Burdur;Çeltikçi;KOYUN (YERLÝ);Küçükbaþ Hayvan;6000;6570;46249
Burdur;Gölhisar;KOYUN (YERLÝ);Küçükbaþ Hayvan;10605;11612,5;28
Burdur;Karamanlý;KOYUN (YERLÝ);Küçükbaþ Hayvan;2036;2229,4;46117
Burdur;Kemer;KOYUN (YERLÝ);Küçükbaþ Hayvan;6750;7391,3;46251
Burdur;Merkez;KOYUN (YERLÝ);Küçükbaþ Hayvan;50224;54995,3;132,5
Burdur;Tefenni;KOYUN (YERLÝ);Küçükbaþ Hayvan;23570;25809,2;62,2
Burdur;Yeþilova;KOYUN (YERLÝ);Küçükbaþ Hayvan;10931;11969,4;46262
Burdur;Aðlasun;ET TAVUÐU;Kanatlý Hayvan;0;0;0
Burdur;Altýnyayla;ET TAVUÐU;Kanatlý Hayvan;0;0;0
Burdur;Bucak;ET TAVUÐU;Kanatlý Hayvan;0;0;0
Burdur;Çavdýr;ET TAVUÐU;Kanatlý Hayvan;0;0;0
Burdur;Gölhisar;ET TAVUÐU;Kanatlý Hayvan;0;0;0
Burdur;Karamanlý;ET TAVUÐU;Kanatlý Hayvan;0;0;0
Burdur;Kemer;ET TAVUÐU;Kanatlý Hayvan;0;0;0
Burdur;Merkez;ET TAVUÐU;Kanatlý Hayvan;0;0;0
Burdur;Tefenni;ET TAVUÐU;Kanatlý Hayvan;0;0;0
Burdur;Aðlasun;HÝNDÝ;Kanatlý Hayvan;163;46028;46143
Burdur;Altýnyayla;HÝNDÝ;Kanatlý Hayvan;285;46213;46205
Burdur;Bucak;HÝNDÝ;Kanatlý Hayvan;8050;301,9;75,5
Burdur;Çavdýr;HÝNDÝ;Kanatlý Hayvan;25;0,9;0,2
Burdur;Çeltikçi;HÝNDÝ;Kanatlý Hayvan;55;46024;0,5
Burdur;Gölhisar;HÝNDÝ;Kanatlý Hayvan;0;0;0
Burdur;Karamanlý;HÝNDÝ;Kanatlý Hayvan;60;46083;0,6
Burdur;Kemer;HÝNDÝ;Kanatlý Hayvan;33;46054;0,3
Burdur;Merkez;HÝNDÝ;Kanatlý Hayvan;120;46146;46023
Burdur;Tefenni;HÝNDÝ;Kanatlý Hayvan;150;46178;46113
Burdur;Yeþilova;HÝNDÝ;Kanatlý Hayvan;245;46062;46083
Burdur;Aðlasun;KAZ;Kanatlý Hayvan;233;46275;46205
Burdur;Altýnyayla;KAZ;Kanatlý Hayvan;95;46116;46023
Burdur;Bucak;KAZ;Kanatlý Hayvan;0;0;0
Burdur;Çavdýr;KAZ;Kanatlý Hayvan;24;46023;0,3
Burdur;Çeltikçi;KAZ;Kanatlý Hayvan;50;46083;0,6
Burdur;Gölhisar;KAZ;Kanatlý Hayvan;0;0;0
Burdur;Karamanlý;KAZ;Kanatlý Hayvan;285;46094;46084
Burdur;Kemer;KAZ;Kanatlý Hayvan;32;46143;0,4
Burdur;Merkez;KAZ;Kanatlý Hayvan;55;46175;0,6
Burdur;Tefenni;KAZ;Kanatlý Hayvan;110;46027;46082
Burdur;Yeþilova;KAZ;Kanatlý Hayvan;235;11;46205
Burdur;Aðlasun;ÖRDEK;Kanatlý Hayvan;70;46084;0,8
Burdur;Altýnyayla;ÖRDEK;Kanatlý Hayvan;95;46116;46023
Burdur;Bucak;ÖRDEK;Kanatlý Hayvan;0;0;0
Burdur;Çavdýr;ÖRDEK;Kanatlý Hayvan;20;0,9;0,2
Burdur;Gölhisar;ÖRDEK;Kanatlý Hayvan;0;0;0
Burdur;Karamanlý;ÖRDEK;Kanatlý Hayvan;32;46143;0,4
Burdur;Kemer;ÖRDEK;Kanatlý Hayvan;23;46023;0,3
Burdur;Merkez;ÖRDEK;Kanatlý Hayvan;45;46024;0,5
Burdur;Tefenni;ÖRDEK;Kanatlý Hayvan;60;46236;0,7
Burdur;Yeþilova;ÖRDEK;Kanatlý Hayvan;110;46027;46082
Burdur;Aðlasun;YUMURTA TAVUÐU;Kanatlý Hayvan;5320;291,3;72,8
Burdur;Altýnyayla;YUMURTA TAVUÐU;Kanatlý Hayvan;6450;353,1;88,3
Burdur;Bucak;YUMURTA TAVUÐU;Kanatlý Hayvan;56000;3066;766,6
Burdur;Çavdýr;YUMURTA TAVUÐU;Kanatlý Hayvan;2100;115;46231
Burdur;Çeltikçi;YUMURTA TAVUÐU;Kanatlý Hayvan;1100;60,2;46037
Burdur;Gölhisar;YUMURTA TAVUÐU;Kanatlý Hayvan;3500;191,6;47,9
Burdur;Karamanlý;YUMURTA TAVUÐU;Kanatlý Hayvan;7000;383,3;95,8
Burdur;Kemer;YUMURTA TAVUÐU;Kanatlý Hayvan;658;36;9
Burdur;Merkez;YUMURTA TAVUÐU;Kanatlý Hayvan;78000;4270,5;1067,8
Burdur;Tefenni;YUMURTA TAVUÐU;Kanatlý Hayvan;29800;1631,6;408
Burdur;Yeþilova;YUMURTA TAVUÐU;Kanatlý Hayvan;5125;280,6;70,2
Bursa;Büyükorhan;AT;Büyükbaþ Hayvan;201;1100,5;46270
Bursa;Gemlik;AT;Büyükbaþ Hayvan;63;344,9;46235
Bursa;Harmancýk;AT;Büyükbaþ Hayvan;15;82,1;0,4
Bursa;Ýnegöl;AT;Büyükbaþ Hayvan;126;689,9;46206
Bursa;Ýznik;AT;Büyükbaþ Hayvan;36;197,1;46023
Bursa;Karacabey;AT;Büyükbaþ Hayvan;1253;6860,2;36,7
Bursa;Keles;AT;Büyükbaþ Hayvan;66;361,4;46266
Bursa;Kestel;AT;Büyükbaþ Hayvan;6;32,9;0,2
Bursa;M.Kemalpaþa;AT;Büyükbaþ Hayvan;391;2140,7;46153
Bursa;Mudanya;AT;Büyükbaþ Hayvan;16;87,6;0,5
Bursa;Nilüfer;AT;Büyükbaþ Hayvan;151;826,7;46116
Bursa;Orhaneli;AT;Büyükbaþ Hayvan;239;1308,5;7
Bursa;Orhangazi;AT;Büyükbaþ Hayvan;211;1155,2;46059
Bursa;Osmangazi;AT;Büyükbaþ Hayvan;229;1253,8;46209
Bursa;Yeniþehir;AT;Büyükbaþ Hayvan;70;383,3;46024
Bursa;Yýldýrým;AT;Büyükbaþ Hayvan;78;427,1;46083
Bursa;Nilüfer;DOMUZ;Diðer;90;65,7;0,5
Bursa;Büyükorhan;EÞEK;Büyükbaþ Hayvan;340;930,8;3
Bursa;Gemlik;EÞEK;Büyükbaþ Hayvan;19;52;0,2
Bursa;Gürsu;EÞEK;Büyükbaþ Hayvan;3;46061;0
Bursa;Harmancýk;EÞEK;Büyükbaþ Hayvan;13;35,6;0,1
Bursa;Ýnegöl;EÞEK;Büyükbaþ Hayvan;132;361,4;46054
Bursa;Ýznik;EÞEK;Büyükbaþ Hayvan;8;46286;0,1
Bursa;Karacabey;EÞEK;Büyükbaþ Hayvan;8;46286;0,1
Bursa;Keles;EÞEK;Büyükbaþ Hayvan;115;314,8;1
Bursa;Kestel;EÞEK;Büyükbaþ Hayvan;4;11;0
Bursa;M.Kemalpaþa;EÞEK;Büyükbaþ Hayvan;220;602,3;46266
Bursa;Mudanya;EÞEK;Büyükbaþ Hayvan;5;46216;0
Bursa;Nilüfer;EÞEK;Büyükbaþ Hayvan;25;68,4;0,2
Bursa;Orhaneli;EÞEK;Büyükbaþ Hayvan;229;626,9;2
Bursa;Orhangazi;EÞEK;Büyükbaþ Hayvan;56;153,3;0,5
Bursa;Osmangazi;EÞEK;Büyükbaþ Hayvan;96;262,8;0,8
Bursa;Yeniþehir;EÞEK;Büyükbaþ Hayvan;58;158,8;0,5
Bursa;Yýldýrým;EÞEK;Büyükbaþ Hayvan;26;71,2;0,2
Bursa;Büyükorhan;KATIR;Büyükbaþ Hayvan;8;35;0,2
Bursa;Karacabey;KATIR;Büyükbaþ Hayvan;3;46035;0,1
Bursa;Keles;KATIR;Büyükbaþ Hayvan;20;87,6;0,4
Bursa;Orhaneli;KATIR;Büyükbaþ Hayvan;23;100,7;0,4
Bursa;Orhangazi;KATIR;Büyükbaþ Hayvan;38;166,4;0,7
Bursa;Osmangazi;KATIR;Büyükbaþ Hayvan;7;46233;0,1
Bursa;Yeniþehir;KATIR;Büyükbaþ Hayvan;11;48,2;0,2
Bursa;Ýnegöl;MANDA;Büyükbaþ Hayvan;51;372,3;46236
Bursa;Ýznik;MANDA;Büyükbaþ Hayvan;26;189,8;46113
Bursa;Karacabey;MANDA;Büyükbaþ Hayvan;407;2971,1;46103
Bursa;M.Kemalpaþa;MANDA;Büyükbaþ Hayvan;1728;12614,4;94,5
Bursa;Nilüfer;MANDA;Büyükbaþ Hayvan;14;102,2;0,8
Bursa;Orhangazi;MANDA;Büyükbaþ Hayvan;11;80,3;0,6
Bursa;Osmangazi;MANDA;Büyükbaþ Hayvan;4;29,2;0,2
Bursa;Yeniþehir;MANDA;Büyükbaþ Hayvan;140;1022;46210
Bursa;Büyükorhan;SIÐIR (KÜLTÜR);Büyükbaþ Hayvan;6399;58390,9;468,9
Bursa;Gemlik;SIÐIR (KÜLTÜR);Büyükbaþ Hayvan;921;8404,1;67,5
Bursa;Gürsu;SIÐIR (KÜLTÜR);Büyükbaþ Hayvan;1750;15968,8;128,2
Bursa;Harmancýk;SIÐIR (KÜLTÜR);Büyükbaþ Hayvan;1417;12930,1;103,8
Bursa;Ýnegöl;SIÐIR (KÜLTÜR);Büyükbaþ Hayvan;10116;92308,5;741,3
Bursa;Ýznik;SIÐIR (KÜLTÜR);Büyükbaþ Hayvan;1372;12519,5;100,5
Bursa;Karacabey;SIÐIR (KÜLTÜR);Büyükbaþ Hayvan;44322;404438,3;3247,7
Bursa;Keles;SIÐIR (KÜLTÜR);Büyükbaþ Hayvan;3665;33443,1;268,6
Bursa;Kestel;SIÐIR (KÜLTÜR);Büyükbaþ Hayvan;3146;28707,3;230,5
Bursa;M.Kemalpaþa;SIÐIR (KÜLTÜR);Büyükbaþ Hayvan;29958;273366,8;2195,2
Bursa;Mudanya;SIÐIR (KÜLTÜR);Büyükbaþ Hayvan;5190;47358,8;380,3
Bursa;Nilüfer;SIÐIR (KÜLTÜR);Büyükbaþ Hayvan;7300;66612,5;534,9
Bursa;Orhaneli;SIÐIR (KÜLTÜR);Büyükbaþ Hayvan;9095;82991,9;666,4
Bursa;Orhangazi;SIÐIR (KÜLTÜR);Büyükbaþ Hayvan;4092;37339,5;299,8
Bursa;Osmangazi;SIÐIR (KÜLTÜR);Büyükbaþ Hayvan;3539;32293,4;259,3
Bursa;Yeniþehir;SIÐIR (KÜLTÜR);Büyükbaþ Hayvan;31510;287528,8;2308,9
Bursa;Yýldýrým;SIÐIR (KÜLTÜR);Büyükbaþ Hayvan;929;8477,1;68,1
Bursa;Büyükorhan;SIÐIR (MELEZ);Büyükbaþ Hayvan;3137;20610,1;132,4
Bursa;Gemlik;SIÐIR (MELEZ);Büyükbaþ Hayvan;2291;15051,9;96,7
Bursa;Harmancýk;SIÐIR (MELEZ);Büyükbaþ Hayvan;907;5959;38,3
Bursa;Ýnegöl;SIÐIR (MELEZ);Büyükbaþ Hayvan;8088;53138,2;341,4
Bursa;Ýznik;SIÐIR (MELEZ);Büyükbaþ Hayvan;1238;8133,7;52,3
Bursa;Karacabey;SIÐIR (MELEZ);Büyükbaþ Hayvan;1570;10314,9;66,3
Bursa;Keles;SIÐIR (MELEZ);Büyükbaþ Hayvan;435;2858;46130
Bursa;Kestel;SIÐIR (MELEZ);Büyükbaþ Hayvan;2255;14815,4;95,2
Bursa;M.Kemalpaþa;SIÐIR (MELEZ);Büyükbaþ Hayvan;22871;150262,5;965,3
Bursa;Mudanya;SIÐIR (MELEZ);Büyükbaþ Hayvan;1070;7029,9;45,2
Bursa;Nilüfer;SIÐIR (MELEZ);Büyükbaþ Hayvan;3704;24335,3;156,3
Bursa;Orhaneli;SIÐIR (MELEZ);Büyükbaþ Hayvan;1955;12844,4;82,5
Bursa;Orhangazi;SIÐIR (MELEZ);Büyükbaþ Hayvan;3383;22226,3;142,8
Bursa;Osmangazi;SIÐIR (MELEZ);Büyükbaþ Hayvan;1883;12371,3;79,5
Bursa;Yeniþehir;SIÐIR (MELEZ);Büyükbaþ Hayvan;5095;33474,2;215
Bursa;Yýldýrým;SIÐIR (MELEZ);Büyükbaþ Hayvan;934;6136,4;39,4
Bursa;Büyükorhan;SIÐIR (YERLÝ);Büyükbaþ Hayvan;302;1653,5;46273
Bursa;Gemlik;SIÐIR (YERLÝ);Büyükbaþ Hayvan;202;1106;46270
Bursa;Gürsu;SIÐIR (YERLÝ);Büyükbaþ Hayvan;180;985,5;46086
Bursa;Harmancýk;SIÐIR (YERLÝ);Büyükbaþ Hayvan;38;208,1;46023
Bursa;Ýnegöl;SIÐIR (YERLÝ);Büyükbaþ Hayvan;1252;6854,7;36,7
Bursa;Ýznik;SIÐIR (YERLÝ);Büyükbaþ Hayvan;147;804,8;46085
Bursa;Karacabey;SIÐIR (YERLÝ);Büyükbaþ Hayvan;697;3816,1;46132
Bursa;Kestel;SIÐIR (YERLÝ);Büyükbaþ Hayvan;18;98,6;0,5
Bursa;M.Kemalpaþa;SIÐIR (YERLÝ);Büyükbaþ Hayvan;1807;9893,3;53
Bursa;Nilüfer;SIÐIR (YERLÝ);Büyükbaþ Hayvan;1276;6986,1;37,4
Bursa;Orhaneli;SIÐIR (YERLÝ);Büyükbaþ Hayvan;780;4270,5;46287
Bursa;Orhangazi;SIÐIR (YERLÝ);Büyükbaþ Hayvan;1637;8962,6;48
Bursa;Osmangazi;SIÐIR (YERLÝ);Büyükbaþ Hayvan;235;1286,6;46271
Bursa;Yeniþehir;SIÐIR (YERLÝ);Büyükbaþ Hayvan;89;487,3;46175
Bursa;Yýldýrým;SIÐIR (YERLÝ);Büyükbaþ Hayvan;26;142,4;0,8
Bursa;Büyükorhan;KEÇÝ (KIL);Küçükbaþ Hayvan;12770;9322,1;15
Bursa;Gemlik;KEÇÝ (KIL);Küçükbaþ Hayvan;3217;2348,4;46237
Bursa;Gürsu;KEÇÝ (KIL);Küçükbaþ Hayvan;2966;2165,2;46145
Bursa;Harmancýk;KEÇÝ (KIL);Küçükbaþ Hayvan;2155;1573,2;46144
Bursa;Ýnegöl;KEÇÝ (KIL);Küçükbaþ Hayvan;3591;2621,4;46057
Bursa;Ýznik;KEÇÝ (KIL);Küçükbaþ Hayvan;9661;7052,5;46092
Bursa;Karacabey;KEÇÝ (KIL);Küçükbaþ Hayvan;7793;5688,9;46031
Bursa;Keles;KEÇÝ (KIL);Küçükbaþ Hayvan;3223;2352,8;46237
Bursa;Kestel;KEÇÝ (KIL);Küçükbaþ Hayvan;2560;1868,8;3
Bursa;M.Kemalpaþa;KEÇÝ (KIL);Küçükbaþ Hayvan;7505;5478,7;46242
Bursa;Mudanya;KEÇÝ (KIL);Küçükbaþ Hayvan;1504;1097,9;46235
Bursa;Nilüfer;KEÇÝ (KIL);Küçükbaþ Hayvan;1838;1341,7;46055
Bursa;Orhaneli;KEÇÝ (KIL);Küçükbaþ Hayvan;8000;5840;46121
Bursa;Orhangazi;KEÇÝ (KIL);Küçükbaþ Hayvan;3338;2436,7;46268
Bursa;Osmangazi;KEÇÝ (KIL);Küçükbaþ Hayvan;4168;3042,6;46269
Bursa;Yeniþehir;KEÇÝ (KIL);Küçükbaþ Hayvan;8190;5978,7;46182
Bursa;Yýldýrým;KEÇÝ (KIL);Küçükbaþ Hayvan;114;83,2;0,1
Bursa;Osmangazi;KEÇÝ (TÝFTÝK);Küçükbaþ Hayvan;10;46088;0
Bursa;Büyükorhan;KOYUN (MERÝNOS);Küçükbaþ Hayvan;914;1000,8;46114
Bursa;Gemlik;KOYUN (MERÝNOS);Küçükbaþ Hayvan;108;118,3;0,3
Bursa;Ýnegöl;KOYUN (MERÝNOS);Küçükbaþ Hayvan;3243;3551,1;46181
Bursa;Karacabey;KOYUN (MERÝNOS);Küçükbaþ Hayvan;48731;53360,4;128,5
Bursa;Keles;KOYUN (MERÝNOS);Küçükbaþ Hayvan;71;77,7;0,2
Bursa;Kestel;KOYUN (MERÝNOS);Küçükbaþ Hayvan;730;799,4;46266
Bursa;M.Kemalpaþa;KOYUN (MERÝNOS);Küçükbaþ Hayvan;26055;28530,2;68,7
Bursa;Mudanya;KOYUN (MERÝNOS);Küçükbaþ Hayvan;13460;14738,7;35,5
Bursa;Nilüfer;KOYUN (MERÝNOS);Küçükbaþ Hayvan;24753;27104,5;65,3
Bursa;Orhaneli;KOYUN (MERÝNOS);Küçükbaþ Hayvan;13655;14952,2;36
Bursa;Osmangazi;KOYUN (MERÝNOS);Küçükbaþ Hayvan;1944;2128,7;46027
Bursa;Yeniþehir;KOYUN (MERÝNOS);Küçükbaþ Hayvan;39680;43449,6;104,7
Bursa;Yýldýrým;KOYUN (MERÝNOS);Küçükbaþ Hayvan;232;254;0,6
Bursa;Büyükorhan;KOYUN (YERLÝ);Küçükbaþ Hayvan;19882;21770,8;52,4
Bursa;Gemlik;KOYUN (YERLÝ);Küçükbaþ Hayvan;6009;6579,9;46280
Bursa;Gürsu;KOYUN (YERLÝ);Küçükbaþ Hayvan;4641;5081,9;46065
Bursa;Harmancýk;KOYUN (YERLÝ);Küçükbaþ Hayvan;8730;9559,4;23
Bursa;Ýnegöl;KOYUN (YERLÝ);Küçükbaþ Hayvan;48841;53480,9;128,8
Bursa;Ýznik;KOYUN (YERLÝ);Küçükbaþ Hayvan;9945;10889,8;46079
Bursa;Karacabey;KOYUN (YERLÝ);Küçükbaþ Hayvan;39596;43357,6;104,5
Bursa;Keles;KOYUN (YERLÝ);Küçükbaþ Hayvan;18277;20013,3;48,2
Bursa;Kestel;KOYUN (YERLÝ);Küçükbaþ Hayvan;16932;18540,5;44,7
Bursa;M.Kemalpaþa;KOYUN (YERLÝ);Küçükbaþ Hayvan;28240;30922,8;74,5
Bursa;Nilüfer;KOYUN (YERLÝ);Küçükbaþ Hayvan;5961;6527,3;46218
Bursa;Orhaneli;KOYUN (YERLÝ);Küçükbaþ Hayvan;9415;10309,4;46258
Bursa;Orhangazi;KOYUN (YERLÝ);Küçükbaþ Hayvan;9270;10150,7;46166
Bursa;Osmangazi;KOYUN (YERLÝ);Küçükbaþ Hayvan;17356;19004,8;45,8
Bursa;Yeniþehir;KOYUN (YERLÝ);Küçükbaþ Hayvan;22915;25091,9;60,4
Bursa;Yýldýrým;KOYUN (YERLÝ);Küçükbaþ Hayvan;1009;1104,9;46205
Bursa;Büyükorhan;ET TAVUÐU;Kanatlý Hayvan;0;0;0
Bursa;Gemlik;ET TAVUÐU;Kanatlý Hayvan;0;0;0
Bursa;Gürsu;ET TAVUÐU;Kanatlý Hayvan;0;0;0
Bursa;Harmancýk;ET TAVUÐU;Kanatlý Hayvan;0;0;0
Bursa;Ýnegöl;ET TAVUÐU;Kanatlý Hayvan;484690;13086,6;3272,2
Bursa;Ýznik;ET TAVUÐU;Kanatlý Hayvan;298000;8046;2011,9
Bursa;Karacabey;ET TAVUÐU;Kanatlý Hayvan;1289451;34815,2;8705,4
Bursa;Keles;ET TAVUÐU;Kanatlý Hayvan;0;0;0
Bursa;Kestel;ET TAVUÐU;Kanatlý Hayvan;42000;1134;283,6
Bursa;M.Kemalpaþa;ET TAVUÐU;Kanatlý Hayvan;1171634;31634,1;7910
Bursa;Mudanya;ET TAVUÐU;Kanatlý Hayvan;0;0;0
Bursa;Nilüfer;ET TAVUÐU;Kanatlý Hayvan;92790;2505,3;626,4
Bursa;Orhaneli;ET TAVUÐU;Kanatlý Hayvan;0;0;0
Bursa;Orhangazi;ET TAVUÐU;Kanatlý Hayvan;77500;2092,5;523,2
Bursa;Osmangazi;ET TAVUÐU;Kanatlý Hayvan;0;0;0
Bursa;Yeniþehir;ET TAVUÐU;Kanatlý Hayvan;1238512;33439,8;8361,5
Bursa;Yýldýrým;ET TAVUÐU;Kanatlý Hayvan;0;0;0
Bursa;Büyükorhan;HÝNDÝ;Kanatlý Hayvan;35;46082;0,3
Bursa;Gemlik;HÝNDÝ;Kanatlý Hayvan;0;0;0
Bursa;Gürsu;HÝNDÝ;Kanatlý Hayvan;34;46082;0,3
Bursa;Harmancýk;HÝNDÝ;Kanatlý Hayvan;80;3;0,8
Bursa;Ýnegöl;HÝNDÝ;Kanatlý Hayvan;3414;128;32
Bursa;Ýznik;HÝNDÝ;Kanatlý Hayvan;100;46237;0,9
Bursa;Karacabey;HÝNDÝ;Kanatlý Hayvan;16117;604,4;151,1
Bursa;Keles;HÝNDÝ;Kanatlý Hayvan;70;46175;0,7
Bursa;Kestel;HÝNDÝ;Kanatlý Hayvan;113;46057;46023
Bursa;M.Kemalpaþa;HÝNDÝ;Kanatlý Hayvan;33657;1262,1;315,6
Bursa;Mudanya;HÝNDÝ;Kanatlý Hayvan;500;46252;46207
Bursa;Nilüfer;HÝNDÝ;Kanatlý Hayvan;450;46281;46057
Bursa;Orhaneli;HÝNDÝ;Kanatlý Hayvan;265;46274;46144
Bursa;Orhangazi;HÝNDÝ;Kanatlý Hayvan;184;46271;46204
Bursa;Osmangazi;HÝNDÝ;Kanatlý Hayvan;85;46056;0,8
Bursa;Yeniþehir;HÝNDÝ;Kanatlý Hayvan;235;46242;46055
Bursa;Yýldýrým;HÝNDÝ;Kanatlý Hayvan;47;46235;0,4
Bursa;Büyükorhan;KAZ;Kanatlý Hayvan;82;46237;1
Bursa;Gemlik;KAZ;Kanatlý Hayvan;0;0;0
Bursa;Gürsu;KAZ;Kanatlý Hayvan;0;0;0
Bursa;Harmancýk;KAZ;Kanatlý Hayvan;20;0,9;0,2
Bursa;Ýnegöl;KAZ;Kanatlý Hayvan;1641;76,8;46072
Bursa;Ýznik;KAZ;Kanatlý Hayvan;100;46207;46054
Bursa;Karacabey;KAZ;Kanatlý Hayvan;573;46260;46209
Bursa;Keles;KAZ;Kanatlý Hayvan;35;46174;0,4
Bursa;Kestel;KAZ;Kanatlý Hayvan;19;0,9;0,2
Bursa;M.Kemalpaþa;KAZ;Kanatlý Hayvan;2111;98,8;46227
Bursa;Mudanya;KAZ;Kanatlý Hayvan;170;8;2
Bursa;Nilüfer;KAZ;Kanatlý Hayvan;280;46035;46084
Bursa;Orhaneli;KAZ;Kanatlý Hayvan;290;46186;46115
Bursa;Orhangazi;KAZ;Kanatlý Hayvan;175;46061;2
Bursa;Osmangazi;KAZ;Kanatlý Hayvan;431;46073;5
Bursa;Yeniþehir;KAZ;Kanatlý Hayvan;228;46213;46205
Bursa;Yýldýrým;KAZ;Kanatlý Hayvan;115;46117;46082
Bursa;Büyükorhan;ÖRDEK;Kanatlý Hayvan;39;46235;0,5
Bursa;Gemlik;ÖRDEK;Kanatlý Hayvan;0;0;0
Bursa;Gürsu;ÖRDEK;Kanatlý Hayvan;0;0;0
Bursa;Harmancýk;ÖRDEK;Kanatlý Hayvan;15;0,7;0,2
Bursa;Ýnegöl;ÖRDEK;Kanatlý Hayvan;815;38,1;46151
Bursa;Ýznik;ÖRDEK;Kanatlý Hayvan;110;46027;46082
Bursa;Karacabey;ÖRDEK;Kanatlý Hayvan;817;38,2;46182
Bursa;Keles;ÖRDEK;Kanatlý Hayvan;90;46057;46023
Bursa;Kestel;ÖRDEK;Kanatlý Hayvan;23;46023;0,3
Bursa;M.Kemalpaþa;ÖRDEK;Kanatlý Hayvan;5363;251;62,8
Bursa;Mudanya;ÖRDEK;Kanatlý Hayvan;300;14;46145
Bursa;Nilüfer;ÖRDEK;Kanatlý Hayvan;172;8;2
Bursa;Orhaneli;ÖRDEK;Kanatlý Hayvan;265;46124;46025
Bursa;Orhangazi;ÖRDEK;Kanatlý Hayvan;232;46275;46205
Bursa;Osmangazi;ÖRDEK;Kanatlý Hayvan;575;46291;46209
Bursa;Yeniþehir;ÖRDEK;Kanatlý Hayvan;270;46185;46056
Bursa;Yýldýrým;ÖRDEK;Kanatlý Hayvan;80;46206;0,9
Bursa;Büyükorhan;YUMURTA TAVUÐU;Kanatlý Hayvan;7580;415;103,8
Bursa;Gemlik;YUMURTA TAVUÐU;Kanatlý Hayvan;74538;4081;1020,4
Bursa;Gürsu;YUMURTA TAVUÐU;Kanatlý Hayvan;214;46214;46267
Bursa;Harmancýk;YUMURTA TAVUÐU;Kanatlý Hayvan;1050;57,5;46126
Bursa;Ýnegöl;YUMURTA TAVUÐU;Kanatlý Hayvan;158000;8650,5;2163
Bursa;Ýznik;YUMURTA TAVUÐU;Kanatlý Hayvan;18000;985,5;246,4
Bursa;Karacabey;YUMURTA TAVUÐU;Kanatlý Hayvan;3634936;199012,7;49762,1
Bursa;Keles;YUMURTA TAVUÐU;Kanatlý Hayvan;17805;974,8;243,7
Bursa;Kestel;YUMURTA TAVUÐU;Kanatlý Hayvan;8750;479,1;119,8
Bursa;M.Kemalpaþa;YUMURTA TAVUÐU;Kanatlý Hayvan;545590;29871,1;7469,1
Bursa;Mudanya;YUMURTA TAVUÐU;Kanatlý Hayvan;1170000;64057,5;16017,3
Bursa;Nilüfer;YUMURTA TAVUÐU;Kanatlý Hayvan;13105;717,5;179,4
Bursa;Orhaneli;YUMURTA TAVUÐU;Kanatlý Hayvan;37500;2053,1;513,4
Bursa;Orhangazi;YUMURTA TAVUÐU;Kanatlý Hayvan;68720;3762,4;940,8
Bursa;Osmangazi;YUMURTA TAVUÐU;Kanatlý Hayvan;97650;5346,3;1336,8
Bursa;Yeniþehir;YUMURTA TAVUÐU;Kanatlý Hayvan;412400;22578,9;5645,7
Bursa;Yýldýrým;YUMURTA TAVUÐU;Kanatlý Hayvan;3700;202,6;50,7
Çanakkale;Ayvacýk;AT;Büyükbaþ Hayvan;258;1412,6;46180
Çanakkale;Bayramiç;AT;Büyükbaþ Hayvan;159;870,5;46207
Çanakkale;Biga;AT;Büyükbaþ Hayvan;203;1111,4;6
Çanakkale;Bozcaada;AT;Büyükbaþ Hayvan;5;46139;0,1
Çanakkale;Çan;AT;Büyükbaþ Hayvan;57;312,1;46204
Çanakkale;Eceabat;AT;Büyükbaþ Hayvan;25;136,9;0,7
Çanakkale;Ezine;AT;Büyükbaþ Hayvan;115;629,6;46115
Çanakkale;Gelibolu;AT;Büyükbaþ Hayvan;108;591,3;46056
Çanakkale;Gökçeada;AT;Büyükbaþ Hayvan;37;202,6;46023
Çanakkale;Lapseki;AT;Büyükbaþ Hayvan;28;153,3;0,8
Çanakkale;Merkez;AT;Büyükbaþ Hayvan;141;772;46026
Çanakkale;Yenice;AT;Büyükbaþ Hayvan;107;585,8;46025
Çanakkale;Ayvacýk;DEVE;Büyükbaþ Hayvan;51;521,2;46057
Çanakkale;Bayramiç;DEVE;Büyükbaþ Hayvan;20;204,4;46174
Çanakkale;Biga;DEVE;Büyükbaþ Hayvan;16;163,5;46082
Çanakkale;Çan;DEVE;Büyükbaþ Hayvan;18;184;46143
Çanakkale;Ezine;DEVE;Büyükbaþ Hayvan;54;551,9;46116
Çanakkale;Lapseki;DEVE;Büyükbaþ Hayvan;7;71,5;0,6
Çanakkale;Merkez;DEVE;Büyükbaþ Hayvan;99;1011,8;46030
Çanakkale;Ayvacýk;EÞEK;Büyükbaþ Hayvan;621;1700;46147
Çanakkale;Bayramiç;EÞEK;Büyükbaþ Hayvan;285;780,2;46144
Çanakkale;Biga;EÞEK;Büyükbaþ Hayvan;245;670,7;46055
Çanakkale;Bozcaada;EÞEK;Büyükbaþ Hayvan;4;11;0
Çanakkale;Çan;EÞEK;Büyükbaþ Hayvan;80;219;0,7
Çanakkale;Eceabat;EÞEK;Büyükbaþ Hayvan;24;65,7;0,2
Çanakkale;Ezine;EÞEK;Büyükbaþ Hayvan;70;191,6;0,6
Çanakkale;Gelibolu;EÞEK;Büyükbaþ Hayvan;86;235,4;0,8
Çanakkale;Gökçeada;EÞEK;Büyükbaþ Hayvan;10;46139;0,1
Çanakkale;Lapseki;EÞEK;Büyükbaþ Hayvan;81;221,7;0,7
Çanakkale;Merkez;EÞEK;Büyükbaþ Hayvan;158;432,5;46113
Çanakkale;Yenice;EÞEK;Büyükbaþ Hayvan;57;156;0,5
Çanakkale;Ayvacýk;KATIR;Büyükbaþ Hayvan;102;446,8;46266
Çanakkale;Bayramiç;KATIR;Büyükbaþ Hayvan;18;78,8;0,3
Çanakkale;Biga;KATIR;Büyükbaþ Hayvan;4;46159;0,1
Çanakkale;Çan;KATIR;Büyükbaþ Hayvan;8;35;0,2
Çanakkale;Ezine;KATIR;Büyükbaþ Hayvan;3;46035;0,1
Çanakkale;Gelibolu;KATIR;Büyükbaþ Hayvan;6;46107;0,1
Çanakkale;Gökçeada;KATIR;Büyükbaþ Hayvan;7;46233;0,1
Çanakkale;Lapseki;KATIR;Büyükbaþ Hayvan;6;46107;0,1
Çanakkale;Merkez;KATIR;Büyükbaþ Hayvan;9;39,4;0,2
Çanakkale;Biga;MANDA;Büyükbaþ Hayvan;430;3139;46165
Çanakkale;Eceabat;MANDA;Büyükbaþ Hayvan;4;29,2;0,2
Çanakkale;Merkez;MANDA;Büyükbaþ Hayvan;63;459,9;46115
Çanakkale;Ayvacýk;SIÐIR (KÜLTÜR);Büyükbaþ Hayvan;4162;37978,3;305
Çanakkale;Bayramiç;SIÐIR (KÜLTÜR);Büyükbaþ Hayvan;13401;122284,1;982
Çanakkale;Biga;SIÐIR (KÜLTÜR);Büyükbaþ Hayvan;61687;562893,9;4520,2
Çanakkale;Bozcaada;SIÐIR (KÜLTÜR);Büyükbaþ Hayvan;12;109,5;0,9
Çanakkale;Çan;SIÐIR (KÜLTÜR);Büyükbaþ Hayvan;28957;264232,6;2121,9
Çanakkale;Eceabat;SIÐIR (KÜLTÜR);Büyükbaþ Hayvan;952;8687;69,8
Çanakkale;Ezine;SIÐIR (KÜLTÜR);Büyükbaþ Hayvan;13177;120240,1;965,6
Çanakkale;Gelibolu;SIÐIR (KÜLTÜR);Büyükbaþ Hayvan;7212;65809,5;528,5
Çanakkale;Gökçeada;SIÐIR (KÜLTÜR);Büyükbaþ Hayvan;1098;10019,3;80,5
Çanakkale;Lapseki;SIÐIR (KÜLTÜR);Büyükbaþ Hayvan;10343;94379,9;757,9
Çanakkale;Merkez;SIÐIR (KÜLTÜR);Büyükbaþ Hayvan;7812;71284,5;572,4
Çanakkale;Yenice;SIÐIR (KÜLTÜR);Büyükbaþ Hayvan;32411;295750,4;2374,9
Çanakkale;Ayvacýk;SIÐIR (MELEZ);Büyükbaþ Hayvan;4580;30090,6;193,3
Çanakkale;Bayramiç;SIÐIR (MELEZ);Büyükbaþ Hayvan;1595;10479,2;67,3
Çanakkale;Ezine;SIÐIR (MELEZ);Büyükbaþ Hayvan;1961;12883,8;82,8
Çanakkale;Gelibolu;SIÐIR (MELEZ);Büyükbaþ Hayvan;1679;11031;70,9
Çanakkale;Gökçeada;SIÐIR (MELEZ);Büyükbaþ Hayvan;99;650,4;46057
Çanakkale;Lapseki;SIÐIR (MELEZ);Büyükbaþ Hayvan;999;6563,4;42,2
Çanakkale;Merkez;SIÐIR (MELEZ);Büyükbaþ Hayvan;1040;6832,8;43,9
Çanakkale;Yenice;SIÐIR (MELEZ);Büyükbaþ Hayvan;8111;53289,3;342,3
Çanakkale;Ayvacýk;SIÐIR (YERLÝ);Büyükbaþ Hayvan;4090;22392,8;119,9
Çanakkale;Biga;SIÐIR (YERLÝ);Büyükbaþ Hayvan;1023;5600,9;30
Çanakkale;Ezine;SIÐIR (YERLÝ);Büyükbaþ Hayvan;252;1379,7;46119
Çanakkale;Gelibolu;SIÐIR (YERLÝ);Büyükbaþ Hayvan;340;1861,5;10
Çanakkale;Gökçeada;SIÐIR (YERLÝ);Büyükbaþ Hayvan;116;635,1;46115
Çanakkale;Lapseki;SIÐIR (YERLÝ);Büyükbaþ Hayvan;1998;10939,1;58,6
Çanakkale;Merkez;SIÐIR (YERLÝ);Büyükbaþ Hayvan;2566;14048,9;75,2
Çanakkale;Yenice;SIÐIR (YERLÝ);Büyükbaþ Hayvan;3070;16808,3;90
Çanakkale;Ayvacýk;KEÇÝ (KIL);Küçükbaþ Hayvan;22601;16498,7;46168
Çanakkale;Bayramiç;KEÇÝ (KIL);Küçükbaþ Hayvan;31207;22781,1;36,6
Çanakkale;Biga;KEÇÝ (KIL);Küçükbaþ Hayvan;21712;15849,8;46167
Çanakkale;Bozcaada;KEÇÝ (KIL);Küçükbaþ Hayvan;420;306,6;0,5
Çanakkale;Çan;KEÇÝ (KIL);Küçükbaþ Hayvan;11791;8607,4;46247
Çanakkale;Eceabat;KEÇÝ (KIL);Küçükbaþ Hayvan;5712;4169,8;46209
Çanakkale;Ezine;KEÇÝ (KIL);Küçükbaþ Hayvan;22691;16564,4;46199
Çanakkale;Gelibolu;KEÇÝ (KIL);Küçükbaþ Hayvan;30336;22145,3;35,6
Çanakkale;Gökçeada;KEÇÝ (KIL);Küçükbaþ Hayvan;24105;17596,7;46109
Çanakkale;Lapseki;KEÇÝ (KIL);Küçükbaþ Hayvan;19940;14556,2;46135
Çanakkale;Merkez;KEÇÝ (KIL);Küçükbaþ Hayvan;34170;24944,1;40,1
Çanakkale;Yenice;KEÇÝ (KIL);Küçükbaþ Hayvan;9723;7097,8;46123
Çanakkale;Bayramiç;KOYUN (MERÝNOS);Küçükbaþ Hayvan;353;386,5;0,9
Çanakkale;Biga;KOYUN (MERÝNOS);Küçükbaþ Hayvan;2329;2550,3;46028
Çanakkale;Eceabat;KOYUN (MERÝNOS);Küçükbaþ Hayvan;5779;6328;46068
Çanakkale;Ezine;KOYUN (MERÝNOS);Küçükbaþ Hayvan;3869;4236,6;46063
Çanakkale;Gelibolu;KOYUN (MERÝNOS);Küçükbaþ Hayvan;5309;5813,4;14
Çanakkale;Yenice;KOYUN (MERÝNOS);Küçükbaþ Hayvan;457;500,4;46054
Çanakkale;Ayvacýk;KOYUN (YERLÝ);Küçükbaþ Hayvan;64450;70572,8;170
Çanakkale;Bayramiç;KOYUN (YERLÝ);Küçükbaþ Hayvan;37141;40669,4;98
Çanakkale;Biga;KOYUN (YERLÝ);Küçükbaþ Hayvan;61217;67032,6;161,5
Çanakkale;Bozcaada;KOYUN (YERLÝ);Küçükbaþ Hayvan;1115;1220,9;46267
Çanakkale;Çan;KOYUN (YERLÝ);Küçükbaþ Hayvan;32206;35265,6;85
Çanakkale;Eceabat;KOYUN (YERLÝ);Küçükbaþ Hayvan;4385;4801,6;46184
Çanakkale;Ezine;KOYUN (YERLÝ);Küçükbaþ Hayvan;74014;81045,3;195,2
Çanakkale;Gelibolu;KOYUN (YERLÝ);Küçükbaþ Hayvan;28152;30826,4;74,3
Çanakkale;Gökçeada;KOYUN (YERLÝ);Küçükbaþ Hayvan;56335;61686,8;148,6
Çanakkale;Lapseki;KOYUN (YERLÝ);Küçükbaþ Hayvan;26971;29533,2;71,1
Çanakkale;Merkez;KOYUN (YERLÝ);Küçükbaþ Hayvan;33280;36441,6;87,8
Çanakkale;Yenice;KOYUN (YERLÝ);Küçükbaþ Hayvan;38047;41661,5;100,4
Çanakkale;Ayvacýk;ET TAVUÐU;Kanatlý Hayvan;0;0;0
Çanakkale;Bayramiç;ET TAVUÐU;Kanatlý Hayvan;104000;2808;702,1
Çanakkale;Biga;ET TAVUÐU;Kanatlý Hayvan;4500000;121500;30380,5
Çanakkale;Bozcaada;ET TAVUÐU;Kanatlý Hayvan;0;0;0
Çanakkale;Çan;ET TAVUÐU;Kanatlý Hayvan;82000;2214;553,6
Çanakkale;Eceabat;ET TAVUÐU;Kanatlý Hayvan;0;0;0
Çanakkale;Ezine;ET TAVUÐU;Kanatlý Hayvan;220000;5940;1485,3
Çanakkale;Gelibolu;ET TAVUÐU;Kanatlý Hayvan;0;0;0
Çanakkale;Gökçeada;ET TAVUÐU;Kanatlý Hayvan;0;0;0
Çanakkale;Lapseki;ET TAVUÐU;Kanatlý Hayvan;343000;9261;2315,7
Çanakkale;Merkez;ET TAVUÐU;Kanatlý Hayvan;696000;18792;4698,8
Çanakkale;Yenice;ET TAVUÐU;Kanatlý Hayvan;0;0;0
Çanakkale;Ayvacýk;HÝNDÝ;Kanatlý Hayvan;570;46133;46086
Çanakkale;Bayramiç;HÝNDÝ;Kanatlý Hayvan;310;46184;46267
Çanakkale;Biga;HÝNDÝ;Kanatlý Hayvan;400;15;46237
Çanakkale;Bozcaada;HÝNDÝ;Kanatlý Hayvan;45;46204;0,4
Çanakkale;Çan;HÝNDÝ;Kanatlý Hayvan;160;6;46143
Çanakkale;Eceabat;HÝNDÝ;Kanatlý Hayvan;250;46121;46083
Çanakkale;Ezine;HÝNDÝ;Kanatlý Hayvan;580;46255;46117
Çanakkale;Gelibolu;HÝNDÝ;Kanatlý Hayvan;400;15;46237
Çanakkale;Gökçeada;HÝNDÝ;Kanatlý Hayvan;2100;78,8;46222
Çanakkale;Lapseki;HÝNDÝ;Kanatlý Hayvan;200;46149;46266
Çanakkale;Merkez;HÝNDÝ;Kanatlý Hayvan;1855;69,6;46129
Çanakkale;Yenice;HÝNDÝ;Kanatlý Hayvan;1500;56,3;46036
Çanakkale;Ayvacýk;KAZ;Kanatlý Hayvan;242;46092;46236
Çanakkale;Bayramiç;KAZ;Kanatlý Hayvan;215;46032;46144
Çanakkale;Biga;KAZ;Kanatlý Hayvan;2200;103;46228
Çanakkale;Bozcaada;KAZ;Kanatlý Hayvan;40;46266;0,5
Çanakkale;Çan;KAZ;Kanatlý Hayvan;74;46145;0,9
Çanakkale;Eceabat;KAZ;Kanatlý Hayvan;120;46178;46113
Çanakkale;Ezine;KAZ;Kanatlý Hayvan;520;46105;46028
Çanakkale;Gelibolu;KAZ;Kanatlý Hayvan;450;46043;46086
Çanakkale;Gökçeada;KAZ;Kanatlý Hayvan;500;46135;46270
Çanakkale;Lapseki;KAZ;Kanatlý Hayvan;150;7;46235
Çanakkale;Merkez;KAZ;Kanatlý Hayvan;1635;76,5;46041
Çanakkale;Yenice;KAZ;Kanatlý Hayvan;250;46214;46267
Çanakkale;Ayvacýk;ÖRDEK;Kanatlý Hayvan;354;46189;46026
Çanakkale;Bayramiç;ÖRDEK;Kanatlý Hayvan;290;46186;46115
Çanakkale;Biga;ÖRDEK;Kanatlý Hayvan;4200;196,6;49,1
Çanakkale;Bozcaada;ÖRDEK;Kanatlý Hayvan;25;46054;0,3
Çanakkale;Çan;ÖRDEK;Kanatlý Hayvan;179;46120;46024
Çanakkale;Eceabat;ÖRDEK;Kanatlý Hayvan;130;46028;46143
Çanakkale;Ezine;ÖRDEK;Kanatlý Hayvan;550;46228;46118
Çanakkale;Gelibolu;ÖRDEK;Kanatlý Hayvan;800;37,4;46121
Çanakkale;Gökçeada;ÖRDEK;Kanatlý Hayvan;50;46083;0,6
Çanakkale;Lapseki;ÖRDEK;Kanatlý Hayvan;150;7;46235
Çanakkale;Merkez;ÖRDEK;Kanatlý Hayvan;1550;72,5;46040
Çanakkale;Yenice;ÖRDEK;Kanatlý Hayvan;300;14;46145
Çanakkale;Ayvacýk;YUMURTA TAVUÐU;Kanatlý Hayvan;13400;733,7;183,4
Çanakkale;Bayramiç;YUMURTA TAVUÐU;Kanatlý Hayvan;20304;1111,6;278
Çanakkale;Biga;YUMURTA TAVUÐU;Kanatlý Hayvan;79900;4374,5;1093,8
Çanakkale;Bozcaada;YUMURTA TAVUÐU;Kanatlý Hayvan;460;46078;46087
Çanakkale;Çan;YUMURTA TAVUÐU;Kanatlý Hayvan;30026;1643,9;411,1
Çanakkale;Eceabat;YUMURTA TAVUÐU;Kanatlý Hayvan;9500;520,1;130,1
Çanakkale;Ezine;YUMURTA TAVUÐU;Kanatlý Hayvan;12000;657;164,3
Çanakkale;Gelibolu;YUMURTA TAVUÐU;Kanatlý Hayvan;28000;1533;383,3
Çanakkale;Gökçeada;YUMURTA TAVUÐU;Kanatlý Hayvan;3000;164,3;41,1
Çanakkale;Lapseki;YUMURTA TAVUÐU;Kanatlý Hayvan;21800;1193,6;298,4
Çanakkale;Merkez;YUMURTA TAVUÐU;Kanatlý Hayvan;25600;1401,6;350,5
Çanakkale;Yenice;YUMURTA TAVUÐU;Kanatlý Hayvan;25900;1418;354,6
Çankýrý;Atkaracalar;AT;Büyükbaþ Hayvan;21;115;0,6
Çankýrý;Bayramören;AT;Büyükbaþ Hayvan;13;71,2;0,4
Çankýrý;Çerkeþ;AT;Büyükbaþ Hayvan;236;1292,1;46271
Çankýrý;Eldivan;AT;Büyükbaþ Hayvan;7;38,3;0,2
Çankýrý;Ilgaz;AT;Büyükbaþ Hayvan;6;32,9;0,2
Çankýrý;Kýzýlýrmak;AT;Büyükbaþ Hayvan;24;131,4;0,7
Çankýrý;Korgun;AT;Büyükbaþ Hayvan;13;71,2;0,4
Çankýrý;Kurþunlu;AT;Büyükbaþ Hayvan;25;136,9;0,7
Çankýrý;Merkez;AT;Büyükbaþ Hayvan;52;284,7;46143
Çankýrý;Orta;AT;Büyükbaþ Hayvan;41;224,5;46054
Çankýrý;Þabanözü;AT;Büyükbaþ Hayvan;32;175,2;0,9
Çankýrý;Yapraklý;AT;Büyükbaþ Hayvan;12;65,7;0,4
Çankýrý;Atkaracalar;EÞEK;Büyükbaþ Hayvan;20;54,8;0,2
Çankýrý;Bayramören;EÞEK;Büyükbaþ Hayvan;36;98,6;0,3
Çankýrý;Çerkeþ;EÞEK;Büyükbaþ Hayvan;310;848,6;46205
Çankýrý;Eldivan;EÞEK;Büyükbaþ Hayvan;42;115;0,4
Çankýrý;Ilgaz;EÞEK;Büyükbaþ Hayvan;69;188,9;0,6
Çankýrý;Kýzýlýrmak;EÞEK;Büyükbaþ Hayvan;100;273,8;0,9
Çankýrý;Korgun;EÞEK;Büyükbaþ Hayvan;48;131,4;0,4
Çankýrý;Kurþunlu;EÞEK;Büyükbaþ Hayvan;70;191,6;0,6
Çankýrý;Merkez;EÞEK;Büyükbaþ Hayvan;322;881,5;46236
Çankýrý;Orta;EÞEK;Büyükbaþ Hayvan;114;312,1;1
Çankýrý;Þabanözü;EÞEK;Büyükbaþ Hayvan;89;243,6;0,8
Çankýrý;Yapraklý;EÞEK;Büyükbaþ Hayvan;160;438;46113
Çankýrý;Atkaracalar;KATIR;Büyükbaþ Hayvan;6;46107;0,1
Çankýrý;Bayramören;KATIR;Büyükbaþ Hayvan;2;46242;0
Çankýrý;Çerkeþ;KATIR;Büyükbaþ Hayvan;4;46159;0,1
Çankýrý;Eldivan;KATIR;Büyükbaþ Hayvan;3;46035;0,1
Çankýrý;Ilgaz;KATIR;Büyükbaþ Hayvan;11;48,2;0,2
Çankýrý;Korgun;KATIR;Büyükbaþ Hayvan;5;46286;0,1
Çankýrý;Kurþunlu;KATIR;Büyükbaþ Hayvan;10;43,8;0,2
Çankýrý;Merkez;KATIR;Büyükbaþ Hayvan;105;459,9;2
Çankýrý;Orta;KATIR;Büyükbaþ Hayvan;10;43,8;0,2
Çankýrý;Þabanözü;KATIR;Büyükbaþ Hayvan;5;46286;0,1
Çankýrý;Yapraklý;KATIR;Büyükbaþ Hayvan;15;65,7;0,3
Çankýrý;Atkaracalar;MANDA;Büyükbaþ Hayvan;24;175,2;46082
Çankýrý;Bayramören;MANDA;Büyükbaþ Hayvan;5;36,5;0,3
Çankýrý;Çerkeþ;MANDA;Büyükbaþ Hayvan;140;1022;46210
Çankýrý;Ilgaz;MANDA;Büyükbaþ Hayvan;47;343,1;46175
Çankýrý;Kýzýlýrmak;MANDA;Büyükbaþ Hayvan;880;6424;48,1
Çankýrý;Kurþunlu;MANDA;Büyükbaþ Hayvan;92;671,6;5
Çankýrý;Merkez;MANDA;Büyükbaþ Hayvan;41;299,3;46055
Çankýrý;Orta;MANDA;Büyükbaþ Hayvan;270;1971;46248
Çankýrý;Þabanözü;MANDA;Büyükbaþ Hayvan;29;211,7;46174
Çankýrý;Yapraklý;MANDA;Büyükbaþ Hayvan;30;219;46174
Çankýrý;Atkaracalar;SIÐIR (KÜLTÜR);Büyükbaþ Hayvan;3680;33580;269,7
Çankýrý;Bayramören;SIÐIR (KÜLTÜR);Büyükbaþ Hayvan;843;7692,4;61,8
Çankýrý;Çerkeþ;SIÐIR (KÜLTÜR);Büyükbaþ Hayvan;20565;187655,6;1506,9
Çankýrý;Eldivan;SIÐIR (KÜLTÜR);Büyükbaþ Hayvan;1440;13140;105,5
Çankýrý;Ilgaz;SIÐIR (KÜLTÜR);Büyükbaþ Hayvan;4795;43754,4;351,4
Çankýrý;Kýzýlýrmak;SIÐIR (KÜLTÜR);Büyükbaþ Hayvan;2248;20513;164,7
Çankýrý;Korgun;SIÐIR (KÜLTÜR);Büyükbaþ Hayvan;5542;50570,8;406,1
Çankýrý;Kurþunlu;SIÐIR (KÜLTÜR);Büyükbaþ Hayvan;9450;86231,3;692,5
Çankýrý;Merkez;SIÐIR (KÜLTÜR);Büyükbaþ Hayvan;7450;67981,3;545,9
Çankýrý;Orta;SIÐIR (KÜLTÜR);Büyükbaþ Hayvan;5894;53782,8;431,9
Çankýrý;Þabanözü;SIÐIR (KÜLTÜR);Büyükbaþ Hayvan;2585;23588,1;189,4
Çankýrý;Yapraklý;SIÐIR (KÜLTÜR);Büyükbaþ Hayvan;1586;14472,3;116,2
Çankýrý;Atkaracalar;SIÐIR (MELEZ);Büyükbaþ Hayvan;1478;9710,5;62,4
Çankýrý;Bayramören;SIÐIR (MELEZ);Büyükbaþ Hayvan;2147;14105,8;90,6
Çankýrý;Çerkeþ;SIÐIR (MELEZ);Büyükbaþ Hayvan;13862;91073,3;585,1
Çankýrý;Eldivan;SIÐIR (MELEZ);Büyükbaþ Hayvan;1800;11826;76
Çankýrý;Ilgaz;SIÐIR (MELEZ);Büyükbaþ Hayvan;5181;34039,2;218,7
Çankýrý;Kýzýlýrmak;SIÐIR (MELEZ);Büyükbaþ Hayvan;4504;29591,3;190,1
Çankýrý;Korgun;SIÐIR (MELEZ);Büyükbaþ Hayvan;3286;21589;138,7
Çankýrý;Kurþunlu;SIÐIR (MELEZ);Büyükbaþ Hayvan;2816;18501,1;118,9
Çankýrý;Merkez;SIÐIR (MELEZ);Büyükbaþ Hayvan;6931;45536,7;292,5
Çankýrý;Orta;SIÐIR (MELEZ);Büyükbaþ Hayvan;17944;117892,1;757,4
Çankýrý;Þabanözü;SIÐIR (MELEZ);Büyükbaþ Hayvan;9157;60161,5;386,5
Çankýrý;Yapraklý;SIÐIR (MELEZ);Büyükbaþ Hayvan;3678;24164,5;155,2
Çankýrý;Atkaracalar;SIÐIR (YERLÝ);Büyükbaþ Hayvan;50;273,8;46143
Çankýrý;Bayramören;SIÐIR (YERLÝ);Büyükbaþ Hayvan;504;2759,4;46248
Çankýrý;Çerkeþ;SIÐIR (YERLÝ);Büyükbaþ Hayvan;837;4582,6;46166
Çankýrý;Eldivan;SIÐIR (YERLÝ);Büyükbaþ Hayvan;60;328,5;46235
Çankýrý;Ilgaz;SIÐIR (YERLÝ);Büyükbaþ Hayvan;127;695,3;46206
Çankýrý;Kýzýlýrmak;SIÐIR (YERLÝ);Büyükbaþ Hayvan;5848;32017,8;171,4
Çankýrý;Korgun;SIÐIR (YERLÝ);Büyükbaþ Hayvan;84;459,9;46144
Çankýrý;Kurþunlu;SIÐIR (YERLÝ);Büyükbaþ Hayvan;9;49,3;0,3
Çankýrý;Merkez;SIÐIR (YERLÝ);Büyükbaþ Hayvan;1421;7780;41,7
Çankýrý;Orta;SIÐIR (YERLÝ);Büyükbaþ Hayvan;1122;6143;32,9
Çankýrý;Þabanözü;SIÐIR (YERLÝ);Büyükbaþ Hayvan;378;2069,6;46033
Çankýrý;Yapraklý;SIÐIR (YERLÝ);Büyükbaþ Hayvan;239;1308,5;7
Çankýrý;Atkaracalar;KEÇÝ (KIL);Küçükbaþ Hayvan;8;46239;0
Çankýrý;Bayramören;KEÇÝ (KIL);Küçükbaþ Hayvan;544;397,1;0,6
Çankýrý;Çerkeþ;KEÇÝ (KIL);Küçükbaþ Hayvan;550;401,5;0,6
Çankýrý;Eldivan;KEÇÝ (KIL);Küçükbaþ Hayvan;3059;2233,1;46176
Çankýrý;Ilgaz;KEÇÝ (KIL);Küçükbaþ Hayvan;3302;2410,5;46268
Çankýrý;Kýzýlýrmak;KEÇÝ (KIL);Küçükbaþ Hayvan;985;719,1;46054
Çankýrý;Korgun;KEÇÝ (KIL);Küçükbaþ Hayvan;1007;735,1;46054
Çankýrý;Kurþunlu;KEÇÝ (KIL);Küçükbaþ Hayvan;479;349,7;0,6
Çankýrý;Merkez;KEÇÝ (KIL);Küçükbaþ Hayvan;7778;5677,9;46031
Çankýrý;Orta;KEÇÝ (KIL);Küçükbaþ Hayvan;340;248,2;0,4
Çankýrý;Þabanözü;KEÇÝ (KIL);Küçükbaþ Hayvan;1491;1088,4;46204
Çankýrý;Yapraklý;KEÇÝ (KIL);Küçükbaþ Hayvan;2136;1559,3;46144
Çankýrý;Bayramören;KEÇÝ (TÝFTÝK);Küçükbaþ Hayvan;3;46055;0
Çankýrý;Eldivan;KEÇÝ (TÝFTÝK);Küçükbaþ Hayvan;273;199,3;0,3
Çankýrý;Ilgaz;KEÇÝ (TÝFTÝK);Küçükbaþ Hayvan;41;46294;0
Çankýrý;Korgun;KEÇÝ (TÝFTÝK);Küçükbaþ Hayvan;123;89,8;0,1
Çankýrý;Merkez;KEÇÝ (TÝFTÝK);Küçükbaþ Hayvan;722;527,1;0,8
Çankýrý;Þabanözü;KEÇÝ (TÝFTÝK);Küçükbaþ Hayvan;79;57,7;0,1
Çankýrý;Yapraklý;KEÇÝ (TÝFTÝK);Küçükbaþ Hayvan;352;257;0,4
Çankýrý;Atkaracalar;KOYUN (MERÝNOS);Küçükbaþ Hayvan;323;353,7;0,9
Çankýrý;Bayramören;KOYUN (MERÝNOS);Küçükbaþ Hayvan;38;41,6;0,1
Çankýrý;Çerkeþ;KOYUN (MERÝNOS);Küçükbaþ Hayvan;1379;1510;46176
Çankýrý;Eldivan;KOYUN (MERÝNOS);Küçükbaþ Hayvan;195;213,5;0,5
Çankýrý;Ilgaz;KOYUN (MERÝNOS);Küçükbaþ Hayvan;1025;1122,4;46205
Çankýrý;Kýzýlýrmak;KOYUN (MERÝNOS);Küçükbaþ Hayvan;51;55,8;0,1
Çankýrý;Korgun;KOYUN (MERÝNOS);Küçükbaþ Hayvan;107;117,2;0,3
Çankýrý;Kurþunlu;KOYUN (MERÝNOS);Küçükbaþ Hayvan;101;110,6;0,3
Çankýrý;Merkez;KOYUN (MERÝNOS);Küçükbaþ Hayvan;156;170,8;0,4
Çankýrý;Orta;KOYUN (MERÝNOS);Küçükbaþ Hayvan;475;520,1;46082
Çankýrý;Þabanözü;KOYUN (MERÝNOS);Küçükbaþ Hayvan;154;168,6;0,4
Çankýrý;Yapraklý;KOYUN (MERÝNOS);Küçükbaþ Hayvan;107;117,2;0,3
Çankýrý;Atkaracalar;KOYUN (YERLÝ);Küçükbaþ Hayvan;1989;2178;46058
Çankýrý;Bayramören;KOYUN (YERLÝ);Küçükbaþ Hayvan;3283;3594,9;46211
Çankýrý;Çerkeþ;KOYUN (YERLÝ);Küçükbaþ Hayvan;7971;8728,2;21
Çankýrý;Eldivan;KOYUN (YERLÝ);Küçükbaþ Hayvan;5211;5706;46216
Çankýrý;Ilgaz;KOYUN (YERLÝ);Küçükbaþ Hayvan;7471;8180,7;46222
Çankýrý;Kýzýlýrmak;KOYUN (YERLÝ);Küçükbaþ Hayvan;9864;10801,1;26
Çankýrý;Korgun;KOYUN (YERLÝ);Küçükbaþ Hayvan;2770;3033,2;46088
Çankýrý;Kurþunlu;KOYUN (YERLÝ);Küçükbaþ Hayvan;7249;7937,7;46041
Çankýrý;Merkez;KOYUN (YERLÝ);Küçükbaþ Hayvan;40364;44198,6;106,5
Çankýrý;Orta;KOYUN (YERLÝ);Küçükbaþ Hayvan;7625;8349,4;46042
Çankýrý;Þabanözü;KOYUN (YERLÝ);Küçükbaþ Hayvan;3953;4328,5;46122
Çankýrý;Yapraklý;KOYUN (YERLÝ);Küçükbaþ Hayvan;4070;4456,7;46213
Çankýrý;Atkaracalar;ET TAVUÐU;Kanatlý Hayvan;642000;17334;4334,3
Çankýrý;Bayramören;ET TAVUÐU;Kanatlý Hayvan;0;0;0
Çankýrý;Çerkeþ;ET TAVUÐU;Kanatlý Hayvan;582000;15714;3929,2
Çankýrý;Eldivan;ET TAVUÐU;Kanatlý Hayvan;300000;8100;2025,4
Çankýrý;Ilgaz;ET TAVUÐU;Kanatlý Hayvan;0;0;0
Çankýrý;Korgun;ET TAVUÐU;Kanatlý Hayvan;53000;1431;357,8
Çankýrý;Kurþunlu;ET TAVUÐU;Kanatlý Hayvan;250000;6750;1687,8
Çankýrý;Merkez;ET TAVUÐU;Kanatlý Hayvan;605000;16335;4084,5
Çankýrý;Orta;ET TAVUÐU;Kanatlý Hayvan;0;0;0
Çankýrý;Þabanözü;ET TAVUÐU;Kanatlý Hayvan;22000;594;148,5
Çankýrý;Yapraklý;ET TAVUÐU;Kanatlý Hayvan;14700;396,9;99,2
Çankýrý;Atkaracalar;HÝNDÝ;Kanatlý Hayvan;55;46024;0,5
Çankýrý;Bayramören;HÝNDÝ;Kanatlý Hayvan;63;46114;0,6
Çankýrý;Çerkeþ;HÝNDÝ;Kanatlý Hayvan;628;46196;46270
Çankýrý;Eldivan;HÝNDÝ;Kanatlý Hayvan;121;46146;46023
Çankýrý;Ilgaz;HÝNDÝ;Kanatlý Hayvan;540;46101;46027
Çankýrý;Kýzýlýrmak;HÝNDÝ;Kanatlý Hayvan;800;30;46149
Çankýrý;Korgun;HÝNDÝ;Kanatlý Hayvan;160;6;46143
Çankýrý;Kurþunlu;HÝNDÝ;Kanatlý Hayvan;250;46121;46083
Çankýrý;Merkez;HÝNDÝ;Kanatlý Hayvan;1335;50,1;46154
Çankýrý;Orta;HÝNDÝ;Kanatlý Hayvan;385;46126;46176
Çankýrý;Þabanözü;HÝNDÝ;Kanatlý Hayvan;1653;62;46157
Çankýrý;Yapraklý;HÝNDÝ;Kanatlý Hayvan;643;46046;6
Çankýrý;Atkaracalar;KAZ;Kanatlý Hayvan;210;46243;46144
Çankýrý;Bayramören;KAZ;Kanatlý Hayvan;74;46145;0,9
Çankýrý;Çerkeþ;KAZ;Kanatlý Hayvan;2189;102,4;46198
Çankýrý;Eldivan;KAZ;Kanatlý Hayvan;1700;79,6;46284
Çankýrý;Ilgaz;KAZ;Kanatlý Hayvan;325;46068;46237
Çankýrý;Kýzýlýrmak;KAZ;Kanatlý Hayvan;2750;128,7;32,2
Çankýrý;Korgun;KAZ;Kanatlý Hayvan;190;46273;46055
Çankýrý;Kurþunlu;KAZ;Kanatlý Hayvan;100;46207;46054
Çankýrý;Merkez;KAZ;Kanatlý Hayvan;898;42;46152
Çankýrý;Orta;KAZ;Kanatlý Hayvan;127;46270;46143
Çankýrý;Þabanözü;KAZ;Kanatlý Hayvan;49985;2339,3;584,9
Çankýrý;Yapraklý;KAZ;Kanatlý Hayvan;434;46101;46027
Çankýrý;Atkaracalar;ÖRDEK;Kanatlý Hayvan;27;46082;0,3
Çankýrý;Bayramören;ÖRDEK;Kanatlý Hayvan;18;0,8;0,2
Çankýrý;Çerkeþ;ÖRDEK;Kanatlý Hayvan;441;46193;46058
Çankýrý;Eldivan;ÖRDEK;Kanatlý Hayvan;245;46153;46267
Çankýrý;Ilgaz;ÖRDEK;Kanatlý Hayvan;390;46099;46177
Çankýrý;Kýzýlýrmak;ÖRDEK;Kanatlý Hayvan;430;46042;5
Çankýrý;Korgun;ÖRDEK;Kanatlý Hayvan;55;46175;0,6
Çankýrý;Kurþunlu;ÖRDEK;Kanatlý Hayvan;75;46145;0,9
Çankýrý;Merkez;ÖRDEK;Kanatlý Hayvan;734;34,4;46181
Çankýrý;Orta;ÖRDEK;Kanatlý Hayvan;83;46268;1
Çankýrý;Þabanözü;ÖRDEK;Kanatlý Hayvan;2122;99,3;46258
Çankýrý;Yapraklý;ÖRDEK;Kanatlý Hayvan;170;8;2
Çankýrý;Atkaracalar;YUMURTA TAVUÐU;Kanatlý Hayvan;1340;73,4;46099
Çankýrý;Bayramören;YUMURTA TAVUÐU;Kanatlý Hayvan;5374;294,2;73,6
Çankýrý;Çerkeþ;YUMURTA TAVUÐU;Kanatlý Hayvan;58234;3188,3;797,2
Çankýrý;Eldivan;YUMURTA TAVUÐU;Kanatlý Hayvan;5000;273,8;68,4
Çankýrý;Ilgaz;YUMURTA TAVUÐU;Kanatlý Hayvan;1450;79,4;46284
Çankýrý;Kýzýlýrmak;YUMURTA TAVUÐU;Kanatlý Hayvan;7250;396,9;99,3
Çankýrý;Korgun;YUMURTA TAVUÐU;Kanatlý Hayvan;1300;71,2;46251
Çankýrý;Kurþunlu;YUMURTA TAVUÐU;Kanatlý Hayvan;5000;273,8;68,4
Çankýrý;Merkez;YUMURTA TAVUÐU;Kanatlý Hayvan;146800;8037,3;2009,7
Çankýrý;Orta;YUMURTA TAVUÐU;Kanatlý Hayvan;1725;94,4;46196
Çankýrý;Þabanözü;YUMURTA TAVUÐU;Kanatlý Hayvan;65000;3558,8;889,8
Çankýrý;Yapraklý;YUMURTA TAVUÐU;Kanatlý Hayvan;202500;11086,9;2772,2
Çorum;Alaca;AT;Büyükbaþ Hayvan;41;224,5;46054
Çorum;Bayat;AT;Büyükbaþ Hayvan;99;542;46267
Çorum;Dodurga;AT;Büyükbaþ Hayvan;28;153,3;0,8
Çorum;Ýskilip;AT;Büyükbaþ Hayvan;110;602,3;46056
Çorum;Kargý;AT;Büyükbaþ Hayvan;25;136,9;0,7
Çorum;Laçin;AT;Büyükbaþ Hayvan;7;38,3;0,2
Çorum;Mecitözü;AT;Büyükbaþ Hayvan;21;115;0,6
Çorum;Merkez;AT;Büyükbaþ Hayvan;25;136,9;0,7
Çorum;Oðuzlar;AT;Büyükbaþ Hayvan;10;54,8;0,3
Çorum;Ortaköy;AT;Büyükbaþ Hayvan;5;46139;0,1
Çorum;Osmancýk;AT;Büyükbaþ Hayvan;38;208,1;46023
Çorum;Sungurlu;AT;Büyükbaþ Hayvan;70;383,3;46024
Çorum;Uðurludað;AT;Büyükbaþ Hayvan;9;49,3;0,3
Çorum;Ýskilip;DEVE;Büyükbaþ Hayvan;3;46233;0,2
Çorum;Merkez;DEVE;Büyükbaþ Hayvan;4;40,9;0,3
Çorum;Alaca;EÞEK;Büyükbaþ Hayvan;218;596,8;46266
Çorum;Bayat;EÞEK;Büyükbaþ Hayvan;348;952,7;46025
Çorum;Boðazkale;EÞEK;Büyükbaþ Hayvan;15;41,1;0,1
Çorum;Dodurga;EÞEK;Büyükbaþ Hayvan;60;164,3;0,5
Çorum;Ýskilip;EÞEK;Büyükbaþ Hayvan;241;659,7;46024
Çorum;Kargý;EÞEK;Büyükbaþ Hayvan;179;490;46174
Çorum;Laçin;EÞEK;Büyükbaþ Hayvan;90;246,4;0,8
Çorum;Mecitözü;EÞEK;Büyükbaþ Hayvan;210;574,9;46235
Çorum;Merkez;EÞEK;Büyükbaþ Hayvan;197;539,3;46204
Çorum;Oðuzlar;EÞEK;Büyükbaþ Hayvan;173;473,6;46143
Çorum;Ortaköy;EÞEK;Büyükbaþ Hayvan;85;232,7;0,7
Çorum;Osmancýk;EÞEK;Büyükbaþ Hayvan;421;1152,5;46206
Çorum;Sungurlu;EÞEK;Büyükbaþ Hayvan;520;1423,5;46177
Çorum;Uðurludað;EÞEK;Büyükbaþ Hayvan;123;336,7;46023
Çorum;Alaca;KATIR;Büyükbaþ Hayvan;8;35;0,2
Çorum;Bayat;KATIR;Büyükbaþ Hayvan;65;284,7;46054
Çorum;Dodurga;KATIR;Büyükbaþ Hayvan;15;65,7;0,3
Çorum;Ýskilip;KATIR;Büyükbaþ Hayvan;94;411,7;46235
Çorum;Kargý;KATIR;Büyükbaþ Hayvan;28;122,6;0,5
Çorum;Mecitözü;KATIR;Büyükbaþ Hayvan;15;65,7;0,3
Çorum;Merkez;KATIR;Büyükbaþ Hayvan;6;46107;0,1
Çorum;Osmancýk;KATIR;Büyükbaþ Hayvan;76;332,9;46113
Çorum;Alaca;MANDA;Büyükbaþ Hayvan;159;1160,7;46211
Çorum;Boðazkale;MANDA;Büyükbaþ Hayvan;287;2095,1;46218
Çorum;Dodurga;MANDA;Büyükbaþ Hayvan;48;350,4;46175
Çorum;Ýskilip;MANDA;Büyükbaþ Hayvan;212;1547,6;46184
Çorum;Kargý;MANDA;Büyükbaþ Hayvan;334;2438,2;46099
Çorum;Laçin;MANDA;Büyükbaþ Hayvan;24;175,2;46082
Çorum;Mecitözü;MANDA;Büyükbaþ Hayvan;219;1598,7;12
Çorum;Merkez;MANDA;Büyükbaþ Hayvan;701;5117,3;38,4
Çorum;Ortaköy;MANDA;Büyükbaþ Hayvan;217;1584,1;46276
Çorum;Osmancýk;MANDA;Büyükbaþ Hayvan;82;598,6;46146
Çorum;Sungurlu;MANDA;Büyükbaþ Hayvan;771;5628,3;42,2
Çorum;Uðurludað;MANDA;Büyükbaþ Hayvan;326;2379,8;46251
Çorum;Alaca;SIÐIR (KÜLTÜR);Büyükbaþ Hayvan;18345;167398,1;1344,2
Çorum;Bayat;SIÐIR (KÜLTÜR);Büyükbaþ Hayvan;4570;41701,3;334,9
Çorum;Boðazkale;SIÐIR (KÜLTÜR);Büyükbaþ Hayvan;1510;13778,8;110,6
Çorum;Dodurga;SIÐIR (KÜLTÜR);Büyükbaþ Hayvan;930;8486,3;68,1
Çorum;Ýskilip;SIÐIR (KÜLTÜR);Büyükbaþ Hayvan;15527;141683,9;1137,8
Çorum;Kargý;SIÐIR (KÜLTÜR);Büyükbaþ Hayvan;1600;14600;117,2
Çorum;Laçin;SIÐIR (KÜLTÜR);Büyükbaþ Hayvan;1391;12692,9;101,9
Çorum;Mecitözü;SIÐIR (KÜLTÜR);Büyükbaþ Hayvan;16180;147642,5;1185,6
Çorum;Merkez;SIÐIR (KÜLTÜR);Büyükbaþ Hayvan;35994;328445,3;2637,5
Çorum;Oðuzlar;SIÐIR (KÜLTÜR);Büyükbaþ Hayvan;2230;20348,8;163,4
Çorum;Ortaköy;SIÐIR (KÜLTÜR);Büyükbaþ Hayvan;3775;34446,9;276,6
Çorum;Osmancýk;SIÐIR (KÜLTÜR);Büyükbaþ Hayvan;11442;104408,3;838,4
Çorum;Sungurlu;SIÐIR (KÜLTÜR);Büyükbaþ Hayvan;10795;98504,4;791
Çorum;Uðurludað;SIÐIR (KÜLTÜR);Büyükbaþ Hayvan;3295;30066,9;241,4
Çorum;Alaca;SIÐIR (MELEZ);Büyükbaþ Hayvan;5690;37383,3;240,2
Çorum;Bayat;SIÐIR (MELEZ);Büyükbaþ Hayvan;7190;47238,3;303,5
Çorum;Boðazkale;SIÐIR (MELEZ);Büyükbaþ Hayvan;2300;15111;97,1
Çorum;Dodurga;SIÐIR (MELEZ);Büyükbaþ Hayvan;1000;6570;42,2
Çorum;Ýskilip;SIÐIR (MELEZ);Büyükbaþ Hayvan;8310;54596,7;350,7
Çorum;Kargý;SIÐIR (MELEZ);Büyükbaþ Hayvan;9750;64057,5;411,5
Çorum;Laçin;SIÐIR (MELEZ);Büyükbaþ Hayvan;3347;21989,8;141,3
Çorum;Mecitözü;SIÐIR (MELEZ);Büyükbaþ Hayvan;8630;56699,1;364,2
Çorum;Merkez;SIÐIR (MELEZ);Büyükbaþ Hayvan;16471;108214,5;695,2
Çorum;Oðuzlar;SIÐIR (MELEZ);Büyükbaþ Hayvan;1095;7194,2;46,2
Çorum;Ortaköy;SIÐIR (MELEZ);Büyükbaþ Hayvan;1280;8409,6;54
Çorum;Osmancýk;SIÐIR (MELEZ);Büyükbaþ Hayvan;8036;52796,5;339,2
Çorum;Sungurlu;SIÐIR (MELEZ);Büyükbaþ Hayvan;24130;158534,1;1018,5
Çorum;Uðurludað;SIÐIR (MELEZ);Büyükbaþ Hayvan;3375;22173,8;142,4
Çorum;Alaca;SIÐIR (YERLÝ);Büyükbaþ Hayvan;235;1286,6;46271
Çorum;Bayat;SIÐIR (YERLÝ);Büyükbaþ Hayvan;1682;9209;49,3
Çorum;Boðazkale;SIÐIR (YERLÝ);Büyükbaþ Hayvan;410;2244,8;12
Çorum;Dodurga;SIÐIR (YERLÝ);Büyükbaþ Hayvan;520;2847;46068
Çorum;Ýskilip;SIÐIR (YERLÝ);Büyükbaþ Hayvan;451;2469,2;46066
Çorum;Kargý;SIÐIR (YERLÝ);Büyükbaþ Hayvan;1380;7555,5;40,4
Çorum;Laçin;SIÐIR (YERLÝ);Büyükbaþ Hayvan;838;4588,1;46197
Çorum;Mecitözü;SIÐIR (YERLÝ);Büyükbaþ Hayvan;285;1560,4;46120
Çorum;Merkez;SIÐIR (YERLÝ);Büyükbaþ Hayvan;785;4297,9;23
Çorum;Oðuzlar;SIÐIR (YERLÝ);Büyükbaþ Hayvan;249;1363,3;46088
Çorum;Ortaköy;SIÐIR (YERLÝ);Büyükbaþ Hayvan;80;438;46083
Çorum;Osmancýk;SIÐIR (YERLÝ);Büyükbaþ Hayvan;1583;8666,9;46,4
Çorum;Sungurlu;SIÐIR (YERLÝ);Büyükbaþ Hayvan;791;4330,7;46076
Çorum;Uðurludað;SIÐIR (YERLÝ);Büyükbaþ Hayvan;628;3438,3;46130
Çorum;Alaca;KEÇÝ (KIL);Küçükbaþ Hayvan;995;726,4;46054
Çorum;Bayat;KEÇÝ (KIL);Küçükbaþ Hayvan;2535;1850,6;3
Çorum;Boðazkale;KEÇÝ (KIL);Küçükbaþ Hayvan;1392;1016,2;46174
Çorum;Dodurga;KEÇÝ (KIL);Küçükbaþ Hayvan;700;511;0,8
Çorum;Ýskilip;KEÇÝ (KIL);Küçükbaþ Hayvan;9256;6756,9;46275
Çorum;Kargý;KEÇÝ (KIL);Küçükbaþ Hayvan;8385;6121,1;46243
Çorum;Laçin;KEÇÝ (KIL);Küçükbaþ Hayvan;5352;3907;46087
Çorum;Mecitözü;KEÇÝ (KIL);Küçükbaþ Hayvan;6444;4704,1;46180
Çorum;Merkez;KEÇÝ (KIL);Küçükbaþ Hayvan;10020;7314,6;46214
Çorum;Ortaköy;KEÇÝ (KIL);Küçükbaþ Hayvan;2540;1854,2;3
Çorum;Osmancýk;KEÇÝ (KIL);Küçükbaþ Hayvan;4860;3547,8;46208
Çorum;Sungurlu;KEÇÝ (KIL);Küçükbaþ Hayvan;12780;9329,4;15
Çorum;Uðurludað;KEÇÝ (KIL);Küçükbaþ Hayvan;1558;1137,3;46235
Çorum;Alaca;KEÇÝ (TÝFTÝK);Küçükbaþ Hayvan;17;46124;0
Çorum;Kargý;KEÇÝ (TÝFTÝK);Küçükbaþ Hayvan;201;146,7;0,2
Çorum;Merkez;KEÇÝ (TÝFTÝK);Küçükbaþ Hayvan;80;58,4;0,1
Çorum;Ortaköy;KEÇÝ (TÝFTÝK);Küçükbaþ Hayvan;42;46233;0
Çorum;Uðurludað;KEÇÝ (TÝFTÝK);Küçükbaþ Hayvan;500;365;0,6
Çorum;Alaca;KOYUN (MERÝNOS);Küçükbaþ Hayvan;316;346;0,8
Çorum;Bayat;KOYUN (MERÝNOS);Küçükbaþ Hayvan;529;579,3;46113
Çorum;Ýskilip;KOYUN (MERÝNOS);Küçükbaþ Hayvan;313;342,7;0,8
Çorum;Kargý;KOYUN (MERÝNOS);Küçükbaþ Hayvan;1297;1420,2;46115
Çorum;Mecitözü;KOYUN (MERÝNOS);Küçükbaþ Hayvan;2642;2893;7
Çorum;Merkez;KOYUN (MERÝNOS);Küçükbaþ Hayvan;2800;3066;46119
Çorum;Ortaköy;KOYUN (MERÝNOS);Küçükbaþ Hayvan;309;338,4;0,8
Çorum;Uðurludað;KOYUN (MERÝNOS);Küçükbaþ Hayvan;188;205,9;0,5
Çorum;Alaca;KOYUN (YERLÝ);Küçükbaþ Hayvan;14070;15406,7;37,1
Çorum;Bayat;KOYUN (YERLÝ);Küçükbaþ Hayvan;9445;10342,3;46289
Çorum;Boðazkale;KOYUN (YERLÝ);Küçükbaþ Hayvan;3035;3323,3;8
Çorum;Dodurga;KOYUN (YERLÝ);Küçükbaþ Hayvan;2000;2190;46086
Çorum;Ýskilip;KOYUN (YERLÝ);Küçükbaþ Hayvan;6641;7271,9;46159
Çorum;Kargý;KOYUN (YERLÝ);Küçükbaþ Hayvan;12250;13413,8;32,3
Çorum;Laçin;KOYUN (YERLÝ);Küçükbaþ Hayvan;3842;4207;46032
Çorum;Mecitözü;KOYUN (YERLÝ);Küçükbaþ Hayvan;10899;11934,4;46262
Çorum;Merkez;KOYUN (YERLÝ);Küçükbaþ Hayvan;31200;34164;82,3
Çorum;Ortaköy;KOYUN (YERLÝ);Küçükbaþ Hayvan;3315;3629,9;46211
Çorum;Osmancýk;KOYUN (YERLÝ);Küçükbaþ Hayvan;22139;24242,2;58,4
Çorum;Sungurlu;KOYUN (YERLÝ);Küçükbaþ Hayvan;32630;35729,9;86,1
Çorum;Uðurludað;KOYUN (YERLÝ);Küçükbaþ Hayvan;6895;7550;46071
Çorum;Alaca;ET TAVUÐU;Kanatlý Hayvan;0;0;0
Çorum;Bayat;ET TAVUÐU;Kanatlý Hayvan;0;0;0
Çorum;Boðazkale;ET TAVUÐU;Kanatlý Hayvan;0;0;0
Çorum;Dodurga;ET TAVUÐU;Kanatlý Hayvan;0;0;0
Çorum;Ýskilip;ET TAVUÐU;Kanatlý Hayvan;0;0;0
Çorum;Kargý;ET TAVUÐU;Kanatlý Hayvan;0;0;0
Çorum;Laçin;ET TAVUÐU;Kanatlý Hayvan;0;0;0
Çorum;Mecitözü;ET TAVUÐU;Kanatlý Hayvan;0;0;0
Çorum;Merkez;ET TAVUÐU;Kanatlý Hayvan;0;0;0
Çorum;Oðuzlar;ET TAVUÐU;Kanatlý Hayvan;0;0;0
Çorum;Ortaköy;ET TAVUÐU;Kanatlý Hayvan;0;0;0
Çorum;Osmancýk;ET TAVUÐU;Kanatlý Hayvan;0;0;0
Çorum;Sungurlu;ET TAVUÐU;Kanatlý Hayvan;40000;1080;270
Çorum;Uðurludað;ET TAVUÐU;Kanatlý Hayvan;0;0;0
Çorum;Alaca;HÝNDÝ;Kanatlý Hayvan;2875;107,8;27
Çorum;Bayat;HÝNDÝ;Kanatlý Hayvan;500;46252;46207
Çorum;Boðazkale;HÝNDÝ;Kanatlý Hayvan;300;46092;46236
Çorum;Dodurga;HÝNDÝ;Kanatlý Hayvan;290;46275;46205
Çorum;Ýskilip;HÝNDÝ;Kanatlý Hayvan;392;46217;46206
Çorum;Kargý;HÝNDÝ;Kanatlý Hayvan;703;46138;46179
Çorum;Laçin;HÝNDÝ;Kanatlý Hayvan;2038;76,4;46041
Çorum;Mecitözü;HÝNDÝ;Kanatlý Hayvan;650;46136;46028
Çorum;Merkez;HÝNDÝ;Kanatlý Hayvan;2100;78,8;46222
Çorum;Oðuzlar;HÝNDÝ;Kanatlý Hayvan;120;46146;46023
Çorum;Ortaköy;HÝNDÝ;Kanatlý Hayvan;252;46151;46114
Çorum;Osmancýk;HÝNDÝ;Kanatlý Hayvan;2250;84,4;46043
Çorum;Sungurlu;HÝNDÝ;Kanatlý Hayvan;950;35,6;46273
Çorum;Uðurludað;HÝNDÝ;Kanatlý Hayvan;120;46146;46023
Çorum;Alaca;KAZ;Kanatlý Hayvan;1774;83;46254
Çorum;Bayat;KAZ;Kanatlý Hayvan;300;14;46145
Çorum;Boðazkale;KAZ;Kanatlý Hayvan;1500;70,2;46190
Çorum;Dodurga;KAZ;Kanatlý Hayvan;30;46113;0,4
Çorum;Ýskilip;KAZ;Kanatlý Hayvan;405;19;46207
Çorum;Kargý;KAZ;Kanatlý Hayvan;498;46104;46239
Çorum;Laçin;KAZ;Kanatlý Hayvan;162;46180;46266
Çorum;Mecitözü;KAZ;Kanatlý Hayvan;320;15;46206
Çorum;Merkez;KAZ;Kanatlý Hayvan;11000;514,8;128,7
Çorum;Oðuzlar;KAZ;Kanatlý Hayvan;72;46115;0,8
Çorum;Ortaköy;KAZ;Kanatlý Hayvan;107;5;46082
Çorum;Osmancýk;KAZ;Kanatlý Hayvan;147;46271;46204
Çorum;Sungurlu;KAZ;Kanatlý Hayvan;4400;205,9;51,5
Çorum;Uðurludað;KAZ;Kanatlý Hayvan;3200;149,8;37,4
Çorum;Alaca;ÖRDEK;Kanatlý Hayvan;813;38;46151
Çorum;Bayat;ÖRDEK;Kanatlý Hayvan;125;46270;46143
Çorum;Boðazkale;ÖRDEK;Kanatlý Hayvan;200;46121;46083
Çorum;Dodurga;ÖRDEK;Kanatlý Hayvan;15;0,7;0,2
Çorum;Ýskilip;ÖRDEK;Kanatlý Hayvan;105;46269;46054
Çorum;Kargý;ÖRDEK;Kanatlý Hayvan;220;46091;46175
Çorum;Laçin;ÖRDEK;Kanatlý Hayvan;180;46120;46024
Çorum;Mecitözü;ÖRDEK;Kanatlý Hayvan;370;46098;46085
Çorum;Merkez;ÖRDEK;Kanatlý Hayvan;900;42,1;46152
Çorum;Oðuzlar;ÖRDEK;Kanatlý Hayvan;68;46056;0,8
Çorum;Ortaköy;ÖRDEK;Kanatlý Hayvan;53;46144;0,6
Çorum;Osmancýk;ÖRDEK;Kanatlý Hayvan;95;46116;46023
Çorum;Sungurlu;ÖRDEK;Kanatlý Hayvan;830;38,8;46212
Çorum;Uðurludað;ÖRDEK;Kanatlý Hayvan;250;46214;46267
Çorum;Alaca;YUMURTA TAVUÐU;Kanatlý Hayvan;10536;576,8;144,2
Çorum;Bayat;YUMURTA TAVUÐU;Kanatlý Hayvan;8000;438;109,5
Çorum;Boðazkale;YUMURTA TAVUÐU;Kanatlý Hayvan;2000;109,5;46139
Çorum;Dodurga;YUMURTA TAVUÐU;Kanatlý Hayvan;1690;92,5;46045
Çorum;Ýskilip;YUMURTA TAVUÐU;Kanatlý Hayvan;45611;2497,2;624,4
Çorum;Kargý;YUMURTA TAVUÐU;Kanatlý Hayvan;10950;599,5;149,9
Çorum;Laçin;YUMURTA TAVUÐU;Kanatlý Hayvan;7679;420,4;105,1
Çorum;Mecitözü;YUMURTA TAVUÐU;Kanatlý Hayvan;5250;287,4;71,9
Çorum;Merkez;YUMURTA TAVUÐU;Kanatlý Hayvan;4200000;229950;57497,8
Çorum;Oðuzlar;YUMURTA TAVUÐU;Kanatlý Hayvan;1520;83,2;46254
Çorum;Ortaköy;YUMURTA TAVUÐU;Kanatlý Hayvan;4350;238,2;59,6
Çorum;Osmancýk;YUMURTA TAVUÐU;Kanatlý Hayvan;5589;306;76,5
Çorum;Sungurlu;YUMURTA TAVUÐU;Kanatlý Hayvan;14640;801,5;200,4
Çorum;Uðurludað;YUMURTA TAVUÐU;Kanatlý Hayvan;7000;383,3;95,8
Denizli;Acýpayam;AT;Büyükbaþ Hayvan;185;1012,9;46117
Denizli;Babadað;AT;Büyükbaþ Hayvan;135;739,1;4
Denizli;Baklan;AT;Büyükbaþ Hayvan;23;125,9;0,7
Denizli;Bekilli;AT;Büyükbaþ Hayvan;72;394,2;46024
Denizli;Beyaðaç;AT;Büyükbaþ Hayvan;7;38,3;0,2
Denizli;Bozkurt;AT;Büyükbaþ Hayvan;13;71,2;0,4
Denizli;Buldan;AT;Büyükbaþ Hayvan;42;230;46054
Denizli;Çal;AT;Büyükbaþ Hayvan;22;120,5;0,6
Denizli;Çameli;AT;Büyükbaþ Hayvan;50;273,8;46143
Denizli;Çardak;AT;Büyükbaþ Hayvan;12;65,7;0,4
Denizli;Çivril;AT;Büyükbaþ Hayvan;29;158,8;0,9
Denizli;Güney;AT;Büyükbaþ Hayvan;25;136,9;0,7
Denizli;Honaz;AT;Büyükbaþ Hayvan;14;76,7;0,4
Denizli;Kale;AT;Büyükbaþ Hayvan;20;109,5;0,6
Denizli;Merkezefendi;AT;Büyükbaþ Hayvan;98;536,6;46267
Denizli;Pamukkale;AT;Büyükbaþ Hayvan;50;273,8;46143
Denizli;Sarayköy;AT;Büyükbaþ Hayvan;40;219;46054
Denizli;Serinhisar;AT;Büyükbaþ Hayvan;47;257,3;46113
Denizli;Tavas;AT;Büyükbaþ Hayvan;200;1095;46270
Denizli;Buldan;DEVE;Büyükbaþ Hayvan;4;40,9;0,3
Denizli;Sarayköy;DEVE;Büyükbaþ Hayvan;41;419;46115
Denizli;Acýpayam;EÞEK;Büyükbaþ Hayvan;122;334;46023
Denizli;Babadað;EÞEK;Büyükbaþ Hayvan;40;109,5;0,4
Denizli;Baklan;EÞEK;Büyükbaþ Hayvan;32;87,6;0,3
Denizli;Bekilli;EÞEK;Büyükbaþ Hayvan;55;150,6;0,5
Denizli;Beyaðaç;EÞEK;Büyükbaþ Hayvan;22;60,2;0,2
Denizli;Bozkurt;EÞEK;Büyükbaþ Hayvan;47;128,7;0,4
Denizli;Buldan;EÞEK;Büyükbaþ Hayvan;25;68,4;0,2
Denizli;Çal;EÞEK;Büyükbaþ Hayvan;32;87,6;0,3
Denizli;Çameli;EÞEK;Büyükbaþ Hayvan;350;958,1;46025
Denizli;Çardak;EÞEK;Büyükbaþ Hayvan;23;63;0,2
Denizli;Çivril;EÞEK;Büyükbaþ Hayvan;175;479,1;46143
Denizli;Güney;EÞEK;Büyükbaþ Hayvan;24;65,7;0,2
Denizli;Honaz;EÞEK;Büyükbaþ Hayvan;15;41,1;0,1
Denizli;Kale;EÞEK;Büyükbaþ Hayvan;15;41,1;0,1
Denizli;Merkezefendi;EÞEK;Büyükbaþ Hayvan;56;153,3;0,5
Denizli;Pamukkale;EÞEK;Büyükbaþ Hayvan;34;93,1;0,3
Denizli;Sarayköy;EÞEK;Büyükbaþ Hayvan;60;164,3;0,5
Denizli;Serinhisar;EÞEK;Büyükbaþ Hayvan;37;101,3;0,3
Denizli;Tavas;EÞEK;Büyükbaþ Hayvan;93;254,6;0,8
Denizli;Acýpayam;KATIR;Büyükbaþ Hayvan;9;39,4;0,2
Denizli;Babadað;KATIR;Büyükbaþ Hayvan;40;175,2;0,8
Denizli;Baklan;KATIR;Büyükbaþ Hayvan;1;46116;0
Denizli;Bekilli;KATIR;Büyükbaþ Hayvan;5;46286;0,1
Denizli;Beyaðaç;KATIR;Büyükbaþ Hayvan;7;46233;0,1
Denizli;Bozkurt;KATIR;Büyükbaþ Hayvan;2;46242;0
Denizli;Buldan;KATIR;Büyükbaþ Hayvan;30;131,4;0,6
Denizli;Çal;KATIR;Büyükbaþ Hayvan;20;87,6;0,4
Denizli;Çameli;KATIR;Büyükbaþ Hayvan;150;657;46236
Denizli;Güney;KATIR;Büyükbaþ Hayvan;20;87,6;0,4
Denizli;Kale;KATIR;Büyükbaþ Hayvan;5;46286;0,1
Denizli;Merkezefendi;KATIR;Büyükbaþ Hayvan;16;70,1;0,3
Denizli;Pamukkale;KATIR;Büyükbaþ Hayvan;11;48,2;0,2
Denizli;Serinhisar;KATIR;Büyükbaþ Hayvan;7;46233;0,1
Denizli;Tavas;KATIR;Büyükbaþ Hayvan;14;61,3;0,3
Denizli;Bekilli;MANDA;Büyükbaþ Hayvan;4;29,2;0,2
Denizli;Çivril;MANDA;Büyükbaþ Hayvan;111;810,3;46028
Denizli;Tavas;MANDA;Büyükbaþ Hayvan;3;46286;0,2
Denizli;Acýpayam;SIÐIR (KÜLTÜR);Büyükbaþ Hayvan;60645;553385,6;4443,8
Denizli;Babadað;SIÐIR (KÜLTÜR);Büyükbaþ Hayvan;1011;9225,4;74,1
Denizli;Baklan;SIÐIR (KÜLTÜR);Büyükbaþ Hayvan;5757;52532,6;421,9
Denizli;Bekilli;SIÐIR (KÜLTÜR);Büyükbaþ Hayvan;1155;10539,4;84,6
Denizli;Beyaðaç;SIÐIR (KÜLTÜR);Büyükbaþ Hayvan;3850;35131,3;282,1
Denizli;Bozkurt;SIÐIR (KÜLTÜR);Büyükbaþ Hayvan;9344;85264;684,7
Denizli;Buldan;SIÐIR (KÜLTÜR);Büyükbaþ Hayvan;11594;105795,3;849,6
Denizli;Çal;SIÐIR (KÜLTÜR);Büyükbaþ Hayvan;8109;73994,6;594,2
Denizli;Çameli;SIÐIR (KÜLTÜR);Büyükbaþ Hayvan;16900;154212,5;1238,4
Denizli;Çardak;SIÐIR (KÜLTÜR);Büyükbaþ Hayvan;11980;109317,5;877,8
Denizli;Çivril;SIÐIR (KÜLTÜR);Büyükbaþ Hayvan;46850;427506,3;3433
Denizli;Güney;SIÐIR (KÜLTÜR);Büyükbaþ Hayvan;4946;45132,3;362,4
Denizli;Honaz;SIÐIR (KÜLTÜR);Büyükbaþ Hayvan;9568;87308;701,1
Denizli;Kale;SIÐIR (KÜLTÜR);Büyükbaþ Hayvan;5527;50433,9;405
Denizli;Merkezefendi;SIÐIR (KÜLTÜR);Büyükbaþ Hayvan;4679;42695,9;342,9
Denizli;Pamukkale;SIÐIR (KÜLTÜR);Büyükbaþ Hayvan;20691;188805,4;1516,2
Denizli;Sarayköy;SIÐIR (KÜLTÜR);Büyükbaþ Hayvan;13149;119984,6;963,5
Denizli;Serinhisar;SIÐIR (KÜLTÜR);Büyükbaþ Hayvan;3268;29820,5;239,5
Denizli;Tavas;SIÐIR (KÜLTÜR);Büyükbaþ Hayvan;20100;183412,5;1472,8
Denizli;Acýpayam;SIÐIR (MELEZ);Büyükbaþ Hayvan;3200;21024;135,1
Denizli;Babadað;SIÐIR (MELEZ);Büyükbaþ Hayvan;845;5551,7;35,7
Denizli;Baklan;SIÐIR (MELEZ);Büyükbaþ Hayvan;207;1360;46211
Denizli;Bekilli;SIÐIR (MELEZ);Büyükbaþ Hayvan;242;1589,9;46063
Denizli;Beyaðaç;SIÐIR (MELEZ);Büyükbaþ Hayvan;547;3593,8;46045
Denizli;Bozkurt;SIÐIR (MELEZ);Büyükbaþ Hayvan;510;3350,7;46163
Denizli;Buldan;SIÐIR (MELEZ);Büyükbaþ Hayvan;814;5348;34,4
Denizli;Çal;SIÐIR (MELEZ);Büyükbaþ Hayvan;496;3258,7;46285
Denizli;Çameli;SIÐIR (MELEZ);Büyükbaþ Hayvan;1056;6937,9;44,6
Denizli;Çardak;SIÐIR (MELEZ);Büyükbaþ Hayvan;1083;7115,3;45,7
Denizli;Çivril;SIÐIR (MELEZ);Büyükbaþ Hayvan;3092;20314,4;130,5
Denizli;Güney;SIÐIR (MELEZ);Büyükbaþ Hayvan;238;1563,7;10
Denizli;Honaz;SIÐIR (MELEZ);Büyükbaþ Hayvan;1918;12601,3;81
Denizli;Kale;SIÐIR (MELEZ);Büyükbaþ Hayvan;731;4802,7;46295
Denizli;Merkezefendi;SIÐIR (MELEZ);Büyükbaþ Hayvan;1112;7305,8;46,9
Denizli;Pamukkale;SIÐIR (MELEZ);Büyükbaþ Hayvan;2451;16103,1;103,4
Denizli;Sarayköy;SIÐIR (MELEZ);Büyükbaþ Hayvan;1358;8922,1;57,3
Denizli;Serinhisar;SIÐIR (MELEZ);Büyükbaþ Hayvan;453;2976,2;46041
Denizli;Tavas;SIÐIR (MELEZ);Büyükbaþ Hayvan;6258;41115,1;264,1
Denizli;Acýpayam;SIÐIR (YERLÝ);Büyükbaþ Hayvan;1321;7232,5;38,7
Denizli;Babadað;SIÐIR (YERLÝ);Büyükbaþ Hayvan;602;3296;46190
Denizli;Baklan;SIÐIR (YERLÝ);Büyükbaþ Hayvan;16;87,6;0,5
Denizli;Bekilli;SIÐIR (YERLÝ);Büyükbaþ Hayvan;35;191,6;1
Denizli;Beyaðaç;SIÐIR (YERLÝ);Büyükbaþ Hayvan;174;952,7;46027
Denizli;Bozkurt;SIÐIR (YERLÝ);Büyükbaþ Hayvan;12;65,7;0,4
Denizli;Buldan;SIÐIR (YERLÝ);Büyükbaþ Hayvan;27;147,8;0,8
Denizli;Çal;SIÐIR (YERLÝ);Büyükbaþ Hayvan;3;46128;0,1
Denizli;Çameli;SIÐIR (YERLÝ);Büyükbaþ Hayvan;64;350,4;46266
Denizli;Çardak;SIÐIR (YERLÝ);Büyükbaþ Hayvan;214;1171,7;46087
Denizli;Çivril;SIÐIR (YERLÝ);Büyükbaþ Hayvan;1100;6022,5;32,2
Denizli;Güney;SIÐIR (YERLÝ);Büyükbaþ Hayvan;15;82,1;0,4
Denizli;Honaz;SIÐIR (YERLÝ);Büyükbaþ Hayvan;84;459,9;46144
Denizli;Kale;SIÐIR (YERLÝ);Büyükbaþ Hayvan;61;334;46235
Denizli;Merkezefendi;SIÐIR (YERLÝ);Büyükbaþ Hayvan;844;4620,9;46227
Denizli;Pamukkale;SIÐIR (YERLÝ);Büyükbaþ Hayvan;1310;7172,3;38,4
Denizli;Sarayköy;SIÐIR (YERLÝ);Büyükbaþ Hayvan;46;251,9;46082
Denizli;Serinhisar;SIÐIR (YERLÝ);Büyükbaþ Hayvan;46;251,9;46082
Denizli;Tavas;SIÐIR (YERLÝ);Büyükbaþ Hayvan;260;1423,5;46180
Denizli;Acýpayam;KEÇÝ (KIL);Küçükbaþ Hayvan;42046;30693,6;49,3
Denizli;Babadað;KEÇÝ (KIL);Küçükbaþ Hayvan;9104;6645,9;46213
Denizli;Baklan;KEÇÝ (KIL);Küçükbaþ Hayvan;1024;747,5;46054
Denizli;Bekilli;KEÇÝ (KIL);Küçükbaþ Hayvan;3042;2220,7;46176
Denizli;Beyaðaç;KEÇÝ (KIL);Küçükbaþ Hayvan;2916;2128,7;46115
Denizli;Bozkurt;KEÇÝ (KIL);Küçükbaþ Hayvan;2214;1616,2;46175
Denizli;Buldan;KEÇÝ (KIL);Küçükbaþ Hayvan;9845;7186,9;46153
Denizli;Çal;KEÇÝ (KIL);Küçükbaþ Hayvan;19800;14454;46076
Denizli;Çameli;KEÇÝ (KIL);Küçükbaþ Hayvan;6020;4394,6;46029
Denizli;Çardak;KEÇÝ (KIL);Küçükbaþ Hayvan;5800;4234;46240
Denizli;Çivril;KEÇÝ (KIL);Küçükbaþ Hayvan;23950;17483,5;46050
Denizli;Güney;KEÇÝ (KIL);Küçükbaþ Hayvan;5900;4307;46271
Denizli;Honaz;KEÇÝ (KIL);Küçükbaþ Hayvan;5400;3942;46087
Denizli;Kale;KEÇÝ (KIL);Küçükbaþ Hayvan;7525;5493,3;46242
Denizli;Merkezefendi;KEÇÝ (KIL);Küçükbaþ Hayvan;5000;3650;46270
Denizli;Pamukkale;KEÇÝ (KIL);Küçükbaþ Hayvan;5750;4197,5;46209
Denizli;Sarayköy;KEÇÝ (KIL);Küçükbaþ Hayvan;2850;2080,5;46084
Denizli;Serinhisar;KEÇÝ (KIL);Küçükbaþ Hayvan;8000;5840;46121
Denizli;Tavas;KEÇÝ (KIL);Küçükbaþ Hayvan;34000;24820;39,9
Denizli;Acýpayam;KOYUN (MERÝNOS);Küçükbaþ Hayvan;8503;9310,8;46134
Denizli;Babadað;KOYUN (MERÝNOS);Küçükbaþ Hayvan;46;50,4;0,1
Denizli;Baklan;KOYUN (MERÝNOS);Küçükbaþ Hayvan;341;373,4;0,9
Denizli;Bekilli;KOYUN (MERÝNOS);Küçükbaþ Hayvan;246;269,4;0,6
Denizli;Beyaðaç;KOYUN (MERÝNOS);Küçükbaþ Hayvan;72;78,8;0,2
Denizli;Bozkurt;KOYUN (MERÝNOS);Küçükbaþ Hayvan;124;135,8;0,3
Denizli;Buldan;KOYUN (MERÝNOS);Küçükbaþ Hayvan;75;82,1;0,2
Denizli;Çal;KOYUN (MERÝNOS);Küçükbaþ Hayvan;731;800,4;46266
Denizli;Çameli;KOYUN (MERÝNOS);Küçükbaþ Hayvan;70;76,7;0,2
Denizli;Çardak;KOYUN (MERÝNOS);Küçükbaþ Hayvan;564;617,6;46143
Denizli;Çivril;KOYUN (MERÝNOS);Küçükbaþ Hayvan;750;821,3;2
Denizli;Güney;KOYUN (MERÝNOS);Küçükbaþ Hayvan;150;164,3;0,4
Denizli;Honaz;KOYUN (MERÝNOS);Küçükbaþ Hayvan;192;210,2;0,5
Denizli;Kale;KOYUN (MERÝNOS);Küçükbaþ Hayvan;525;574,9;46113
Denizli;Pamukkale;KOYUN (MERÝNOS);Küçükbaþ Hayvan;250;273,8;0,7
Denizli;Sarayköy;KOYUN (MERÝNOS);Küçükbaþ Hayvan;390;427,1;1
Denizli;Serinhisar;KOYUN (MERÝNOS);Küçükbaþ Hayvan;70;76,7;0,2
Denizli;Tavas;KOYUN (MERÝNOS);Küçükbaþ Hayvan;500;547,5;46082
Denizli;Acýpayam;KOYUN (YERLÝ);Küçükbaþ Hayvan;63148;69147,1;166,6
Denizli;Babadað;KOYUN (YERLÝ);Küçükbaþ Hayvan;9526;10431;46047
Denizli;Baklan;KOYUN (YERLÝ);Küçükbaþ Hayvan;15042;16471;39,7
Denizli;Bekilli;KOYUN (YERLÝ);Küçükbaþ Hayvan;15214;16659,3;40,1
Denizli;Beyaðaç;KOYUN (YERLÝ);Küçükbaþ Hayvan;1685;1845,1;46116
Denizli;Bozkurt;KOYUN (YERLÝ);Küçükbaþ Hayvan;9073;9934,9;46288
Denizli;Buldan;KOYUN (YERLÝ);Küçükbaþ Hayvan;32451;35533,8;85,6
Denizli;Çal;KOYUN (YERLÝ);Küçükbaþ Hayvan;37856;41452,3;99,9
Denizli;Çameli;KOYUN (YERLÝ);Küçükbaþ Hayvan;6200;6789;46128
Denizli;Çardak;KOYUN (YERLÝ);Küçükbaþ Hayvan;11232;12299;46202
Denizli;Çivril;KOYUN (YERLÝ);Küçükbaþ Hayvan;113700;124501,5;299,9
Denizli;Güney;KOYUN (YERLÝ);Küçükbaþ Hayvan;12850;14070,8;33,9
Denizli;Honaz;KOYUN (YERLÝ);Küçükbaþ Hayvan;18275;20011,1;48,2
Denizli;Kale;KOYUN (YERLÝ);Küçükbaþ Hayvan;4532;4962,5;12
Denizli;Merkezefendi;KOYUN (YERLÝ);Küçükbaþ Hayvan;11325;12400,9;46294
Denizli;Pamukkale;KOYUN (YERLÝ);Küçükbaþ Hayvan;21230;23246,9;56
Denizli;Sarayköy;KOYUN (YERLÝ);Küçükbaþ Hayvan;15587;17067,8;41,1
Denizli;Serinhisar;KOYUN (YERLÝ);Küçükbaþ Hayvan;35643;39029,1;94
Denizli;Tavas;KOYUN (YERLÝ);Küçükbaþ Hayvan;55400;60663;146,1
Denizli;Acýpayam;ET TAVUÐU;Kanatlý Hayvan;0;0;0
Denizli;Baklan;ET TAVUÐU;Kanatlý Hayvan;0;0;0
Denizli;Bekilli;ET TAVUÐU;Kanatlý Hayvan;0;0;0
Denizli;Beyaðaç;ET TAVUÐU;Kanatlý Hayvan;0;0;0
Denizli;Bozkurt;ET TAVUÐU;Kanatlý Hayvan;0;0;0
Denizli;Buldan;ET TAVUÐU;Kanatlý Hayvan;418420;11297,3;2824,8
Denizli;Çal;ET TAVUÐU;Kanatlý Hayvan;413800;11172,6;2793,7
Denizli;Çameli;ET TAVUÐU;Kanatlý Hayvan;0;0;0
Denizli;Çardak;ET TAVUÐU;Kanatlý Hayvan;0;0;0
Denizli;Çivril;ET TAVUÐU;Kanatlý Hayvan;1900000;51300;12827,3
Denizli;Güney;ET TAVUÐU;Kanatlý Hayvan;320000;8640;2160,4
Denizli;Honaz;ET TAVUÐU;Kanatlý Hayvan;0;0;0
Denizli;Kale;ET TAVUÐU;Kanatlý Hayvan;0;0;0
Denizli;Merkezefendi;ET TAVUÐU;Kanatlý Hayvan;41000;1107;276,8
Denizli;Pamukkale;ET TAVUÐU;Kanatlý Hayvan;80000;2160;540,1
Denizli;Sarayköy;ET TAVUÐU;Kanatlý Hayvan;226000;6102;1525,8
Denizli;Serinhisar;ET TAVUÐU;Kanatlý Hayvan;0;0;0
Denizli;Tavas;ET TAVUÐU;Kanatlý Hayvan;0;0;0
Denizli;Acýpayam;HÝNDÝ;Kanatlý Hayvan;598;46134;46178
Denizli;Babadað;HÝNDÝ;Kanatlý Hayvan;35;46082;0,3
Denizli;Baklan;HÝNDÝ;Kanatlý Hayvan;62;46083;0,6
Denizli;Bekilli;HÝNDÝ;Kanatlý Hayvan;105;46268;1
Denizli;Beyaðaç;HÝNDÝ;Kanatlý Hayvan;780;46110;46088
Denizli;Bozkurt;HÝNDÝ;Kanatlý Hayvan;244;46062;46083
Denizli;Buldan;HÝNDÝ;Kanatlý Hayvan;99;46206;0,9
Denizli;Çal;HÝNDÝ;Kanatlý Hayvan;183;46271;46204
Denizli;Çameli;HÝNDÝ;Kanatlý Hayvan;400;15;46237
Denizli;Çardak;HÝNDÝ;Kanatlý Hayvan;157;46270;46143
Denizli;Çivril;HÝNDÝ;Kanatlý Hayvan;1730;64,9;46069
Denizli;Güney;HÝNDÝ;Kanatlý Hayvan;45;46204;0,4
Denizli;Honaz;HÝNDÝ;Kanatlý Hayvan;165;46059;46143
Denizli;Kale;HÝNDÝ;Kanatlý Hayvan;196;46119;46235
Denizli;Merkezefendi;HÝNDÝ;Kanatlý Hayvan;60;46083;0,6
Denizli;Pamukkale;HÝNDÝ;Kanatlý Hayvan;800;30;46149
Denizli;Sarayköy;HÝNDÝ;Kanatlý Hayvan;330;46124;46025
Denizli;Serinhisar;HÝNDÝ;Kanatlý Hayvan;94;46145;0,9
Denizli;Tavas;HÝNDÝ;Kanatlý Hayvan;138;46058;46082
Denizli;Acýpayam;KAZ;Kanatlý Hayvan;448;21;46058
Denizli;Babadað;KAZ;Kanatlý Hayvan;0;0;0
Denizli;Baklan;KAZ;Kanatlý Hayvan;37;46204;0,4
Denizli;Bekilli;KAZ;Kanatlý Hayvan;103;46238;46054
Denizli;Beyaðaç;KAZ;Kanatlý Hayvan;145;46240;46204
Denizli;Bozkurt;KAZ;Kanatlý Hayvan;166;46241;46266
Denizli;Buldan;KAZ;Kanatlý Hayvan;59;46236;0,7
Denizli;Çal;KAZ;Kanatlý Hayvan;115;46117;46082
Denizli;Çameli;KAZ;Kanatlý Hayvan;135;46087;46174
Denizli;Çardak;KAZ;Kanatlý Hayvan;0;0;0
Denizli;Çivril;KAZ;Kanatlý Hayvan;2130;99,7;46289
Denizli;Güney;KAZ;Kanatlý Hayvan;35;46174;0,4
Denizli;Honaz;KAZ;Kanatlý Hayvan;365;46039;46085
Denizli;Kale;KAZ;Kanatlý Hayvan;24;46023;0,3
Denizli;Merkezefendi;KAZ;Kanatlý Hayvan;70;46084;0,8
Denizli;Pamukkale;KAZ;Kanatlý Hayvan;350;46128;46026
Denizli;Sarayköy;KAZ;Kanatlý Hayvan;265;46124;46025
Denizli;Serinhisar;KAZ;Kanatlý Hayvan;106;5;46054
Denizli;Tavas;KAZ;Kanatlý Hayvan;170;8;2
Denizli;Acýpayam;ÖRDEK;Kanatlý Hayvan;132;46059;46143
Denizli;Babadað;ÖRDEK;Kanatlý Hayvan;30;46113;0,4
Denizli;Baklan;ÖRDEK;Kanatlý Hayvan;24;46023;0,3
Denizli;Bekilli;ÖRDEK;Kanatlý Hayvan;35;46174;0,4
Denizli;Beyaðaç;ÖRDEK;Kanatlý Hayvan;0;0;0
Denizli;Bozkurt;ÖRDEK;Kanatlý Hayvan;86;4;1
Denizli;Buldan;ÖRDEK;Kanatlý Hayvan;64;3;0,7
Denizli;Çal;ÖRDEK;Kanatlý Hayvan;62;46267;0,7
Denizli;Çameli;ÖRDEK;Kanatlý Hayvan;210;46243;46144
Denizli;Çardak;ÖRDEK;Kanatlý Hayvan;95;46116;46023
Denizli;Çivril;ÖRDEK;Kanatlý Hayvan;1453;68;17
Denizli;Güney;ÖRDEK;Kanatlý Hayvan;25;46054;0,3
Denizli;Honaz;ÖRDEK;Kanatlý Hayvan;145;46240;46204
Denizli;Kale;ÖRDEK;Kanatlý Hayvan;45;46024;0,5
Denizli;Merkezefendi;ÖRDEK;Kanatlý Hayvan;30;46113;0,4
Denizli;Pamukkale;ÖRDEK;Kanatlý Hayvan;310;46156;46176
Denizli;Sarayköy;ÖRDEK;Kanatlý Hayvan;150;7;46235
Denizli;Serinhisar;ÖRDEK;Kanatlý Hayvan;101;46207;46054
Denizli;Tavas;ÖRDEK;Kanatlý Hayvan;168;46272;2
Denizli;Acýpayam;YUMURTA TAVUÐU;Kanatlý Hayvan;151230;8279,8;2070,3
Denizli;Babadað;YUMURTA TAVUÐU;Kanatlý Hayvan;1300;71,2;46251
Denizli;Baklan;YUMURTA TAVUÐU;Kanatlý Hayvan;1814;99,3;46258
Denizli;Bekilli;YUMURTA TAVUÐU;Kanatlý Hayvan;4045;221,5;55,4
Denizli;Beyaðaç;YUMURTA TAVUÐU;Kanatlý Hayvan;7160;392;98
Denizli;Bozkurt;YUMURTA TAVUÐU;Kanatlý Hayvan;3262;178,6;44,7
Denizli;Buldan;YUMURTA TAVUÐU;Kanatlý Hayvan;16500;903,4;225,9
Denizli;Çal;YUMURTA TAVUÐU;Kanatlý Hayvan;8100;443,5;110,9
Denizli;Çameli;YUMURTA TAVUÐU;Kanatlý Hayvan;12560;687,7;171,9
Denizli;Çardak;YUMURTA TAVUÐU;Kanatlý Hayvan;4123;225,7;56,4
Denizli;Çivril;YUMURTA TAVUÐU;Kanatlý Hayvan;53000;2901,8;725,6
Denizli;Güney;YUMURTA TAVUÐU;Kanatlý Hayvan;4800;262,8;65,7
Denizli;Honaz;YUMURTA TAVUÐU;Kanatlý Hayvan;1199356;65664,7;16419,1
Denizli;Kale;YUMURTA TAVUÐU;Kanatlý Hayvan;11000;602,3;150,6
Denizli;Merkezefendi;YUMURTA TAVUÐU;Kanatlý Hayvan;1820;99,6;46289
Denizli;Pamukkale;YUMURTA TAVUÐU;Kanatlý Hayvan;26400;1445,4;361,4
Denizli;Sarayköy;YUMURTA TAVUÐU;Kanatlý Hayvan;5440;297,8;74,5
Denizli;Serinhisar;YUMURTA TAVUÐU;Kanatlý Hayvan;5240;286,9;71,7
Denizli;Tavas;YUMURTA TAVUÐU;Kanatlý Hayvan;526100;28804;7202,3
Diyarbakýr;Baðlar;AT;Büyükbaþ Hayvan;9;49,3;0,3
Diyarbakýr;Bismil;AT;Büyükbaþ Hayvan;38;208,1;46023
Diyarbakýr;Çermik;AT;Büyükbaþ Hayvan;100;547,5;46267
Diyarbakýr;Çýnar;AT;Büyükbaþ Hayvan;71;388,7;46024
Diyarbakýr;Çüngüþ;AT;Büyükbaþ Hayvan;147;804,8;46085
Diyarbakýr;Dicle;AT;Büyükbaþ Hayvan;203;1111,4;6
Diyarbakýr;Eðil;AT;Büyükbaþ Hayvan;75;410,6;46055
Diyarbakýr;Ergani;AT;Büyükbaþ Hayvan;86;470,9;46144
Diyarbakýr;Hani;AT;Büyükbaþ Hayvan;79;432,5;46083
Diyarbakýr;Hazro;AT;Büyükbaþ Hayvan;100;547,5;46267
Diyarbakýr;Kayapýnar;AT;Büyükbaþ Hayvan;21;115;0,6
Diyarbakýr;Kocaköy;AT;Büyükbaþ Hayvan;18;98,6;0,5
Diyarbakýr;Kulp;AT;Büyükbaþ Hayvan;219;1199;46118
Diyarbakýr;Lice;AT;Büyükbaþ Hayvan;213;1166,2;46059
Diyarbakýr;Silvan;AT;Büyükbaþ Hayvan;255;1396,1;46149
Diyarbakýr;Sur;AT;Büyükbaþ Hayvan;26;142,4;0,8
Diyarbakýr;Yeniþehir;AT;Büyükbaþ Hayvan;5;46139;0,1
Diyarbakýr;Çýnar;DEVE;Büyükbaþ Hayvan;11;112,4;0,9
Diyarbakýr;Baðlar;EÞEK;Büyükbaþ Hayvan;29;79,4;0,3
Diyarbakýr;Bismil;EÞEK;Büyükbaþ Hayvan;24;65,7;0,2
Diyarbakýr;Çermik;EÞEK;Büyükbaþ Hayvan;190;520,1;46204
Diyarbakýr;Çýnar;EÞEK;Büyükbaþ Hayvan;341;933,5;3
Diyarbakýr;Çüngüþ;EÞEK;Büyükbaþ Hayvan;475;1300,3;46057
Diyarbakýr;Dicle;EÞEK;Büyükbaþ Hayvan;125;342,2;46023
Diyarbakýr;Eðil;EÞEK;Büyükbaþ Hayvan;80;219;0,7
Diyarbakýr;Ergani;EÞEK;Büyükbaþ Hayvan;55;150,6;0,5
Diyarbakýr;Hani;EÞEK;Büyükbaþ Hayvan;402;1100,5;46145
Diyarbakýr;Hazro;EÞEK;Büyükbaþ Hayvan;211;577,6;46266
Diyarbakýr;Kayapýnar;EÞEK;Büyükbaþ Hayvan;17;46,5;0,1
Diyarbakýr;Kocaköy;EÞEK;Büyükbaþ Hayvan;53;145,1;0,5
Diyarbakýr;Kulp;EÞEK;Büyükbaþ Hayvan;770;2107,9;46240
Diyarbakýr;Lice;EÞEK;Büyükbaþ Hayvan;430;1177,1;46237
Diyarbakýr;Silvan;EÞEK;Büyükbaþ Hayvan;610;1669,9;46117
Diyarbakýr;Sur;EÞEK;Büyükbaþ Hayvan;15;41,1;0,1
Diyarbakýr;Yeniþehir;EÞEK;Büyükbaþ Hayvan;9;46197;0,1
Diyarbakýr;Baðlar;KATIR;Büyükbaþ Hayvan;2;46242;0
Diyarbakýr;Çermik;KATIR;Büyükbaþ Hayvan;4;46159;0,1
Diyarbakýr;Çýnar;KATIR;Büyükbaþ Hayvan;11;48,2;0,2
Diyarbakýr;Çüngüþ;KATIR;Büyükbaþ Hayvan;250;1095;46207
Diyarbakýr;Dicle;KATIR;Büyükbaþ Hayvan;40;175,2;0,8
Diyarbakýr;Ergani;KATIR;Büyükbaþ Hayvan;7;46233;0,1
Diyarbakýr;Hani;KATIR;Büyükbaþ Hayvan;38;166,4;0,7
Diyarbakýr;Hazro;KATIR;Büyükbaþ Hayvan;17;74,5;0,3
Diyarbakýr;Kulp;KATIR;Büyükbaþ Hayvan;780;3416,4;46187
Diyarbakýr;Lice;KATIR;Büyükbaþ Hayvan;136;595,7;46175
Diyarbakýr;Silvan;KATIR;Büyükbaþ Hayvan;191;836,6;46176
Diyarbakýr;Yeniþehir;KATIR;Büyükbaþ Hayvan;1;46116;0
Diyarbakýr;Baðlar;MANDA;Büyükbaþ Hayvan;2252;16439,6;123,2
Diyarbakýr;Bismil;MANDA;Büyükbaþ Hayvan;1092;7971,6;59,7
Diyarbakýr;Çýnar;MANDA;Büyükbaþ Hayvan;974;7110,2;53,3
Diyarbakýr;Ergani;MANDA;Büyükbaþ Hayvan;123;897,9;46209
Diyarbakýr;Hani;MANDA;Büyükbaþ Hayvan;6;43,8;0,3
Diyarbakýr;Hazro;MANDA;Büyükbaþ Hayvan;768;5606,4;42
Diyarbakýr;Kayapýnar;MANDA;Büyükbaþ Hayvan;383;2795,9;21
Diyarbakýr;Kocaköy;MANDA;Büyükbaþ Hayvan;281;2051,3;46127
Diyarbakýr;Kulp;MANDA;Büyükbaþ Hayvan;97;708,1;46086
Diyarbakýr;Silvan;MANDA;Büyükbaþ Hayvan;6518;47581,4;356,6
Diyarbakýr;Sur;MANDA;Büyükbaþ Hayvan;3003;21921,9;164,3
Diyarbakýr;Yeniþehir;MANDA;Büyükbaþ Hayvan;2693;19658,9;147,3
Diyarbakýr;Baðlar;SIÐIR (KÜLTÜR);Büyükbaþ Hayvan;18581;169551,6;1361,5
Diyarbakýr;Bismil;SIÐIR (KÜLTÜR);Büyükbaþ Hayvan;1847;16853,9;135,3
Diyarbakýr;Çermik;SIÐIR (KÜLTÜR);Büyükbaþ Hayvan;2313;21106,1;169,5
Diyarbakýr;Çýnar;SIÐIR (KÜLTÜR);Büyükbaþ Hayvan;16153;147396,1;1183,6
Diyarbakýr;Çüngüþ;SIÐIR (KÜLTÜR);Büyükbaþ Hayvan;760;6935;55,7
Diyarbakýr;Dicle;SIÐIR (KÜLTÜR);Büyükbaþ Hayvan;4168;38033;305,4
Diyarbakýr;Eðil;SIÐIR (KÜLTÜR);Büyükbaþ Hayvan;4178;38124,3;306,1
Diyarbakýr;Ergani;SIÐIR (KÜLTÜR);Büyükbaþ Hayvan;6128;55918;449
Diyarbakýr;Hani;SIÐIR (KÜLTÜR);Büyükbaþ Hayvan;5830;53198,8;427,2
Diyarbakýr;Hazro;SIÐIR (KÜLTÜR);Büyükbaþ Hayvan;5745;52423,1;421
Diyarbakýr;Kayapýnar;SIÐIR (KÜLTÜR);Büyükbaþ Hayvan;7333;66913,6;537,3
Diyarbakýr;Kocaköy;SIÐIR (KÜLTÜR);Büyükbaþ Hayvan;5480;50005;401,6
Diyarbakýr;Kulp;SIÐIR (KÜLTÜR);Büyükbaþ Hayvan;4158;37941,8;304,7
Diyarbakýr;Lice;SIÐIR (KÜLTÜR);Büyükbaþ Hayvan;21300;194362,5;1560,8
Diyarbakýr;Silvan;SIÐIR (KÜLTÜR);Büyükbaþ Hayvan;6911;63062,9;506,4
Diyarbakýr;Sur;SIÐIR (KÜLTÜR);Büyükbaþ Hayvan;6200;56575;454,3
Diyarbakýr;Yeniþehir;SIÐIR (KÜLTÜR);Büyükbaþ Hayvan;5170;47176,3;378,8
Diyarbakýr;Baðlar;SIÐIR (MELEZ);Büyükbaþ Hayvan;26718;175537,3;1127,7
Diyarbakýr;Bismil;SIÐIR (MELEZ);Büyükbaþ Hayvan;21650;142240,5;913,8
Diyarbakýr;Çermik;SIÐIR (MELEZ);Büyükbaþ Hayvan;21070;138429,9;889,3
Diyarbakýr;Çýnar;SIÐIR (MELEZ);Büyükbaþ Hayvan;19247;126452,8;812,4
Diyarbakýr;Çüngüþ;SIÐIR (MELEZ);Büyükbaþ Hayvan;1815;11924,6;76,6
Diyarbakýr;Dicle;SIÐIR (MELEZ);Büyükbaþ Hayvan;10893;71567;459,8
Diyarbakýr;Eðil;SIÐIR (MELEZ);Büyükbaþ Hayvan;10176;66856,3;429,5
Diyarbakýr;Ergani;SIÐIR (MELEZ);Büyükbaþ Hayvan;41696;273942,7;1759,9
Diyarbakýr;Hani;SIÐIR (MELEZ);Büyükbaþ Hayvan;10510;69050,7;443,6
Diyarbakýr;Hazro;SIÐIR (MELEZ);Büyükbaþ Hayvan;13380;87906,6;564,7
Diyarbakýr;Kayapýnar;SIÐIR (MELEZ);Büyükbaþ Hayvan;11527;75732,4;486,5
Diyarbakýr;Kocaköy;SIÐIR (MELEZ);Büyükbaþ Hayvan;11464;75318,5;483,9
Diyarbakýr;Kulp;SIÐIR (MELEZ);Büyükbaþ Hayvan;44775;294171,8;1889,8
Diyarbakýr;Lice;SIÐIR (MELEZ);Büyükbaþ Hayvan;13245;87019,7;559
Diyarbakýr;Silvan;SIÐIR (MELEZ);Büyükbaþ Hayvan;27439;180274,2;1158,1
Diyarbakýr;Sur;SIÐIR (MELEZ);Büyükbaþ Hayvan;18740;123121,8;791
Diyarbakýr;Yeniþehir;SIÐIR (MELEZ);Büyükbaþ Hayvan;9524;62572,7;402
Diyarbakýr;Baðlar;SIÐIR (YERLÝ);Büyükbaþ Hayvan;7965;43608,4;233,5
Diyarbakýr;Bismil;SIÐIR (YERLÝ);Büyükbaþ Hayvan;2830;15494,3;82,9
Diyarbakýr;Çermik;SIÐIR (YERLÝ);Büyükbaþ Hayvan;12678;69412,1;371,6
Diyarbakýr;Çýnar;SIÐIR (YERLÝ);Büyükbaþ Hayvan;21680;118698;635,4
Diyarbakýr;Çüngüþ;SIÐIR (YERLÝ);Büyükbaþ Hayvan;1460;7993,5;42,8
Diyarbakýr;Dicle;SIÐIR (YERLÝ);Büyükbaþ Hayvan;7006;38357,9;205,3
Diyarbakýr;Eðil;SIÐIR (YERLÝ);Büyükbaþ Hayvan;1698;9296,6;49,8
Diyarbakýr;Ergani;SIÐIR (YERLÝ);Büyükbaþ Hayvan;9993;54711,7;292,9
Diyarbakýr;Hani;SIÐIR (YERLÝ);Büyükbaþ Hayvan;857;4692,1;46047
Diyarbakýr;Hazro;SIÐIR (YERLÝ);Büyükbaþ Hayvan;498;2726,6;46187
Diyarbakýr;Kayapýnar;SIÐIR (YERLÝ);Büyükbaþ Hayvan;7782;42606,5;228,1
Diyarbakýr;Kocaköy;SIÐIR (YERLÝ);Büyükbaþ Hayvan;1507;8250,8;44,2
Diyarbakýr;Kulp;SIÐIR (YERLÝ);Büyükbaþ Hayvan;7000;38325;205,2
Diyarbakýr;Lice;SIÐIR (YERLÝ);Büyükbaþ Hayvan;10656;58341,6;312,3
Diyarbakýr;Silvan;SIÐIR (YERLÝ);Büyükbaþ Hayvan;34415;188422,1;1008,7
Diyarbakýr;Sur;SIÐIR (YERLÝ);Büyükbaþ Hayvan;3390;18560,3;99,4
Diyarbakýr;Yeniþehir;SIÐIR (YERLÝ);Büyükbaþ Hayvan;3733;20438,2;109,4
Diyarbakýr;Baðlar;KEÇÝ (KIL);Küçükbaþ Hayvan;13091;9556,4;46096
Diyarbakýr;Bismil;KEÇÝ (KIL);Küçükbaþ Hayvan;12760;9314,8;15
Diyarbakýr;Çermik;KEÇÝ (KIL);Küçükbaþ Hayvan;19612;14316,8;23
Diyarbakýr;Çýnar;KEÇÝ (KIL);Küçükbaþ Hayvan;128486;93794,8;150,6
Diyarbakýr;Çüngüþ;KEÇÝ (KIL);Küçükbaþ Hayvan;7825;5712,3;46062
Diyarbakýr;Dicle;KEÇÝ (KIL);Küçükbaþ Hayvan;21406;15626,4;46047
Diyarbakýr;Eðil;KEÇÝ (KIL);Küçükbaþ Hayvan;12312;8987,8;46126
Diyarbakýr;Ergani;KEÇÝ (KIL);Küçükbaþ Hayvan;21848;15949;46198
Diyarbakýr;Hani;KEÇÝ (KIL);Küçükbaþ Hayvan;11802;8615,5;46247
Diyarbakýr;Hazro;KEÇÝ (KIL);Küçükbaþ Hayvan;6480;4730,4;46180
Diyarbakýr;Kayapýnar;KEÇÝ (KIL);Küçükbaþ Hayvan;6335;4624,6;46119
Diyarbakýr;Kocaköy;KEÇÝ (KIL);Küçükbaþ Hayvan;3547;2589,3;46057
Diyarbakýr;Kulp;KEÇÝ (KIL);Küçükbaþ Hayvan;40000;29200;46,9
Diyarbakýr;Lice;KEÇÝ (KIL);Küçükbaþ Hayvan;30553;22303,7;35,8
Diyarbakýr;Silvan;KEÇÝ (KIL);Küçükbaþ Hayvan;21376;15604,5;46047
Diyarbakýr;Sur;KEÇÝ (KIL);Küçükbaþ Hayvan;4892;3571,2;46208
Diyarbakýr;Yeniþehir;KEÇÝ (KIL);Küçükbaþ Hayvan;4744;3463,1;46178
Diyarbakýr;Sur;KEÇÝ (TÝFTÝK);Küçükbaþ Hayvan;3;46055;0
Diyarbakýr;Çüngüþ;KOYUN (MERÝNOS);Küçükbaþ Hayvan;100;109,5;0,3
Diyarbakýr;Hani;KOYUN (MERÝNOS);Küçükbaþ Hayvan;59;64,6;0,2
Diyarbakýr;Silvan;KOYUN (MERÝNOS);Küçükbaþ Hayvan;104;113,9;0,3
Diyarbakýr;Sur;KOYUN (MERÝNOS);Küçükbaþ Hayvan;34;37,2;0,1
Diyarbakýr;Baðlar;KOYUN (YERLÝ);Küçükbaþ Hayvan;226731;248270,4;598,1
Diyarbakýr;Bismil;KOYUN (YERLÝ);Küçükbaþ Hayvan;84400;92418;222,6
Diyarbakýr;Çermik;KOYUN (YERLÝ);Küçükbaþ Hayvan;330513;361911,7;871,9
Diyarbakýr;Çýnar;KOYUN (YERLÝ);Küçükbaþ Hayvan;244270;267475,7;644,4
Diyarbakýr;Çüngüþ;KOYUN (YERLÝ);Küçükbaþ Hayvan;2175;2381,6;46208
Diyarbakýr;Dicle;KOYUN (YERLÝ);Küçükbaþ Hayvan;9154;10023,6;46046
Diyarbakýr;Eðil;KOYUN (YERLÝ);Küçükbaþ Hayvan;48215;52795,4;127,2
Diyarbakýr;Ergani;KOYUN (YERLÝ);Küçükbaþ Hayvan;237324;259869,8;626
Diyarbakýr;Hani;KOYUN (YERLÝ);Küçükbaþ Hayvan;12781;13995,2;33,7
Diyarbakýr;Hazro;KOYUN (YERLÝ);Küçükbaþ Hayvan;6925;7582,9;46099
Diyarbakýr;Kayapýnar;KOYUN (YERLÝ);Küçükbaþ Hayvan;122550;134192,3;323,3
Diyarbakýr;Kocaköy;KOYUN (YERLÝ);Küçükbaþ Hayvan;9031;9888,9;46257
Diyarbakýr;Kulp;KOYUN (YERLÝ);Küçükbaþ Hayvan;15000;16425;39,6
Diyarbakýr;Lice;KOYUN (YERLÝ);Küçükbaþ Hayvan;18365;20109,7;48,4
Diyarbakýr;Silvan;KOYUN (YERLÝ);Küçükbaþ Hayvan;40677;44541,3;107,3
Diyarbakýr;Sur;KOYUN (YERLÝ);Küçükbaþ Hayvan;21522;23566,6;56,8
Diyarbakýr;Yeniþehir;KOYUN (YERLÝ);Küçükbaþ Hayvan;37637;41212,5;99,3
Diyarbakýr;Baðlar;ET TAVUÐU;Kanatlý Hayvan;0;0;0
Diyarbakýr;Bismil;ET TAVUÐU;Kanatlý Hayvan;0;0;0
Diyarbakýr;Çermik;ET TAVUÐU;Kanatlý Hayvan;0;0;0
Diyarbakýr;Çýnar;ET TAVUÐU;Kanatlý Hayvan;0;0;0
Diyarbakýr;Çüngüþ;ET TAVUÐU;Kanatlý Hayvan;0;0;0
Diyarbakýr;Dicle;ET TAVUÐU;Kanatlý Hayvan;1000;27;46240
Diyarbakýr;Eðil;ET TAVUÐU;Kanatlý Hayvan;0;0;0
Diyarbakýr;Ergani;ET TAVUÐU;Kanatlý Hayvan;59136;1596,7;399,2
Diyarbakýr;Hani;ET TAVUÐU;Kanatlý Hayvan;0;0;0
Diyarbakýr;Hazro;ET TAVUÐU;Kanatlý Hayvan;0;0;0
Diyarbakýr;Kayapýnar;ET TAVUÐU;Kanatlý Hayvan;15000;405;101,3
Diyarbakýr;Kocaköy;ET TAVUÐU;Kanatlý Hayvan;0;0;0
Diyarbakýr;Kulp;ET TAVUÐU;Kanatlý Hayvan;2200;59,4;46279
Diyarbakýr;Lice;ET TAVUÐU;Kanatlý Hayvan;0;0;0
Diyarbakýr;Silvan;ET TAVUÐU;Kanatlý Hayvan;40000;1080;270
Diyarbakýr;Sur;ET TAVUÐU;Kanatlý Hayvan;0;0;0
Diyarbakýr;Yeniþehir;ET TAVUÐU;Kanatlý Hayvan;69972;1889,2;472,4
Diyarbakýr;Baðlar;HÝNDÝ;Kanatlý Hayvan;3000;112,5;46050
Diyarbakýr;Bismil;HÝNDÝ;Kanatlý Hayvan;11250;421,9;105,5
Diyarbakýr;Çermik;HÝNDÝ;Kanatlý Hayvan;3040;114;46170
Diyarbakýr;Çýnar;HÝNDÝ;Kanatlý Hayvan;13010;487,9;122
Diyarbakýr;Çüngüþ;HÝNDÝ;Kanatlý Hayvan;30;46023;0,3
Diyarbakýr;Dicle;HÝNDÝ;Kanatlý Hayvan;1300;48,8;46065
Diyarbakýr;Eðil;HÝNDÝ;Kanatlý Hayvan;670;46047;46087
Diyarbakýr;Ergani;HÝNDÝ;Kanatlý Hayvan;3379;126,7;46234
Diyarbakýr;Hani;HÝNDÝ;Kanatlý Hayvan;350;46035;46084
Diyarbakýr;Hazro;HÝNDÝ;Kanatlý Hayvan;2220;83,3;46254
Diyarbakýr;Kayapýnar;HÝNDÝ;Kanatlý Hayvan;4600;172,5;43,1
Diyarbakýr;Kocaköy;HÝNDÝ;Kanatlý Hayvan;1750;65,6;46128
Diyarbakýr;Kulp;HÝNDÝ;Kanatlý Hayvan;1560;58,5;46187
Diyarbakýr;Lice;HÝNDÝ;Kanatlý Hayvan;4000;150;37,5
Diyarbakýr;Silvan;HÝNDÝ;Kanatlý Hayvan;8230;308,6;77,2
Diyarbakýr;Sur;HÝNDÝ;Kanatlý Hayvan;4800;180;45
Diyarbakýr;Yeniþehir;HÝNDÝ;Kanatlý Hayvan;4200;157,5;39,4
Diyarbakýr;Baðlar;KAZ;Kanatlý Hayvan;505;46196;46270
Diyarbakýr;Bismil;KAZ;Kanatlý Hayvan;1750;81,9;46162
Diyarbakýr;Çermik;KAZ;Kanatlý Hayvan;410;46072;46238
Diyarbakýr;Çýnar;KAZ;Kanatlý Hayvan;3510;164,3;41,1
Diyarbakýr;Çüngüþ;KAZ;Kanatlý Hayvan;10;0,5;0,1
Diyarbakýr;Dicle;KAZ;Kanatlý Hayvan;200;46121;46083
Diyarbakýr;Eðil;KAZ;Kanatlý Hayvan;145;46240;46204
Diyarbakýr;Ergani;KAZ;Kanatlý Hayvan;896;41,9;46152
Diyarbakýr;Hani;KAZ;Kanatlý Hayvan;285;46094;46084
Diyarbakýr;Hazro;KAZ;Kanatlý Hayvan;180;46120;46024
Diyarbakýr;Kayapýnar;KAZ;Kanatlý Hayvan;205;46182;46114
Diyarbakýr;Kocaköy;KAZ;Kanatlý Hayvan;970;45,4;46123
Diyarbakýr;Kulp;KAZ;Kanatlý Hayvan;250;46214;46267
Diyarbakýr;Lice;KAZ;Kanatlý Hayvan;550;46228;46118
Diyarbakýr;Silvan;KAZ;Kanatlý Hayvan;1950;91,3;46256
Diyarbakýr;Sur;KAZ;Kanatlý Hayvan;2750;128,7;32,2
Diyarbakýr;Yeniþehir;KAZ;Kanatlý Hayvan;1000;46,8;46214
Diyarbakýr;Baðlar;ÖRDEK;Kanatlý Hayvan;512;24;6
Diyarbakýr;Bismil;ÖRDEK;Kanatlý Hayvan;3100;145,1;36,3
Diyarbakýr;Çermik;ÖRDEK;Kanatlý Hayvan;470;22;46147
Diyarbakýr;Çýnar;ÖRDEK;Kanatlý Hayvan;3040;142,3;35,6
Diyarbakýr;Çüngüþ;ÖRDEK;Kanatlý Hayvan;10;0,5;0,1
Diyarbakýr;Dicle;ÖRDEK;Kanatlý Hayvan;160;46149;46266
Diyarbakýr;Eðil;ÖRDEK;Kanatlý Hayvan;130;46028;46143
Diyarbakýr;Ergani;ÖRDEK;Kanatlý Hayvan;354;46189;46026
Diyarbakýr;Hani;ÖRDEK;Kanatlý Hayvan;235;11;46205
Diyarbakýr;Hazro;ÖRDEK;Kanatlý Hayvan;112;46058;46082
Diyarbakýr;Kayapýnar;ÖRDEK;Kanatlý Hayvan;510;46288;6
Diyarbakýr;Kocaköy;ÖRDEK;Kanatlý Hayvan;980;45,9;46153
Diyarbakýr;Kulp;ÖRDEK;Kanatlý Hayvan;0;0;0
Diyarbakýr;Lice;ÖRDEK;Kanatlý Hayvan;580;46049;46240
Diyarbakýr;Silvan;ÖRDEK;Kanatlý Hayvan;1750;81,9;46162
Diyarbakýr;Sur;ÖRDEK;Kanatlý Hayvan;2100;98,3;46197
Diyarbakýr;Yeniþehir;ÖRDEK;Kanatlý Hayvan;1100;51,5;46277
Diyarbakýr;Baðlar;YUMURTA TAVUÐU;Kanatlý Hayvan;15100;826,7;206,7
Diyarbakýr;Bismil;YUMURTA TAVUÐU;Kanatlý Hayvan;168000;9198;2299,9
Diyarbakýr;Çermik;YUMURTA TAVUÐU;Kanatlý Hayvan;63200;3460,2;865,2
Diyarbakýr;Çýnar;YUMURTA TAVUÐU;Kanatlý Hayvan;55250;3024,9;756,4
Diyarbakýr;Çüngüþ;YUMURTA TAVUÐU;Kanatlý Hayvan;1200;65,7;46128
Diyarbakýr;Dicle;YUMURTA TAVUÐU;Kanatlý Hayvan;6500;355,9;89
Diyarbakýr;Eðil;YUMURTA TAVUÐU;Kanatlý Hayvan;11000;602,3;150,6
Diyarbakýr;Ergani;YUMURTA TAVUÐU;Kanatlý Hayvan;23306;1276;319,1
Diyarbakýr;Hani;YUMURTA TAVUÐU;Kanatlý Hayvan;26500;1450,9;362,8
Diyarbakýr;Hazro;YUMURTA TAVUÐU;Kanatlý Hayvan;6400;350,4;87,6
Diyarbakýr;Kayapýnar;YUMURTA TAVUÐU;Kanatlý Hayvan;12000;657;164,3
Diyarbakýr;Kocaköy;YUMURTA TAVUÐU;Kanatlý Hayvan;7700;421,6;105,4
Diyarbakýr;Kulp;YUMURTA TAVUÐU;Kanatlý Hayvan;9184;502,8;125,7
Diyarbakýr;Lice;YUMURTA TAVUÐU;Kanatlý Hayvan;15500;848,6;212,2
Diyarbakýr;Silvan;YUMURTA TAVUÐU;Kanatlý Hayvan;7500;410,6;102,7
Diyarbakýr;Sur;YUMURTA TAVUÐU;Kanatlý Hayvan;26000;1423,5;355,9
Diyarbakýr;Yeniþehir;YUMURTA TAVUÐU;Kanatlý Hayvan;28512;1561;390,3
Edirne;Havsa;AT;Büyükbaþ Hayvan;12;65,7;0,4
Edirne;Ýpsala;AT;Büyükbaþ Hayvan;134;733,7;46268
Edirne;Keþan;AT;Büyükbaþ Hayvan;232;1270,2;46240
Edirne;Lalapaþa;AT;Büyükbaþ Hayvan;5;46139;0,1
Edirne;Meriç;AT;Büyükbaþ Hayvan;130;711,8;46237
Edirne;Merkez;AT;Büyükbaþ Hayvan;196;1073,1;46208
Edirne;Süleoðlu;AT;Büyükbaþ Hayvan;18;98,6;0,5
Edirne;Uzunköprü;AT;Büyükbaþ Hayvan;155;848,6;46146
Edirne;Enez;EÞEK;Büyükbaþ Hayvan;69;188,9;0,6
Edirne;Havsa;EÞEK;Büyükbaþ Hayvan;53;145,1;0,5
Edirne;Ýpsala;EÞEK;Büyükbaþ Hayvan;211;577,6;46266
Edirne;Keþan;EÞEK;Büyükbaþ Hayvan;97;265,5;0,9
Edirne;Lalapaþa;EÞEK;Büyükbaþ Hayvan;26;71,2;0,2
Edirne;Meriç;EÞEK;Büyükbaþ Hayvan;49;134,1;0,4
Edirne;Merkez;EÞEK;Büyükbaþ Hayvan;48;131,4;0,4
Edirne;Süleoðlu;EÞEK;Büyükbaþ Hayvan;66;180,7;0,6
Edirne;Uzunköprü;EÞEK;Büyükbaþ Hayvan;24;65,7;0,2
Edirne;Ýpsala;KATIR;Büyükbaþ Hayvan;2;46242;0
Edirne;Enez;MANDA;Büyükbaþ Hayvan;81;591,3;46116
Edirne;Havsa;MANDA;Büyükbaþ Hayvan;5;36,5;0,3
Edirne;Ýpsala;MANDA;Büyükbaþ Hayvan;5;36,5;0,3
Edirne;Keþan;MANDA;Büyükbaþ Hayvan;17;124,1;0,9
Edirne;Lalapaþa;MANDA;Büyükbaþ Hayvan;5;36,5;0,3
Edirne;Meriç;MANDA;Büyükbaþ Hayvan;5;36,5;0,3
Edirne;Merkez;MANDA;Büyükbaþ Hayvan;514;3752,2;46050
Edirne;Uzunköprü;MANDA;Büyükbaþ Hayvan;2;46187;0,1
Edirne;Enez;SIÐIR (KÜLTÜR);Büyükbaþ Hayvan;8938;81559,3;654,9
Edirne;Havsa;SIÐIR (KÜLTÜR);Büyükbaþ Hayvan;17433;159076,1;1277,4
Edirne;Ýpsala;SIÐIR (KÜLTÜR);Büyükbaþ Hayvan;14507;132376,4;1063
Edirne;Keþan;SIÐIR (KÜLTÜR);Büyükbaþ Hayvan;19595;178804,4;1435,8
Edirne;Lalapaþa;SIÐIR (KÜLTÜR);Büyükbaþ Hayvan;10471;95547,9;767,3
Edirne;Meriç;SIÐIR (KÜLTÜR);Büyükbaþ Hayvan;5505;50233,1;403,4
Edirne;Merkez;SIÐIR (KÜLTÜR);Büyükbaþ Hayvan;16238;148171,8;1189,9
Edirne;Süleoðlu;SIÐIR (KÜLTÜR);Büyükbaþ Hayvan;11023;100584,9;807,7
Edirne;Uzunköprü;SIÐIR (KÜLTÜR);Büyükbaþ Hayvan;13817;126080,1;1012,5
Edirne;Enez;SIÐIR (MELEZ);Büyükbaþ Hayvan;6621;43500;279,5
Edirne;Havsa;SIÐIR (MELEZ);Büyükbaþ Hayvan;997;6550,3;42,1
Edirne;Ýpsala;SIÐIR (MELEZ);Büyükbaþ Hayvan;12335;81041;520,6
Edirne;Keþan;SIÐIR (MELEZ);Büyükbaþ Hayvan;4465;29335,1;188,5
Edirne;Lalapaþa;SIÐIR (MELEZ);Büyükbaþ Hayvan;4931;32396,7;208,1
Edirne;Meriç;SIÐIR (MELEZ);Büyükbaþ Hayvan;261;1714,8;11
Edirne;Merkez;SIÐIR (MELEZ);Büyükbaþ Hayvan;2975;19545,8;125,6
Edirne;Süleoðlu;SIÐIR (MELEZ);Büyükbaþ Hayvan;515;3383,6;46224
Edirne;Uzunköprü;SIÐIR (MELEZ);Büyükbaþ Hayvan;4605;30254,9;194,4
Edirne;Enez;SIÐIR (YERLÝ);Büyükbaþ Hayvan;519;2841,5;46068
Edirne;Ýpsala;SIÐIR (YERLÝ);Büyükbaþ Hayvan;278;1522,1;46030
Edirne;Merkez;SIÐIR (YERLÝ);Büyükbaþ Hayvan;174;952,7;46027
Edirne;Enez;KEÇÝ (KIL);Küçükbaþ Hayvan;16744;12223,1;46192
Edirne;Havsa;KEÇÝ (KIL);Küçükbaþ Hayvan;439;320,5;0,5
Edirne;Ýpsala;KEÇÝ (KIL);Küçükbaþ Hayvan;4022;2936,1;46207
Edirne;Keþan;KEÇÝ (KIL);Küçükbaþ Hayvan;22140;16162,2;26
Edirne;Lalapaþa;KEÇÝ (KIL);Küçükbaþ Hayvan;1443;1053,4;46204
Edirne;Meriç;KEÇÝ (KIL);Küçükbaþ Hayvan;4209;3072,6;46269
Edirne;Merkez;KEÇÝ (KIL);Küçükbaþ Hayvan;1499;1094,3;46235
Edirne;Süleoðlu;KEÇÝ (KIL);Küçükbaþ Hayvan;278;202,9;0,3
Edirne;Uzunköprü;KEÇÝ (KIL);Küçükbaþ Hayvan;4115;3004;46238
Edirne;Enez;KOYUN (MERÝNOS);Küçükbaþ Hayvan;28730;31459,4;75,8
Edirne;Ýpsala;KOYUN (MERÝNOS);Küçükbaþ Hayvan;3824;4187,3;46032
Edirne;Keþan;KOYUN (MERÝNOS);Küçükbaþ Hayvan;4515;4943,9;46276
Edirne;Lalapaþa;KOYUN (MERÝNOS);Küçükbaþ Hayvan;22741;24901,4;60
Edirne;Meriç;KOYUN (MERÝNOS);Küçükbaþ Hayvan;395;432,5;1
Edirne;Merkez;KOYUN (MERÝNOS);Küçükbaþ Hayvan;11386;12467,7;30
Edirne;Uzunköprü;KOYUN (MERÝNOS);Küçükbaþ Hayvan;2605;2852,5;46271
Edirne;Enez;KOYUN (YERLÝ);Küçükbaþ Hayvan;1077;1179,3;46236
Edirne;Havsa;KOYUN (YERLÝ);Küçükbaþ Hayvan;25137;27525;66,3
Edirne;Ýpsala;KOYUN (YERLÝ);Küçükbaþ Hayvan;36468;39932,5;96,2
Edirne;Keþan;KOYUN (YERLÝ);Küçükbaþ Hayvan;48200;52779;127,1
Edirne;Meriç;KOYUN (YERLÝ);Küçükbaþ Hayvan;17115;18740,9;45,1
Edirne;Merkez;KOYUN (YERLÝ);Küçükbaþ Hayvan;28211;30891;74,4
Edirne;Süleoðlu;KOYUN (YERLÝ);Küçükbaþ Hayvan;18140;19863,3;47,9
Edirne;Uzunköprü;KOYUN (YERLÝ);Küçükbaþ Hayvan;45114;49399,8;119
Edirne;Enez;ET TAVUÐU;Kanatlý Hayvan;0;0;0
Edirne;Havsa;ET TAVUÐU;Kanatlý Hayvan;60000;1620;405,1
Edirne;Ýpsala;ET TAVUÐU;Kanatlý Hayvan;0;0;0
Edirne;Keþan;ET TAVUÐU;Kanatlý Hayvan;0;0;0
Edirne;Lalapaþa;ET TAVUÐU;Kanatlý Hayvan;0;0;0
Edirne;Meriç;ET TAVUÐU;Kanatlý Hayvan;0;0;0
Edirne;Merkez;ET TAVUÐU;Kanatlý Hayvan;0;0;0
Edirne;Süleoðlu;ET TAVUÐU;Kanatlý Hayvan;0;0;0
Edirne;Uzunköprü;ET TAVUÐU;Kanatlý Hayvan;0;0;0
Edirne;Enez;HÝNDÝ;Kanatlý Hayvan;150;46178;46113
Edirne;Havsa;HÝNDÝ;Kanatlý Hayvan;2250;84,4;46043
Edirne;Ýpsala;HÝNDÝ;Kanatlý Hayvan;2020;75,8;46283
Edirne;Keþan;HÝNDÝ;Kanatlý Hayvan;910;34,1;46150
Edirne;Lalapaþa;HÝNDÝ;Kanatlý Hayvan;381;46095;46176
Edirne;Meriç;HÝNDÝ;Kanatlý Hayvan;1550;58,1;46156
Edirne;Merkez;HÝNDÝ;Kanatlý Hayvan;3478;130,4;32,6
Edirne;Süleoðlu;HÝNDÝ;Kanatlý Hayvan;420;46249;46268
Edirne;Uzunköprü;HÝNDÝ;Kanatlý Hayvan;3185;119,4;46294
Edirne;Enez;KAZ;Kanatlý Hayvan;400;46221;46207
Edirne;Havsa;KAZ;Kanatlý Hayvan;3500;163,8;41
Edirne;Ýpsala;KAZ;Kanatlý Hayvan;1621;75,9;19
Edirne;Keþan;KAZ;Kanatlý Hayvan;1040;48,7;46065
Edirne;Lalapaþa;KAZ;Kanatlý Hayvan;215;46032;46144
Edirne;Meriç;KAZ;Kanatlý Hayvan;820;38,4;46182
Edirne;Merkez;KAZ;Kanatlý Hayvan;1843;86,3;46194
Edirne;Süleoðlu;KAZ;Kanatlý Hayvan;261;46065;46025
Edirne;Uzunköprü;KAZ;Kanatlý Hayvan;1615;75,6;46283
Edirne;Enez;ÖRDEK;Kanatlý Hayvan;255;46276;3
Edirne;Havsa;ÖRDEK;Kanatlý Hayvan;1350;63,2;46249
Edirne;Ýpsala;ÖRDEK;Kanatlý Hayvan;2034;95,2;46257
Edirne;Keþan;ÖRDEK;Kanatlý Hayvan;1385;64,8;46069
Edirne;Lalapaþa;ÖRDEK;Kanatlý Hayvan;386;46040;46146
Edirne;Meriç;ÖRDEK;Kanatlý Hayvan;830;38,8;46212
Edirne;Merkez;ÖRDEK;Kanatlý Hayvan;1735;81,2;46101
Edirne;Süleoðlu;ÖRDEK;Kanatlý Hayvan;803;37,6;46121
Edirne;Uzunköprü;ÖRDEK;Kanatlý Hayvan;3985;186,5;46,6
Edirne;Enez;YUMURTA TAVUÐU;Kanatlý Hayvan;5700;312,1;78
Edirne;Havsa;YUMURTA TAVUÐU;Kanatlý Hayvan;20000;1095;273,8
Edirne;Ýpsala;YUMURTA TAVUÐU;Kanatlý Hayvan;11024;603,6;150,9
Edirne;Keþan;YUMURTA TAVUÐU;Kanatlý Hayvan;35425;1939,5;485
Edirne;Lalapaþa;YUMURTA TAVUÐU;Kanatlý Hayvan;8900;487,3;121,8
Edirne;Meriç;YUMURTA TAVUÐU;Kanatlý Hayvan;19100;1045,7;261,5
Edirne;Merkez;YUMURTA TAVUÐU;Kanatlý Hayvan;75790;4149,5;1037,6
Edirne;Süleoðlu;YUMURTA TAVUÐU;Kanatlý Hayvan;13760;753,4;188,4
Edirne;Uzunköprü;YUMURTA TAVUÐU;Kanatlý Hayvan;42385;2320,6;580,2
Elazýð;Alacakaya;AT;Büyükbaþ Hayvan;73;399,7;46024
Elazýð;Arýcak;AT;Büyükbaþ Hayvan;92;503,7;46205
Elazýð;Baskil;AT;Büyükbaþ Hayvan;13;71,2;0,4
Elazýð;Karakoçan;AT;Büyükbaþ Hayvan;178;974,6;46058
Elazýð;Keban;AT;Büyükbaþ Hayvan;5;46139;0,1
Elazýð;Kovancýlar;AT;Büyükbaþ Hayvan;57;312,1;46204
Elazýð;Maden;AT;Büyükbaþ Hayvan;62;339,5;46235
Elazýð;Merkez;AT;Büyükbaþ Hayvan;141;772;46026
Elazýð;Palu;AT;Büyükbaþ Hayvan;91;498,2;46205
Elazýð;Sivrice;AT;Büyükbaþ Hayvan;28;153,3;0,8
Elazýð;Aðýn;EÞEK;Büyükbaþ Hayvan;25;68,4;0,2
Elazýð;Alacakaya;EÞEK;Büyükbaþ Hayvan;348;952,7;46025
Elazýð;Arýcak;EÞEK;Büyükbaþ Hayvan;1150;3148,1;46032
Elazýð;Baskil;EÞEK;Büyükbaþ Hayvan;136;372,3;46054
Elazýð;Karakoçan;EÞEK;Büyükbaþ Hayvan;276;755,6;46114
Elazýð;Keban;EÞEK;Büyükbaþ Hayvan;85;232,7;0,7
Elazýð;Kovancýlar;EÞEK;Büyükbaþ Hayvan;265;725,4;46083
Elazýð;Maden;EÞEK;Büyükbaþ Hayvan;403;1103,2;46145
Elazýð;Merkez;EÞEK;Büyükbaþ Hayvan;380;1040,3;46084
Elazýð;Palu;EÞEK;Büyükbaþ Hayvan;150;410,6;46082
Elazýð;Sivrice;EÞEK;Büyükbaþ Hayvan;270;739,1;46114
Elazýð;Alacakaya;KATIR;Büyükbaþ Hayvan;37;162,1;0,7
Elazýð;Arýcak;KATIR;Büyükbaþ Hayvan;121;530;46083
Elazýð;Baskil;KATIR;Büyükbaþ Hayvan;6;46107;0,1
Elazýð;Karakoçan;KATIR;Büyükbaþ Hayvan;155;678,9;46267
Elazýð;Keban;KATIR;Büyükbaþ Hayvan;9;39,4;0,2
Elazýð;Kovancýlar;KATIR;Büyükbaþ Hayvan;21;92;0,4
Elazýð;Maden;KATIR;Büyükbaþ Hayvan;37;162,1;0,7
Elazýð;Palu;KATIR;Büyükbaþ Hayvan;115;503,7;46055
Elazýð;Sivrice;KATIR;Büyükbaþ Hayvan;11;48,2;0,2
Elazýð;Karakoçan;MANDA;Büyükbaþ Hayvan;32;233,6;46235
Elazýð;Kovancýlar;MANDA;Büyükbaþ Hayvan;14;102,2;0,8
Elazýð;Merkez;MANDA;Büyükbaþ Hayvan;12;87,6;0,7
Elazýð;Aðýn;SIÐIR (KÜLTÜR);Büyükbaþ Hayvan;486;4434,8;35,6
Elazýð;Alacakaya;SIÐIR (KÜLTÜR);Büyükbaþ Hayvan;255;2326,9;46221
Elazýð;Arýcak;SIÐIR (KÜLTÜR);Büyükbaþ Hayvan;1588;14490,5;116,4
Elazýð;Baskil;SIÐIR (KÜLTÜR);Büyükbaþ Hayvan;307;2801,4;46164
Elazýð;Karakoçan;SIÐIR (KÜLTÜR);Büyükbaþ Hayvan;6640;60590;486,6
Elazýð;Keban;SIÐIR (KÜLTÜR);Büyükbaþ Hayvan;636;5803,5;46,6
Elazýð;Kovancýlar;SIÐIR (KÜLTÜR);Büyükbaþ Hayvan;12630;115248,8;925,5
Elazýð;Maden;SIÐIR (KÜLTÜR);Büyükbaþ Hayvan;3564;32521,5;261,2
Elazýð;Merkez;SIÐIR (KÜLTÜR);Büyükbaþ Hayvan;49324;450081,5;3614,3
Elazýð;Palu;SIÐIR (KÜLTÜR);Büyükbaþ Hayvan;2200;20075;161,2
Elazýð;Sivrice;SIÐIR (KÜLTÜR);Büyükbaþ Hayvan;4673;42641,1;342,4
Elazýð;Aðýn;SIÐIR (MELEZ);Büyükbaþ Hayvan;233;1530,8;46243
Elazýð;Alacakaya;SIÐIR (MELEZ);Büyükbaþ Hayvan;2004;13166,3;84,6
Elazýð;Arýcak;SIÐIR (MELEZ);Büyükbaþ Hayvan;7586;49840;320,2
Elazýð;Baskil;SIÐIR (MELEZ);Büyükbaþ Hayvan;5296;34794,7;223,5
Elazýð;Karakoçan;SIÐIR (MELEZ);Büyükbaþ Hayvan;26180;172002,6;1105
Elazýð;Keban;SIÐIR (MELEZ);Büyükbaþ Hayvan;1134;7450,4;47,9
Elazýð;Kovancýlar;SIÐIR (MELEZ);Büyükbaþ Hayvan;22331;146714,7;942,5
Elazýð;Maden;SIÐIR (MELEZ);Büyükbaþ Hayvan;1243;8166,5;52,5
Elazýð;Merkez;SIÐIR (MELEZ);Büyükbaþ Hayvan;17997;118240,3;759,6
Elazýð;Palu;SIÐIR (MELEZ);Büyükbaþ Hayvan;4750;31207,5;200,5
Elazýð;Sivrice;SIÐIR (MELEZ);Büyükbaþ Hayvan;1563;10268,9;66
Elazýð;Aðýn;SIÐIR (YERLÝ);Büyükbaþ Hayvan;77;421,6;46083
Elazýð;Alacakaya;SIÐIR (YERLÝ);Büyükbaþ Hayvan;1079;5907,5;31,6
Elazýð;Arýcak;SIÐIR (YERLÝ);Büyükbaþ Hayvan;1064;5825,4;31,2
Elazýð;Baskil;SIÐIR (YERLÝ);Büyükbaþ Hayvan;14;76,7;0,4
Elazýð;Karakoçan;SIÐIR (YERLÝ);Büyükbaþ Hayvan;2810;15384,8;82,4
Elazýð;Keban;SIÐIR (YERLÝ);Büyükbaþ Hayvan;220;1204,5;46118
Elazýð;Kovancýlar;SIÐIR (YERLÝ);Büyükbaþ Hayvan;3870;21188,3;113,4
Elazýð;Maden;SIÐIR (YERLÝ);Büyükbaþ Hayvan;558;3055,1;46128
Elazýð;Merkez;SIÐIR (YERLÝ);Büyükbaþ Hayvan;2338;12800,6;68,5
Elazýð;Palu;SIÐIR (YERLÝ);Büyükbaþ Hayvan;2500;13687,5;73,3
Elazýð;Sivrice;SIÐIR (YERLÝ);Büyükbaþ Hayvan;210;1149,8;46059
Elazýð;Aðýn;KEÇÝ (KIL);Küçükbaþ Hayvan;966;705,2;46023
Elazýð;Alacakaya;KEÇÝ (KIL);Küçükbaþ Hayvan;3377;2465,2;4
Elazýð;Arýcak;KEÇÝ (KIL);Küçükbaþ Hayvan;9786;7143,8;46153
Elazýð;Baskil;KEÇÝ (KIL);Küçükbaþ Hayvan;1789;1306;46024
Elazýð;Karakoçan;KEÇÝ (KIL);Küçükbaþ Hayvan;11691;8534,4;46216
Elazýð;Keban;KEÇÝ (KIL);Küçükbaþ Hayvan;4950;3613,5;46239
Elazýð;Kovancýlar;KEÇÝ (KIL);Küçükbaþ Hayvan;22547;16459,3;46138
Elazýð;Maden;KEÇÝ (KIL);Küçükbaþ Hayvan;4192;3060,2;46269
Elazýð;Merkez;KEÇÝ (KIL);Küçükbaþ Hayvan;31514;23005,2;36,9
Elazýð;Palu;KEÇÝ (KIL);Küçükbaþ Hayvan;16700;12191;46192
Elazýð;Sivrice;KEÇÝ (KIL);Küçükbaþ Hayvan;6387;4662,5;46149
Elazýð;Aðýn;KOYUN (YERLÝ);Küçükbaþ Hayvan;9656;10573,3;46167
Elazýð;Alacakaya;KOYUN (YERLÝ);Küçükbaþ Hayvan;4691;5136,6;46124
Elazýð;Arýcak;KOYUN (YERLÝ);Küçükbaþ Hayvan;603;660,3;46174
Elazýð;Baskil;KOYUN (YERLÝ);Küçükbaþ Hayvan;7289;7981,5;46072
Elazýð;Karakoçan;KOYUN (YERLÝ);Küçükbaþ Hayvan;49165;53835,7;129,7
Elazýð;Keban;KOYUN (YERLÝ);Küçükbaþ Hayvan;16002;17522,2;42,2
Elazýð;Kovancýlar;KOYUN (YERLÝ);Küçükbaþ Hayvan;143596;157237,6;378,8
Elazýð;Maden;KOYUN (YERLÝ);Küçükbaþ Hayvan;4735;5184,8;46154
Elazýð;Merkez;KOYUN (YERLÝ);Küçükbaþ Hayvan;312006;341646,6;823,1
Elazýð;Palu;KOYUN (YERLÝ);Küçükbaþ Hayvan;12000;13140;46234
Elazýð;Sivrice;KOYUN (YERLÝ);Küçükbaþ Hayvan;25103;27487,8;66,2
Elazýð;Alacakaya;ET TAVUÐU;Kanatlý Hayvan;30000;810;202,5
Elazýð;Arýcak;ET TAVUÐU;Kanatlý Hayvan;0;0;0
Elazýð;Baskil;ET TAVUÐU;Kanatlý Hayvan;1900;51,3;46246
Elazýð;Karakoçan;ET TAVUÐU;Kanatlý Hayvan;130000;3510;877,7
Elazýð;Keban;ET TAVUÐU;Kanatlý Hayvan;120000;3240;810,1
Elazýð;Kovancýlar;ET TAVUÐU;Kanatlý Hayvan;150000;4050;1012,7
Elazýð;Maden;ET TAVUÐU;Kanatlý Hayvan;19000;513;128,3
Elazýð;Merkez;ET TAVUÐU;Kanatlý Hayvan;3359244;90699,6;22679
Elazýð;Palu;ET TAVUÐU;Kanatlý Hayvan;19800;534,6;133,7
Elazýð;Sivrice;ET TAVUÐU;Kanatlý Hayvan;30000;810;202,5
Elazýð;Aðýn;HÝNDÝ;Kanatlý Hayvan;0;0;0
Elazýð;Alacakaya;HÝNDÝ;Kanatlý Hayvan;380;46095;46176
Elazýð;Arýcak;HÝNDÝ;Kanatlý Hayvan;400;15;46237
Elazýð;Baskil;HÝNDÝ;Kanatlý Hayvan;30;46023;0,3
Elazýð;Karakoçan;HÝNDÝ;Kanatlý Hayvan;1800;67,5;46281
Elazýð;Keban;HÝNDÝ;Kanatlý Hayvan;0;0;0
Elazýð;Kovancýlar;HÝNDÝ;Kanatlý Hayvan;4500;168,8;42,2
Elazýð;Maden;HÝNDÝ;Kanatlý Hayvan;98;46206;0,9
Elazýð;Merkez;HÝNDÝ;Kanatlý Hayvan;10000;375;93,8
Elazýð;Palu;HÝNDÝ;Kanatlý Hayvan;800;30;46149
Elazýð;Sivrice;HÝNDÝ;Kanatlý Hayvan;170;46118;46174
Elazýð;Alacakaya;KAZ;Kanatlý Hayvan;25;46054;0,3
Elazýð;Arýcak;KAZ;Kanatlý Hayvan;36;46204;0,4
Elazýð;Baskil;KAZ;Kanatlý Hayvan;30;46113;0,4
Elazýð;Karakoçan;KAZ;Kanatlý Hayvan;260;46065;3
Elazýð;Keban;KAZ;Kanatlý Hayvan;0;0;0
Elazýð;Kovancýlar;KAZ;Kanatlý Hayvan;5500;257,4;64,4
Elazýð;Maden;KAZ;Kanatlý Hayvan;45;46024;0,5
Elazýð;Merkez;KAZ;Kanatlý Hayvan;5000;234;58,5
Elazýð;Palu;KAZ;Kanatlý Hayvan;150;7;46235
Elazýð;Sivrice;KAZ;Kanatlý Hayvan;35;46174;0,4
Elazýð;Alacakaya;ÖRDEK;Kanatlý Hayvan;9;0,4;0,1
Elazýð;Arýcak;ÖRDEK;Kanatlý Hayvan;50;46083;0,6
Elazýð;Baskil;ÖRDEK;Kanatlý Hayvan;10;0,5;0,1
Elazýð;Karakoçan;ÖRDEK;Kanatlý Hayvan;195;46031;46083
Elazýð;Keban;ÖRDEK;Kanatlý Hayvan;0;0;0
Elazýð;Kovancýlar;ÖRDEK;Kanatlý Hayvan;1450;67,9;17
Elazýð;Maden;ÖRDEK;Kanatlý Hayvan;52;46114;0,6
Elazýð;Merkez;ÖRDEK;Kanatlý Hayvan;844;39,5;46274
Elazýð;Palu;ÖRDEK;Kanatlý Hayvan;250;46214;46267
Elazýð;Aðýn;YUMURTA TAVUÐU;Kanatlý Hayvan;870;47,6;46276
Elazýð;Alacakaya;YUMURTA TAVUÐU;Kanatlý Hayvan;5500;301,1;75,3
Elazýð;Arýcak;YUMURTA TAVUÐU;Kanatlý Hayvan;5600;306,6;76,7
Elazýð;Baskil;YUMURTA TAVUÐU;Kanatlý Hayvan;4800;262,8;65,7
Elazýð;Karakoçan;YUMURTA TAVUÐU;Kanatlý Hayvan;21000;1149,8;287,5
Elazýð;Keban;YUMURTA TAVUÐU;Kanatlý Hayvan;2450;134,1;33,5
Elazýð;Kovancýlar;YUMURTA TAVUÐU;Kanatlý Hayvan;28000;1533;383,3
Elazýð;Maden;YUMURTA TAVUÐU;Kanatlý Hayvan;6320;346;86,5
Elazýð;Merkez;YUMURTA TAVUÐU;Kanatlý Hayvan;1206700;66066,8;16519,7
Elazýð;Palu;YUMURTA TAVUÐU;Kanatlý Hayvan;15800;865,1;216,3
Elazýð;Sivrice;YUMURTA TAVUÐU;Kanatlý Hayvan;2900;158,8;39,7
Erzincan;Çayýrlý;AT;Büyükbaþ Hayvan;13;71,2;0,4
Erzincan;Ýliç;AT;Büyükbaþ Hayvan;80;438;46083
Erzincan;Kemah;AT;Büyükbaþ Hayvan;23;125,9;0,7
Erzincan;Kemaliye;AT;Büyükbaþ Hayvan;13;71,2;0,4
Erzincan;Merkez;AT;Büyükbaþ Hayvan;254;1390,7;46119
Erzincan;Otlukbeli;AT;Büyükbaþ Hayvan;20;109,5;0,6
Erzincan;Refahiye;AT;Büyükbaþ Hayvan;8;43,8;0,2
Erzincan;Tercan;AT;Büyükbaþ Hayvan;333;1823,2;46243
Erzincan;Üzümlü;AT;Büyükbaþ Hayvan;69;377,8;2
Erzincan;Çayýrlý;EÞEK;Büyükbaþ Hayvan;14;38,3;0,1
Erzincan;Ýliç;EÞEK;Büyükbaþ Hayvan;71;194,4;0,6
Erzincan;Kemah;EÞEK;Büyükbaþ Hayvan;12;32,9;0,1
Erzincan;Kemaliye;EÞEK;Büyükbaþ Hayvan;22;60,2;0,2
Erzincan;Merkez;EÞEK;Büyükbaþ Hayvan;104;284,7;0,9
Erzincan;Otlukbeli;EÞEK;Büyükbaþ Hayvan;30;82,1;0,3
Erzincan;Refahiye;EÞEK;Büyükbaþ Hayvan;8;46286;0,1
Erzincan;Tercan;EÞEK;Büyükbaþ Hayvan;103;282;0,9
Erzincan;Üzümlü;EÞEK;Büyükbaþ Hayvan;73;199,8;0,6
Erzincan;Ýliç;KATIR;Büyükbaþ Hayvan;19;83,2;0,4
Erzincan;Kemah;KATIR;Büyükbaþ Hayvan;16;70,1;0,3
Erzincan;Kemaliye;KATIR;Büyükbaþ Hayvan;4;46159;0,1
Erzincan;Merkez;KATIR;Büyükbaþ Hayvan;18;78,8;0,3
Erzincan;Tercan;KATIR;Büyükbaþ Hayvan;42;184;0,8
Erzincan;Üzümlü;KATIR;Büyükbaþ Hayvan;22;96,4;0,4
Erzincan;Çayýrlý;MANDA;Büyükbaþ Hayvan;18;131,4;1
Erzincan;Merkez;MANDA;Büyükbaþ Hayvan;884;6453,2;48,4
Erzincan;Refahiye;MANDA;Büyükbaþ Hayvan;1;46088;0,1
Erzincan;Tercan;MANDA;Büyükbaþ Hayvan;248;1810,4;46186
Erzincan;Üzümlü;MANDA;Büyükbaþ Hayvan;268;1956,4;46217
Erzincan;Çayýrlý;SIÐIR (KÜLTÜR);Büyükbaþ Hayvan;5228;47705,5;383,1
Erzincan;Ýliç;SIÐIR (KÜLTÜR);Büyükbaþ Hayvan;340;3102,5;46289
Erzincan;Kemah;SIÐIR (KÜLTÜR);Büyükbaþ Hayvan;1683;15357,4;123,3
Erzincan;Kemaliye;SIÐIR (KÜLTÜR);Büyükbaþ Hayvan;706;6442,3;51,7
Erzincan;Merkez;SIÐIR (KÜLTÜR);Büyükbaþ Hayvan;25404;231811,5;1861,5
Erzincan;Otlukbeli;SIÐIR (KÜLTÜR);Büyükbaþ Hayvan;2300;20987,5;168,5
Erzincan;Refahiye;SIÐIR (KÜLTÜR);Büyükbaþ Hayvan;2972;27119,5;217,8
Erzincan;Tercan;SIÐIR (KÜLTÜR);Büyükbaþ Hayvan;15127;138033,9;1108,4
Erzincan;Üzümlü;SIÐIR (KÜLTÜR);Büyükbaþ Hayvan;4758;43416,8;348,6
Erzincan;Çayýrlý;SIÐIR (MELEZ);Büyükbaþ Hayvan;6305;41423,9;266,1
Erzincan;Ýliç;SIÐIR (MELEZ);Büyükbaþ Hayvan;1361;8941,8;57,4
Erzincan;Kemah;SIÐIR (MELEZ);Büyükbaþ Hayvan;866;5689,6;36,6
Erzincan;Kemaliye;SIÐIR (MELEZ);Büyükbaþ Hayvan;788;5177,2;33,3
Erzincan;Merkez;SIÐIR (MELEZ);Büyükbaþ Hayvan;15167;99647,2;640,2
Erzincan;Otlukbeli;SIÐIR (MELEZ);Büyükbaþ Hayvan;3392;22285,4;143,2
Erzincan;Refahiye;SIÐIR (MELEZ);Büyükbaþ Hayvan;7956;52270,9;335,8
Erzincan;Tercan;SIÐIR (MELEZ);Büyükbaþ Hayvan;9694;63689,6;409,2
Erzincan;Üzümlü;SIÐIR (MELEZ);Büyükbaþ Hayvan;3858;25347,1;162,8
Erzincan;Çayýrlý;SIÐIR (YERLÝ);Büyükbaþ Hayvan;515;2819,6;46037
Erzincan;Ýliç;SIÐIR (YERLÝ);Büyükbaþ Hayvan;169;925,3;5
Erzincan;Kemah;SIÐIR (YERLÝ);Büyükbaþ Hayvan;28;153,3;0,8
Erzincan;Kemaliye;SIÐIR (YERLÝ);Büyükbaþ Hayvan;35;191,6;1
Erzincan;Merkez;SIÐIR (YERLÝ);Büyükbaþ Hayvan;589;3224,8;46098
Erzincan;Otlukbeli;SIÐIR (YERLÝ);Büyükbaþ Hayvan;13;71,2;0,4
Erzincan;Refahiye;SIÐIR (YERLÝ);Büyükbaþ Hayvan;359;1965,5;46152
Erzincan;Tercan;SIÐIR (YERLÝ);Büyükbaþ Hayvan;3782;20706,5;110,9
Erzincan;Üzümlü;SIÐIR (YERLÝ);Büyükbaþ Hayvan;101;553;3
Erzincan;Çayýrlý;KEÇÝ (KIL);Küçükbaþ Hayvan;2684;1959,3;46025
Erzincan;Ýliç;KEÇÝ (KIL);Küçükbaþ Hayvan;9019;6583,9;46183
Erzincan;Kemah;KEÇÝ (KIL);Küçükbaþ Hayvan;5440;3971,2;46118
Erzincan;Kemaliye;KEÇÝ (KIL);Küçükbaþ Hayvan;17428;12722,4;46132
Erzincan;Merkez;KEÇÝ (KIL);Küçükbaþ Hayvan;2869;2094,4;46115
Erzincan;Otlukbeli;KEÇÝ (KIL);Küçükbaþ Hayvan;504;367,9;0,6
Erzincan;Refahiye;KEÇÝ (KIL);Küçükbaþ Hayvan;1173;856,3;46113
Erzincan;Tercan;KEÇÝ (KIL);Küçükbaþ Hayvan;5636;4114,3;46179
Erzincan;Üzümlü;KEÇÝ (KIL);Küçükbaþ Hayvan;1545;1127,9;46235
Erzincan;Çayýrlý;KOYUN (MERÝNOS);Küçükbaþ Hayvan;125;136,9;0,3
Erzincan;Kemaliye;KOYUN (MERÝNOS);Küçükbaþ Hayvan;13;46067;0
Erzincan;Refahiye;KOYUN (MERÝNOS);Küçükbaþ Hayvan;155;169,7;0,4
Erzincan;Tercan;KOYUN (MERÝNOS);Küçükbaþ Hayvan;179;196;0,5
Erzincan;Çayýrlý;KOYUN (YERLÝ);Küçükbaþ Hayvan;26216;28706,5;69,2
Erzincan;Ýliç;KOYUN (YERLÝ);Küçükbaþ Hayvan;37456;41014,3;98,8
Erzincan;Kemah;KOYUN (YERLÝ);Küçükbaþ Hayvan;52314;57283,8;138
Erzincan;Kemaliye;KOYUN (YERLÝ);Küçükbaþ Hayvan;19182;21004,3;50,6
Erzincan;Merkez;KOYUN (YERLÝ);Küçükbaþ Hayvan;105114;115099,8;277,3
Erzincan;Otlukbeli;KOYUN (YERLÝ);Küçükbaþ Hayvan;4539;4970,2;12
Erzincan;Refahiye;KOYUN (YERLÝ);Küçükbaþ Hayvan;5555;6082,7;46217
Erzincan;Tercan;KOYUN (YERLÝ);Küçükbaþ Hayvan;95538;104614,1;252
Erzincan;Üzümlü;KOYUN (YERLÝ);Küçükbaþ Hayvan;41773;45741,4;110,2
Erzincan;Çayýrlý;ET TAVUÐU;Küçükbaþ Hayvan;0;0;0
Erzincan;Ýliç;ET TAVUÐU;Küçükbaþ Hayvan;0;0;0
Erzincan;Kemah;ET TAVUÐU;Küçükbaþ Hayvan;0;0;0
Erzincan;Kemaliye;ET TAVUÐU;Küçükbaþ Hayvan;0;0;0
Erzincan;Merkez;ET TAVUÐU;Küçükbaþ Hayvan;526102;14204,8;3551,8
Erzincan;Otlukbeli;ET TAVUÐU;Küçükbaþ Hayvan;0;0;0
Erzincan;Refahiye;ET TAVUÐU;Küçükbaþ Hayvan;0;0;0
Erzincan;Tercan;ET TAVUÐU;Küçükbaþ Hayvan;55000;1485;371,3
Erzincan;Üzümlü;ET TAVUÐU;Küçükbaþ Hayvan;162850;4397;1099,4
Erzincan;Çayýrlý;HÝNDÝ;Küçükbaþ Hayvan;400;15;46237
Erzincan;Ýliç;HÝNDÝ;Küçükbaþ Hayvan;40;46143;0,4
Erzincan;Kemah;HÝNDÝ;Küçükbaþ Hayvan;200;46149;46266
Erzincan;Kemaliye;HÝNDÝ;Küçükbaþ Hayvan;0;0;0
Erzincan;Merkez;HÝNDÝ;Küçükbaþ Hayvan;725;46080;46240
Erzincan;Otlukbeli;HÝNDÝ;Küçükbaþ Hayvan;80;3;0,8
Erzincan;Refahiye;HÝNDÝ;Küçükbaþ Hayvan;59;46055;0,6
Erzincan;Tercan;HÝNDÝ;Küçükbaþ Hayvan;1150;43,1;46244
Erzincan;Üzümlü;HÝNDÝ;Küçükbaþ Hayvan;110;46026;1
Erzincan;Çayýrlý;KAZ;Küçükbaþ Hayvan;950;44,5;46033
Erzincan;Ýliç;KAZ;Küçükbaþ Hayvan;0;0;0
Erzincan;Kemah;KAZ;Küçükbaþ Hayvan;30;46113;0,4
Erzincan;Kemaliye;KAZ;Küçükbaþ Hayvan;0;0;0
Erzincan;Merkez;KAZ;Küçükbaþ Hayvan;178;46089;46024
Erzincan;Otlukbeli;KAZ;Küçükbaþ Hayvan;0;0;0
Erzincan;Refahiye;KAZ;Küçükbaþ Hayvan;55;46175;0,6
Erzincan;Tercan;KAZ;Küçükbaþ Hayvan;15300;716;179
Erzincan;Üzümlü;KAZ;Küçükbaþ Hayvan;130;46028;46143
Erzincan;Çayýrlý;ÖRDEK;Küçükbaþ Hayvan;150;7;46235
Erzincan;Ýliç;ÖRDEK;Küçükbaþ Hayvan;10;0,5;0,1
Erzincan;Kemah;ÖRDEK;Küçükbaþ Hayvan;85;4;1
Erzincan;Kemaliye;ÖRDEK;Küçükbaþ Hayvan;0;0;0
Erzincan;Merkez;ÖRDEK;Küçükbaþ Hayvan;352;46158;46026
Erzincan;Otlukbeli;ÖRDEK;Küçükbaþ Hayvan;0;0;0
Erzincan;Refahiye;ÖRDEK;Küçükbaþ Hayvan;35;46174;0,4
Erzincan;Tercan;ÖRDEK;Küçükbaþ Hayvan;810;37,9;46151
Erzincan;Üzümlü;ÖRDEK;Küçükbaþ Hayvan;80;46206;0,9
Erzincan;Çayýrlý;YUMURTA TAVUÐU;Küçükbaþ Hayvan;3250;177,9;44,5
Erzincan;Ýliç;YUMURTA TAVUÐU;Küçükbaþ Hayvan;2550;139,6;34,9
Erzincan;Kemah;YUMURTA TAVUÐU;Küçükbaþ Hayvan;2180;119,4;46263
Erzincan;Kemaliye;YUMURTA TAVUÐU;Küçükbaþ Hayvan;200;11;46205
Erzincan;Merkez;YUMURTA TAVUÐU;Küçükbaþ Hayvan;339021;18561,4;4641,2
Erzincan;Otlukbeli;YUMURTA TAVUÐU;Küçükbaþ Hayvan;2600;142,4;35,6
Erzincan;Refahiye;YUMURTA TAVUÐU;Küçükbaþ Hayvan;2750;150,6;37,6
Erzincan;Tercan;YUMURTA TAVUÐU;Küçükbaþ Hayvan;6000;328,5;82,1
Erzincan;Üzümlü;YUMURTA TAVUÐU;Küçükbaþ Hayvan;2750;150,6;37,6
Erzurum;Aþkale;AT;Büyükbaþ Hayvan;241;1319,5;46029
Erzurum;Aziziye(Ilýca);AT;Büyükbaþ Hayvan;195;1067,6;46208
Erzurum;Çat;AT;Büyükbaþ Hayvan;423;2315,9;46124
Erzurum;Hýnýs;AT;Büyükbaþ Hayvan;159;870,5;46207
Erzurum;Horasan;AT;Büyükbaþ Hayvan;182;996,5;46086
Erzurum;Ýspir;AT;Büyükbaþ Hayvan;746;4084,4;46286
Erzurum;Karaçoban;AT;Büyükbaþ Hayvan;188;1029,3;46147
Erzurum;Karayazý;AT;Büyükbaþ Hayvan;320;1752;46121
Erzurum;Köprüköy;AT;Büyükbaþ Hayvan;288;1576,8;46120
Erzurum;Narman;AT;Büyükbaþ Hayvan;129;706,3;46237
Erzurum;Oltu;AT;Büyükbaþ Hayvan;294;1609,7;46181
Erzurum;Olur;AT;Büyükbaþ Hayvan;143;782,9;46057
Erzurum;Palandöken;AT;Büyükbaþ Hayvan;105;574,9;46025
Erzurum;Pasinler;AT;Büyükbaþ Hayvan;193;1056,7;46208
Erzurum;Pazaryolu;AT;Büyükbaþ Hayvan;98;536,6;46267
Erzurum;Þenkaya;AT;Büyükbaþ Hayvan;1088;5956,8;31,9
Erzurum;Tekman;AT;Büyükbaþ Hayvan;427;2337,8;46154
Erzurum;Tortum;AT;Büyükbaþ Hayvan;417;2283,1;46065
Erzurum;Uzundere;AT;Büyükbaþ Hayvan;32;175,2;0,9
Erzurum;Yakutiye;AT;Büyükbaþ Hayvan;383;2096,9;46064
Erzurum;Aþkale;EÞEK;Büyükbaþ Hayvan;138;377,8;46054
Erzurum;Aziziye(Ilýca);EÞEK;Büyükbaþ Hayvan;160;438;46113
Erzurum;Çat;EÞEK;Büyükbaþ Hayvan;234;640,6;46024
Erzurum;Hýnýs;EÞEK;Büyükbaþ Hayvan;205;561,2;46235
Erzurum;Horasan;EÞEK;Büyükbaþ Hayvan;264;722,7;46083
Erzurum;Ýspir;EÞEK;Büyükbaþ Hayvan;179;490;46174
Erzurum;Karaçoban;EÞEK;Büyükbaþ Hayvan;119;325,8;1
Erzurum;Karayazý;EÞEK;Büyükbaþ Hayvan;243;665,2;46024
Erzurum;Köprüköy;EÞEK;Büyükbaþ Hayvan;201;550,2;46235
Erzurum;Narman;EÞEK;Büyükbaþ Hayvan;48;131,4;0,4
Erzurum;Oltu;EÞEK;Büyükbaþ Hayvan;380;1040,3;46084
Erzurum;Olur;EÞEK;Büyükbaþ Hayvan;50;136,9;0,4
Erzurum;Palandöken;EÞEK;Büyükbaþ Hayvan;41;112,2;0,4
Erzurum;Pasinler;EÞEK;Büyükbaþ Hayvan;193;528,3;46204
Erzurum;Pazaryolu;EÞEK;Büyükbaþ Hayvan;117;320,3;1
Erzurum;Þenkaya;EÞEK;Büyükbaþ Hayvan;1026;2808,7;9
Erzurum;Tekman;EÞEK;Büyükbaþ Hayvan;466;1275,7;46026
Erzurum;Tortum;EÞEK;Büyükbaþ Hayvan;138;377,8;46054
Erzurum;Uzundere;EÞEK;Büyükbaþ Hayvan;145;396,9;46082
Erzurum;Yakutiye;EÞEK;Büyükbaþ Hayvan;84;230;0,7
Erzurum;Aþkale;KATIR;Büyükbaþ Hayvan;6;46107;0,1
Erzurum;Hýnýs;KATIR;Büyükbaþ Hayvan;30;131,4;0,6
Erzurum;Ýspir;KATIR;Büyükbaþ Hayvan;39;170,8;0,7
Erzurum;Köprüköy;KATIR;Büyükbaþ Hayvan;11;48,2;0,2
Erzurum;Narman;KATIR;Büyükbaþ Hayvan;2;46242;0
Erzurum;Oltu;KATIR;Büyükbaþ Hayvan;3;46035;0,1
Erzurum;Olur;KATIR;Büyükbaþ Hayvan;17;74,5;0,3
Erzurum;Pazaryolu;KATIR;Büyükbaþ Hayvan;6;46107;0,1
Erzurum;Tortum;KATIR;Büyükbaþ Hayvan;17;74,5;0,3
Erzurum;Aþkale;MANDA;Büyükbaþ Hayvan;29;211,7;46174
Erzurum;Aziziye(Ilýca);MANDA;Büyükbaþ Hayvan;380;2774;46254
Erzurum;Çat;MANDA;Büyükbaþ Hayvan;31;226,3;46204
Erzurum;Hýnýs;MANDA;Büyükbaþ Hayvan;129;941,7;46029
Erzurum;Karaçoban;MANDA;Büyükbaþ Hayvan;211;1540,3;46153
Erzurum;Karayazý;MANDA;Büyükbaþ Hayvan;9;65,7;0,5
Erzurum;Köprüköy;MANDA;Büyükbaþ Hayvan;4;29,2;0,2
Erzurum;Narman;MANDA;Büyükbaþ Hayvan;8;58,4;0,4
Erzurum;Oltu;MANDA;Büyükbaþ Hayvan;35;255,5;46266
Erzurum;Olur;MANDA;Büyükbaþ Hayvan;9;65,7;0,5
Erzurum;Palandöken;MANDA;Büyükbaþ Hayvan;423;3087,9;46045
Erzurum;Pasinler;MANDA;Büyükbaþ Hayvan;234;1708,2;46246
Erzurum;Þenkaya;MANDA;Büyükbaþ Hayvan;5;36,5;0,3
Erzurum;Tekman;MANDA;Büyükbaþ Hayvan;5;36,5;0,3
Erzurum;Tortum;MANDA;Büyükbaþ Hayvan;5;36,5;0,3
Erzurum;Yakutiye;MANDA;Büyükbaþ Hayvan;368;2686,4;46042
Erzurum;Aþkale;SIÐIR (KÜLTÜR);Büyükbaþ Hayvan;13552;123662;993
Erzurum;Aziziye(Ilýca);SIÐIR (KÜLTÜR);Büyükbaþ Hayvan;9839;89780,9;721
Erzurum;Çat;SIÐIR (KÜLTÜR);Büyükbaþ Hayvan;10686;97509,8;783
Erzurum;Hýnýs;SIÐIR (KÜLTÜR);Büyükbaþ Hayvan;5401;49284,1;395,8
Erzurum;Horasan;SIÐIR (KÜLTÜR);Büyükbaþ Hayvan;6989;63774,6;512,1
Erzurum;Ýspir;SIÐIR (KÜLTÜR);Büyükbaþ Hayvan;4134;37722,8;302,9
Erzurum;Karaçoban;SIÐIR (KÜLTÜR);Büyükbaþ Hayvan;5890;53746,3;431,6
Erzurum;Karayazý;SIÐIR (KÜLTÜR);Büyükbaþ Hayvan;8045;73410,6;589,5
Erzurum;Köprüköy;SIÐIR (KÜLTÜR);Büyükbaþ Hayvan;6586;60097,3;482,6
Erzurum;Narman;SIÐIR (KÜLTÜR);Büyükbaþ Hayvan;7679;70070,9;562,7
Erzurum;Oltu;SIÐIR (KÜLTÜR);Büyükbaþ Hayvan;2466;22502,3;180,7
Erzurum;Olur;SIÐIR (KÜLTÜR);Büyükbaþ Hayvan;2034;18560,3;149
Erzurum;Palandöken;SIÐIR (KÜLTÜR);Büyükbaþ Hayvan;4497;41035,1;329,5
Erzurum;Pasinler;SIÐIR (KÜLTÜR);Büyükbaþ Hayvan;21873;199591,1;1602,8
Erzurum;Pazaryolu;SIÐIR (KÜLTÜR);Büyükbaþ Hayvan;1182;10785,8;86,6
Erzurum;Þenkaya;SIÐIR (KÜLTÜR);Büyükbaþ Hayvan;10587;96606,4;775,8
Erzurum;Tekman;SIÐIR (KÜLTÜR);Büyükbaþ Hayvan;8581;78301,6;628,8
Erzurum;Tortum;SIÐIR (KÜLTÜR);Büyükbaþ Hayvan;5624;51319;412,1
Erzurum;Uzundere;SIÐIR (KÜLTÜR);Büyükbaþ Hayvan;417;3805,1;46203
Erzurum;Yakutiye;SIÐIR (KÜLTÜR);Büyükbaþ Hayvan;7289;66512,1;534,1
Erzurum;Aþkale;SIÐIR (MELEZ);Büyükbaþ Hayvan;20070;131859,9;847,1
Erzurum;Aziziye(Ilýca);SIÐIR (MELEZ);Büyükbaþ Hayvan;35952;236204,6;1517,4
Erzurum;Çat;SIÐIR (MELEZ);Büyükbaþ Hayvan;35786;235114;1510,4
Erzurum;Hýnýs;SIÐIR (MELEZ);Büyükbaþ Hayvan;32931;216356,7;1389,9
Erzurum;Horasan;SIÐIR (MELEZ);Büyükbaþ Hayvan;50639;332698,2;2137,3
Erzurum;Ýspir;SIÐIR (MELEZ);Büyükbaþ Hayvan;16763;110132,9;707,5
Erzurum;Karaçoban;SIÐIR (MELEZ);Büyükbaþ Hayvan;33150;217795,5;1399,2
Erzurum;Karayazý;SIÐIR (MELEZ);Büyükbaþ Hayvan;48680;319827,6;2054,6
Erzurum;Köprüköy;SIÐIR (MELEZ);Büyükbaþ Hayvan;29382;193039,7;1240,1
Erzurum;Narman;SIÐIR (MELEZ);Büyükbaþ Hayvan;26704;175445,3;1127,1
Erzurum;Oltu;SIÐIR (MELEZ);Büyükbaþ Hayvan;20025;131564,3;845,2
Erzurum;Olur;SIÐIR (MELEZ);Büyükbaþ Hayvan;12955;85114,4;546,8
Erzurum;Palandöken;SIÐIR (MELEZ);Büyükbaþ Hayvan;17017;111801,7;718,2
Erzurum;Pasinler;SIÐIR (MELEZ);Büyükbaþ Hayvan;41815;274724,6;1764,9
Erzurum;Pazaryolu;SIÐIR (MELEZ);Büyükbaþ Hayvan;3438;22587,7;145,1
Erzurum;Þenkaya;SIÐIR (MELEZ);Büyükbaþ Hayvan;43989;289007,7;1856,6
Erzurum;Tekman;SIÐIR (MELEZ);Büyükbaþ Hayvan;52246;343256,2;2205,1
Erzurum;Tortum;SIÐIR (MELEZ);Büyükbaþ Hayvan;29813;195871,4;1258,3
Erzurum;Uzundere;SIÐIR (MELEZ);Büyükbaþ Hayvan;2142;14072,9;90,4
Erzurum;Yakutiye;SIÐIR (MELEZ);Büyükbaþ Hayvan;32042;210515,9;1352,4
Erzurum;Aþkale;SIÐIR (YERLÝ);Büyükbaþ Hayvan;442;2420;13
Erzurum;Aziziye(Ilýca);SIÐIR (YERLÝ);Büyükbaþ Hayvan;1087;5951,3;31,9
Erzurum;Çat;SIÐIR (YERLÝ);Büyükbaþ Hayvan;410;2244,8;12
Erzurum;Hýnýs;SIÐIR (YERLÝ);Büyükbaþ Hayvan;3397;18598,6;99,6
Erzurum;Horasan;SIÐIR (YERLÝ);Büyükbaþ Hayvan;6939;37991;203,4
Erzurum;Ýspir;SIÐIR (YERLÝ);Büyükbaþ Hayvan;1003;5491,4;46141
Erzurum;Karaçoban;SIÐIR (YERLÝ);Büyükbaþ Hayvan;1555;8513,6;45,6
Erzurum;Karayazý;SIÐIR (YERLÝ);Büyükbaþ Hayvan;5966;32663,9;174,9
Erzurum;Köprüköy;SIÐIR (YERLÝ);Büyükbaþ Hayvan;7196;39398,1;210,9
Erzurum;Narman;SIÐIR (YERLÝ);Büyükbaþ Hayvan;1924;10533,9;56,4
Erzurum;Oltu;SIÐIR (YERLÝ);Büyükbaþ Hayvan;955;5228,6;28
Erzurum;Olur;SIÐIR (YERLÝ);Büyükbaþ Hayvan;486;2660,9;46067
Erzurum;Palandöken;SIÐIR (YERLÝ);Büyükbaþ Hayvan;944;5168,4;46230
Erzurum;Pasinler;SIÐIR (YERLÝ);Büyükbaþ Hayvan;1445;7911,4;42,4
Erzurum;Pazaryolu;SIÐIR (YERLÝ);Büyükbaþ Hayvan;291;1593,2;46150
Erzurum;Þenkaya;SIÐIR (YERLÝ);Büyükbaþ Hayvan;29;158,8;0,9
Erzurum;Tekman;SIÐIR (YERLÝ);Büyükbaþ Hayvan;1596;8738,1;46,8
Erzurum;Tortum;SIÐIR (YERLÝ);Büyükbaþ Hayvan;113;618,7;46084
Erzurum;Uzundere;SIÐIR (YERLÝ);Büyükbaþ Hayvan;97;531,1;46236
Erzurum;Yakutiye;SIÐIR (YERLÝ);Büyükbaþ Hayvan;2347;12849,8;68,8
Erzurum;Aþkale;KEÇÝ (KIL);Küçükbaþ Hayvan;2033;1484,1;46114
Erzurum;Aziziye(Ilýca);KEÇÝ (KIL);Küçükbaþ Hayvan;982;716,9;46054
Erzurum;Çat;KEÇÝ (KIL);Küçükbaþ Hayvan;7514;5485,2;46242
Erzurum;Hýnýs;KEÇÝ (KIL);Küçükbaþ Hayvan;19230;14037,9;46164
Erzurum;Horasan;KEÇÝ (KIL);Küçükbaþ Hayvan;2259;1649,1;46175
Erzurum;Ýspir;KEÇÝ (KIL);Küçükbaþ Hayvan;3930;2868,9;46177
Erzurum;Karaçoban;KEÇÝ (KIL);Küçükbaþ Hayvan;7210;5263,3;46150
Erzurum;Karayazý;KEÇÝ (KIL);Küçükbaþ Hayvan;12002;8761,5;46036
Erzurum;Köprüköy;KEÇÝ (KIL);Küçükbaþ Hayvan;1533;1119,1;46235
Erzurum;Narman;KEÇÝ (KIL);Küçükbaþ Hayvan;822;600,1;1
Erzurum;Oltu;KEÇÝ (KIL);Küçükbaþ Hayvan;4633;3382,1;46117
Erzurum;Olur;KEÇÝ (KIL);Küçükbaþ Hayvan;1445;1054,9;46204
Erzurum;Palandöken;KEÇÝ (KIL);Küçükbaþ Hayvan;505;368,7;0,6
Erzurum;Pasinler;KEÇÝ (KIL);Küçükbaþ Hayvan;4752;3469;46178
Erzurum;Pazaryolu;KEÇÝ (KIL);Küçükbaþ Hayvan;109;79,6;0,1
Erzurum;Þenkaya;KEÇÝ (KIL);Küçükbaþ Hayvan;5155;3763,2;6
Erzurum;Tekman;KEÇÝ (KIL);Küçükbaþ Hayvan;11035;8055,6;46277
Erzurum;Tortum;KEÇÝ (KIL);Küçükbaþ Hayvan;1698;1239,5;2
Erzurum;Uzundere;KEÇÝ (KIL);Küçükbaþ Hayvan;8672;6330,6;46063
Erzurum;Yakutiye;KEÇÝ (KIL);Küçükbaþ Hayvan;1498;1093,5;46235
Erzurum;Aþkale;KOYUN (YERLÝ);Küçükbaþ Hayvan;13972;15299,3;36,9
Erzurum;Aziziye(Ilýca);KOYUN (YERLÝ);Küçükbaþ Hayvan;10687;11702,3;46081
Erzurum;Çat;KOYUN (YERLÝ);Küçükbaþ Hayvan;54763;59965,5;144,5
Erzurum;Hýnýs;KOYUN (YERLÝ);Küçükbaþ Hayvan;78829;86317,8;207,9
Erzurum;Horasan;KOYUN (YERLÝ);Küçükbaþ Hayvan;25477;27897,3;67,2
Erzurum;Ýspir;KOYUN (YERLÝ);Küçükbaþ Hayvan;7104;7778,9;46221
Erzurum;Karaçoban;KOYUN (YERLÝ);Küçükbaþ Hayvan;51480;56370,6;135,8
Erzurum;Karayazý;KOYUN (YERLÝ);Küçükbaþ Hayvan;64400;70518;169,9
Erzurum;Köprüköy;KOYUN (YERLÝ);Küçükbaþ Hayvan;21170;23181,2;55,8
Erzurum;Narman;KOYUN (YERLÝ);Küçükbaþ Hayvan;3385;3706,6;46273
Erzurum;Oltu;KOYUN (YERLÝ);Küçükbaþ Hayvan;17370;19020,2;45,8
Erzurum;Olur;KOYUN (YERLÝ);Küçükbaþ Hayvan;7891;8640,6;46254
Erzurum;Palandöken;KOYUN (YERLÝ);Küçükbaþ Hayvan;9861;10797,8;26
Erzurum;Pasinler;KOYUN (YERLÝ);Küçükbaþ Hayvan;42160;46165,2;111,2
Erzurum;Pazaryolu;KOYUN (YERLÝ);Küçükbaþ Hayvan;5956;6521,8;46218
Erzurum;Þenkaya;KOYUN (YERLÝ);Küçükbaþ Hayvan;35147;38486;92,7
Erzurum;Tekman;KOYUN (YERLÝ);Küçükbaþ Hayvan;161964;177350,6;427,3
Erzurum;Tortum;KOYUN (YERLÝ);Küçükbaþ Hayvan;15548;17025,1;41
Erzurum;Uzundere;KOYUN (YERLÝ);Küçükbaþ Hayvan;5442;5959;46126
Erzurum;Yakutiye;KOYUN (YERLÝ);Küçükbaþ Hayvan;17110;18735,5;45,1
Erzurum;Aþkale;ET TAVUÐU;Kanatlý Hayvan;0;0;0
Erzurum;Aziziye(Ilýca);ET TAVUÐU;Kanatlý Hayvan;0;0;0
Erzurum;Çat;ET TAVUÐU;Kanatlý Hayvan;0;0;0
Erzurum;Hýnýs;ET TAVUÐU;Kanatlý Hayvan;0;0;0
Erzurum;Horasan;ET TAVUÐU;Kanatlý Hayvan;0;0;0
Erzurum;Ýspir;ET TAVUÐU;Kanatlý Hayvan;0;0;0
Erzurum;Karaçoban;ET TAVUÐU;Kanatlý Hayvan;0;0;0
Erzurum;Karayazý;ET TAVUÐU;Kanatlý Hayvan;0;0;0
Erzurum;Köprüköy;ET TAVUÐU;Kanatlý Hayvan;0;0;0
Erzurum;Narman;ET TAVUÐU;Kanatlý Hayvan;0;0;0
Erzurum;Oltu;ET TAVUÐU;Kanatlý Hayvan;0;0;0
Erzurum;Olur;ET TAVUÐU;Kanatlý Hayvan;0;0;0
Erzurum;Palandöken;ET TAVUÐU;Kanatlý Hayvan;0;0;0
Erzurum;Pasinler;ET TAVUÐU;Kanatlý Hayvan;0;0;0
Erzurum;Pazaryolu;ET TAVUÐU;Kanatlý Hayvan;0;0;0
Erzurum;Þenkaya;ET TAVUÐU;Kanatlý Hayvan;0;0;0
Erzurum;Tekman;ET TAVUÐU;Kanatlý Hayvan;0;0;0
Erzurum;Tortum;ET TAVUÐU;Kanatlý Hayvan;0;0;0
Erzurum;Uzundere;ET TAVUÐU;Kanatlý Hayvan;0;0;0
Erzurum;Yakutiye;ET TAVUÐU;Kanatlý Hayvan;0;0;0
Erzurum;Aþkale;HÝNDÝ;Kanatlý Hayvan;465;46129;46116
Erzurum;Aziziye(Ilýca);HÝNDÝ;Kanatlý Hayvan;745;46292;7
Erzurum;Çat;HÝNDÝ;Kanatlý Hayvan;460;46098;46085
Erzurum;Hýnýs;HÝNDÝ;Kanatlý Hayvan;820;46264;46210
Erzurum;Horasan;HÝNDÝ;Kanatlý Hayvan;1447;54,3;46186
Erzurum;Ýspir;HÝNDÝ;Kanatlý Hayvan;56;46024;0,5
Erzurum;Karaçoban;HÝNDÝ;Kanatlý Hayvan;2000;75;46252
Erzurum;Karayazý;HÝNDÝ;Kanatlý Hayvan;1592;59,7;46279
Erzurum;Köprüköy;HÝNDÝ;Kanatlý Hayvan;245;46062;46083
Erzurum;Narman;HÝNDÝ;Kanatlý Hayvan;115;46085;46023
Erzurum;Oltu;HÝNDÝ;Kanatlý Hayvan;100;46237;0,9
Erzurum;Olur;HÝNDÝ;Kanatlý Hayvan;55;46024;0,5
Erzurum;Palandöken;HÝNDÝ;Kanatlý Hayvan;50;46266;0,5
Erzurum;Pasinler;HÝNDÝ;Kanatlý Hayvan;600;46164;46178
Erzurum;Pazaryolu;HÝNDÝ;Kanatlý Hayvan;7;0,3;0,1
Erzurum;Þenkaya;HÝNDÝ;Kanatlý Hayvan;1157;43,4;46244
Erzurum;Tekman;HÝNDÝ;Kanatlý Hayvan;580;46255;46117
Erzurum;Tortum;HÝNDÝ;Kanatlý Hayvan;15;0,6;0,1
Erzurum;Uzundere;HÝNDÝ;Kanatlý Hayvan;52;2;0,5
Erzurum;Yakutiye;HÝNDÝ;Kanatlý Hayvan;400;15;46237
Erzurum;Aþkale;KAZ;Kanatlý Hayvan;875;41;46063
Erzurum;Aziziye(Ilýca);KAZ;Kanatlý Hayvan;545;46167;46118
Erzurum;Çat;KAZ;Kanatlý Hayvan;535;25;46087
Erzurum;Hýnýs;KAZ;Kanatlý Hayvan;835;39,1;46243
Erzurum;Horasan;KAZ;Kanatlý Hayvan;156;46088;46235
Erzurum;Ýspir;KAZ;Kanatlý Hayvan;62;46267;0,7
Erzurum;Karaçoban;KAZ;Kanatlý Hayvan;3400;159,1;39,8
Erzurum;Karayazý;KAZ;Kanatlý Hayvan;2341;109,6;46139
Erzurum;Köprüköy;KAZ;Kanatlý Hayvan;637;46263;46149
Erzurum;Narman;KAZ;Kanatlý Hayvan;357;46219;46057
Erzurum;Oltu;KAZ;Kanatlý Hayvan;110;46027;46082
Erzurum;Olur;KAZ;Kanatlý Hayvan;30;46113;0,4
Erzurum;Palandöken;KAZ;Kanatlý Hayvan;80;46206;0,9
Erzurum;Pasinler;KAZ;Kanatlý Hayvan;1200;56,2;14
Erzurum;Pazaryolu;KAZ;Kanatlý Hayvan;4;0,2;0
Erzurum;Þenkaya;KAZ;Kanatlý Hayvan;93;46116;46023
Erzurum;Tekman;KAZ;Kanatlý Hayvan;2880;134,8;33,7
Erzurum;Tortum;KAZ;Kanatlý Hayvan;3500;163,8;41
Erzurum;Uzundere;KAZ;Kanatlý Hayvan;45;46024;0,5
Erzurum;Yakutiye;KAZ;Kanatlý Hayvan;950;44,5;46033
Erzurum;Aþkale;ÖRDEK;Kanatlý Hayvan;364;17;46085
Erzurum;Aziziye(Ilýca);ÖRDEK;Kanatlý Hayvan;820;38,4;46182
Erzurum;Çat;ÖRDEK;Kanatlý Hayvan;267;46154;46025
Erzurum;Hýnýs;ÖRDEK;Kanatlý Hayvan;161;46149;46266
Erzurum;Horasan;ÖRDEK;Kanatlý Hayvan;102;46238;46054
Erzurum;Ýspir;ÖRDEK;Kanatlý Hayvan;;0;0
Erzurum;Karaçoban;ÖRDEK;Kanatlý Hayvan;2600;121,7;46142
Erzurum;Karayazý;ÖRDEK;Kanatlý Hayvan;625;46110;46088
Erzurum;Köprüköy;ÖRDEK;Kanatlý Hayvan;450;46043;46086
Erzurum;Narman;ÖRDEK;Kanatlý Hayvan;95;46116;46023
Erzurum;Oltu;ÖRDEK;Kanatlý Hayvan;30;46113;0,4
Erzurum;Olur;ÖRDEK;Kanatlý Hayvan;;0;0
Erzurum;Palandöken;ÖRDEK;Kanatlý Hayvan;;0;0
Erzurum;Pasinler;ÖRDEK;Kanatlý Hayvan;110;46027;46082
Erzurum;Pazaryolu;ÖRDEK;Kanatlý Hayvan;8;0,4;0,1
Erzurum;Þenkaya;ÖRDEK;Kanatlý Hayvan;43;2;0,5
Erzurum;Tekman;ÖRDEK;Kanatlý Hayvan;200;46121;46083
Erzurum;Tortum;ÖRDEK;Kanatlý Hayvan;60;46236;0,7
Erzurum;Uzundere;ÖRDEK;Kanatlý Hayvan;52;46114;0,6
Erzurum;Yakutiye;ÖRDEK;Kanatlý Hayvan;350;46128;46026
Erzurum;Aþkale;YUMURTA TAVUÐU;Kanatlý Hayvan;7306;400;100
Erzurum;Aziziye(Ilýca);YUMURTA TAVUÐU;Kanatlý Hayvan;23000;1259,3;314,9
Erzurum;Çat;YUMURTA TAVUÐU;Kanatlý Hayvan;3795;207,8;52
Erzurum;Hýnýs;YUMURTA TAVUÐU;Kanatlý Hayvan;3940;215,7;53,9
Erzurum;Horasan;YUMURTA TAVUÐU;Kanatlý Hayvan;11600;635,1;158,8
Erzurum;Ýspir;YUMURTA TAVUÐU;Kanatlý Hayvan;7295;399,4;99,9
Erzurum;Karaçoban;YUMURTA TAVUÐU;Kanatlý Hayvan;12500;684,4;171,1
Erzurum;Karayazý;YUMURTA TAVUÐU;Kanatlý Hayvan;9058;495,9;124
Erzurum;Köprüköy;YUMURTA TAVUÐU;Kanatlý Hayvan;1650;90,3;46195
Erzurum;Narman;YUMURTA TAVUÐU;Kanatlý Hayvan;15650;856,8;214,2
Erzurum;Oltu;YUMURTA TAVUÐU;Kanatlý Hayvan;9157;501,3;125,4
Erzurum;Olur;YUMURTA TAVUÐU;Kanatlý Hayvan;4200;230;57,5
Erzurum;Palandöken;YUMURTA TAVUÐU;Kanatlý Hayvan;5180;283,6;70,9
Erzurum;Pasinler;YUMURTA TAVUÐU;Kanatlý Hayvan;1100;60,2;46037
Erzurum;Pazaryolu;YUMURTA TAVUÐU;Kanatlý Hayvan;2152;117,8;46171
Erzurum;Þenkaya;YUMURTA TAVUÐU;Kanatlý Hayvan;12143;664,8;166,2
Erzurum;Tekman;YUMURTA TAVUÐU;Kanatlý Hayvan;5265;288,3;72,1
Erzurum;Tortum;YUMURTA TAVUÐU;Kanatlý Hayvan;6500;355,9;89
Erzurum;Uzundere;YUMURTA TAVUÐU;Kanatlý Hayvan;645;35,3;46242
Erzurum;Yakutiye;YUMURTA TAVUÐU;Kanatlý Hayvan;7000;383,3;95,8
Eskiþehir;Alpu;AT;Büyükbaþ Hayvan;23;125,9;0,7
Eskiþehir;Beylikova;AT;Büyükbaþ Hayvan;26;142,4;0,8
Eskiþehir;Çifteler;AT;Büyükbaþ Hayvan;32;175,2;0,9
Eskiþehir;Günyüzü;AT;Büyükbaþ Hayvan;3;46128;0,1
Eskiþehir;Han;AT;Büyükbaþ Hayvan;43;235,4;46082
Eskiþehir;Ýnönü;AT;Büyükbaþ Hayvan;19;104;0,6
Eskiþehir;Mahmudiye;AT;Büyükbaþ Hayvan;1853;10145,2;54,3
Eskiþehir;Mihalýçcýk;AT;Büyükbaþ Hayvan;60;328,5;46235
Eskiþehir;Odunpazarý;AT;Büyükbaþ Hayvan;78;427,1;46083
Eskiþehir;Seyitgazi;AT;Büyükbaþ Hayvan;34;186,2;1
Eskiþehir;Sivrihisar;AT;Büyükbaþ Hayvan;10;54,8;0,3
Eskiþehir;Tepebaþý;AT;Büyükbaþ Hayvan;337;1845,1;46274
Eskiþehir;Alpu;EÞEK;Büyükbaþ Hayvan;181;495,5;46174
Eskiþehir;Beylikova;EÞEK;Büyükbaþ Hayvan;115;314,8;1
Eskiþehir;Çifteler;EÞEK;Büyükbaþ Hayvan;307;840,4;46205
Eskiþehir;Günyüzü;EÞEK;Büyükbaþ Hayvan;95;260,1;0,8
Eskiþehir;Han;EÞEK;Büyükbaþ Hayvan;143;391,5;46082
Eskiþehir;Ýnönü;EÞEK;Büyükbaþ Hayvan;19;52;0,2
Eskiþehir;Mahmudiye;EÞEK;Büyükbaþ Hayvan;175;479,1;46143
Eskiþehir;Mihalýçcýk;EÞEK;Büyükbaþ Hayvan;393;1075,8;46145
Eskiþehir;Odunpazarý;EÞEK;Büyükbaþ Hayvan;164;449;46113
Eskiþehir;Sarýcakaya;EÞEK;Büyükbaþ Hayvan;25;68,4;0,2
Eskiþehir;Seyitgazi;EÞEK;Büyükbaþ Hayvan;598;1637;46086
Eskiþehir;Sivrihisar;EÞEK;Büyükbaþ Hayvan;575;1574,1;46027
Eskiþehir;Tepebaþý;EÞEK;Büyükbaþ Hayvan;426;1166,2;46206
Eskiþehir;Beylikova;KATIR;Büyükbaþ Hayvan;16;70,1;0,3
Eskiþehir;Günyüzü;KATIR;Büyükbaþ Hayvan;3;46035;0,1
Eskiþehir;Ýnönü;KATIR;Büyükbaþ Hayvan;5;46286;0,1
Eskiþehir;Mihalýçcýk;KATIR;Büyükbaþ Hayvan;28;122,6;0,5
Eskiþehir;Tepebaþý;KATIR;Büyükbaþ Hayvan;76;332,9;46113
Eskiþehir;Alpu;MANDA;Büyükbaþ Hayvan;92;671,6;5
Eskiþehir;Beylikova;MANDA;Büyükbaþ Hayvan;2;46187;0,1
Eskiþehir;Çifteler;MANDA;Büyükbaþ Hayvan;120;876;46179
Eskiþehir;Ýnönü;MANDA;Büyükbaþ Hayvan;172;1255,6;46121
Eskiþehir;Mihalýçcýk;MANDA;Büyükbaþ Hayvan;10;73;0,5
Eskiþehir;Odunpazarý;MANDA;Büyükbaþ Hayvan;78;569,4;46085
Eskiþehir;Tepebaþý;MANDA;Büyükbaþ Hayvan;100;730;46147
Eskiþehir;Alpu;SIÐIR (KÜLTÜR);Büyükbaþ Hayvan;7626;69587,3;558,8
Eskiþehir;Beylikova;SIÐIR (KÜLTÜR);Büyükbaþ Hayvan;8656;78986;634,3
Eskiþehir;Çifteler;SIÐIR (KÜLTÜR);Büyükbaþ Hayvan;4266;38927,3;312,6
Eskiþehir;Günyüzü;SIÐIR (KÜLTÜR);Büyükbaþ Hayvan;960;8760;70,3
Eskiþehir;Han;SIÐIR (KÜLTÜR);Büyükbaþ Hayvan;1410;12866,3;103,3
Eskiþehir;Ýnönü;SIÐIR (KÜLTÜR);Büyükbaþ Hayvan;4398;40131,8;322,3
Eskiþehir;Mahmudiye;SIÐIR (KÜLTÜR);Büyükbaþ Hayvan;8877;81002,6;650,5
Eskiþehir;Mihalgazi;SIÐIR (KÜLTÜR);Büyükbaþ Hayvan;69;629,6;46027
Eskiþehir;Mihalýçcýk;SIÐIR (KÜLTÜR);Büyükbaþ Hayvan;3472;31682;254,4
Eskiþehir;Odunpazarý;SIÐIR (KÜLTÜR);Büyükbaþ Hayvan;11691;106680,4;856,7
Eskiþehir;Sarýcakaya;SIÐIR (KÜLTÜR);Büyükbaþ Hayvan;1317;12017,6;96,5
Eskiþehir;Seyitgazi;SIÐIR (KÜLTÜR);Büyükbaþ Hayvan;14137;129000,1;1035,9
Eskiþehir;Sivrihisar;SIÐIR (KÜLTÜR);Büyükbaþ Hayvan;7739;70618,4;567,1
Eskiþehir;Tepebaþý;SIÐIR (KÜLTÜR);Büyükbaþ Hayvan;12674;115650,3;928,7
Eskiþehir;Alpu;SIÐIR (MELEZ);Büyükbaþ Hayvan;9732;63939,2;410,8
Eskiþehir;Çifteler;SIÐIR (MELEZ);Büyükbaþ Hayvan;2387;15682,6;100,7
Eskiþehir;Günyüzü;SIÐIR (MELEZ);Büyükbaþ Hayvan;1176;7726,3;49,6
Eskiþehir;Han;SIÐIR (MELEZ);Büyükbaþ Hayvan;570;3744,9;46046
Eskiþehir;Ýnönü;SIÐIR (MELEZ);Büyükbaþ Hayvan;575;3777,8;46105
Eskiþehir;Mahmudiye;SIÐIR (MELEZ);Büyükbaþ Hayvan;2926;19223,8;123,5
Eskiþehir;Mihalgazi;SIÐIR (MELEZ);Büyükbaþ Hayvan;193;1268;46030
Eskiþehir;Mihalýçcýk;SIÐIR (MELEZ);Büyükbaþ Hayvan;3236;21260,5;136,6
Eskiþehir;Odunpazarý;SIÐIR (MELEZ);Büyükbaþ Hayvan;10893;71567;459,8
Eskiþehir;Sarýcakaya;SIÐIR (MELEZ);Büyükbaþ Hayvan;1535;10085;64,8
Eskiþehir;Seyitgazi;SIÐIR (MELEZ);Büyükbaþ Hayvan;2380;15636,6;100,5
Eskiþehir;Sivrihisar;SIÐIR (MELEZ);Büyükbaþ Hayvan;3723;24460,1;157,1
Eskiþehir;Tepebaþý;SIÐIR (MELEZ);Büyükbaþ Hayvan;13811;90738,3;582,9
Eskiþehir;Alpu;SIÐIR (YERLÝ);Büyükbaþ Hayvan;5824;31886,4;170,7
Eskiþehir;Çifteler;SIÐIR (YERLÝ);Büyükbaþ Hayvan;65;355,9;46266
Eskiþehir;Han;SIÐIR (YERLÝ);Büyükbaþ Hayvan;172;941,7;5
Eskiþehir;Ýnönü;SIÐIR (YERLÝ);Büyükbaþ Hayvan;67;366,8;2
Eskiþehir;Mahmudiye;SIÐIR (YERLÝ);Büyükbaþ Hayvan;70;383,3;46024
Eskiþehir;Mihalgazi;SIÐIR (YERLÝ);Büyükbaþ Hayvan;173;947,2;46027
Eskiþehir;Mihalýçcýk;SIÐIR (YERLÝ);Büyükbaþ Hayvan;1121;6137,5;32,9
Eskiþehir;Odunpazarý;SIÐIR (YERLÝ);Büyükbaþ Hayvan;1697;9291,1;49,7
Eskiþehir;Sarýcakaya;SIÐIR (YERLÝ);Büyükbaþ Hayvan;28;153,3;0,8
Eskiþehir;Seyitgazi;SIÐIR (YERLÝ);Büyükbaþ Hayvan;43;235,4;46082
Eskiþehir;Sivrihisar;SIÐIR (YERLÝ);Büyükbaþ Hayvan;22;120,5;0,6
Eskiþehir;Tepebaþý;SIÐIR (YERLÝ);Büyükbaþ Hayvan;4988;27309,3;146,2
Eskiþehir;Alpu;KEÇÝ (KIL);Küçükbaþ Hayvan;3210;2343,3;46237
Eskiþehir;Beylikova;KEÇÝ (KIL);Küçükbaþ Hayvan;3721;2716,3;46116
Eskiþehir;Çifteler;KEÇÝ (KIL);Küçükbaþ Hayvan;2495;1821,4;46267
Eskiþehir;Günyüzü;KEÇÝ (KIL);Küçükbaþ Hayvan;1212;884,8;46113
Eskiþehir;Han;KEÇÝ (KIL);Küçükbaþ Hayvan;3385;2471,1;4
Eskiþehir;Ýnönü;KEÇÝ (KIL);Küçükbaþ Hayvan;3000;2190;46145
Eskiþehir;Mahmudiye;KEÇÝ (KIL);Küçükbaþ Hayvan;1551;1132,2;46235
Eskiþehir;Mihalgazi;KEÇÝ (KIL);Küçükbaþ Hayvan;770;562,1;0,9
Eskiþehir;Mihalýçcýk;KEÇÝ (KIL);Küçükbaþ Hayvan;24885;18166,1;29,2
Eskiþehir;Odunpazarý;KEÇÝ (KIL);Küçükbaþ Hayvan;5922;4323,1;46271
Eskiþehir;Sarýcakaya;KEÇÝ (KIL);Küçükbaþ Hayvan;4165;3040,5;46269
Eskiþehir;Seyitgazi;KEÇÝ (KIL);Küçükbaþ Hayvan;10555;7705,2;46124
Eskiþehir;Sivrihisar;KEÇÝ (KIL);Küçükbaþ Hayvan;8524;6222,5;10
Eskiþehir;Tepebaþý;KEÇÝ (KIL);Küçükbaþ Hayvan;8711;6359;46063
Eskiþehir;Alpu;KEÇÝ (TÝFTÝK);Küçükbaþ Hayvan;3732;2724,4;46116
Eskiþehir;Günyüzü;KEÇÝ (TÝFTÝK);Küçükbaþ Hayvan;152;111;0,2
Eskiþehir;Ýnönü;KEÇÝ (TÝFTÝK);Küçükbaþ Hayvan;220;160,6;0,3
Eskiþehir;Mahmudiye;KEÇÝ (TÝFTÝK);Küçükbaþ Hayvan;1459;1065,1;46204
Eskiþehir;Mihalýçcýk;KEÇÝ (TÝFTÝK);Küçükbaþ Hayvan;6105;4456,7;46060
Eskiþehir;Sarýcakaya;KEÇÝ (TÝFTÝK);Küçükbaþ Hayvan;205;149,7;0,2
Eskiþehir;Seyitgazi;KEÇÝ (TÝFTÝK);Küçükbaþ Hayvan;367;267,9;0,4
Eskiþehir;Sivrihisar;KEÇÝ (TÝFTÝK);Küçükbaþ Hayvan;486;354,8;0,6
Eskiþehir;Tepebaþý;KEÇÝ (TÝFTÝK);Küçükbaþ Hayvan;276;201,5;0,3
Eskiþehir;Alpu;KOYUN (MERÝNOS);Küçükbaþ Hayvan;30091;32949,6;79,4
Eskiþehir;Çifteler;KOYUN (MERÝNOS);Küçükbaþ Hayvan;29900;32740,5;78,9
Eskiþehir;Günyüzü;KOYUN (MERÝNOS);Küçükbaþ Hayvan;39724;43497,8;104,8
Eskiþehir;Han;KOYUN (MERÝNOS);Küçükbaþ Hayvan;613;671,2;46174
Eskiþehir;Ýnönü;KOYUN (MERÝNOS);Küçükbaþ Hayvan;9730;10654,4;46228
Eskiþehir;Mahmudiye;KOYUN (MERÝNOS);Küçükbaþ Hayvan;32102;35151,7;84,7
Eskiþehir;Mihalýçcýk;KOYUN (MERÝNOS);Küçükbaþ Hayvan;27574;30193,5;72,7
Eskiþehir;Odunpazarý;KOYUN (MERÝNOS);Küçükbaþ Hayvan;37122;40648,6;97,9
Eskiþehir;Sarýcakaya;KOYUN (MERÝNOS);Küçükbaþ Hayvan;485;531,1;46082
Eskiþehir;Seyitgazi;KOYUN (MERÝNOS);Küçükbaþ Hayvan;53800;58911;141,9
Eskiþehir;Sivrihisar;KOYUN (MERÝNOS);Küçükbaþ Hayvan;170082;186239,8;448,7
Eskiþehir;Tepebaþý;KOYUN (MERÝNOS);Küçükbaþ Hayvan;58677;64251,3;154,8
Eskiþehir;Alpu;KOYUN (YERLÝ);Küçükbaþ Hayvan;27198;29781,8;71,7
Eskiþehir;Beylikova;KOYUN (YERLÝ);Küçükbaþ Hayvan;36105;39535;95,2
Eskiþehir;Çifteler;KOYUN (YERLÝ);Küçükbaþ Hayvan;34800;38106;91,8
Eskiþehir;Günyüzü;KOYUN (YERLÝ);Küçükbaþ Hayvan;5939;6503,2;46218
Eskiþehir;Han;KOYUN (YERLÝ);Küçükbaþ Hayvan;11980;13118,1;31,6
Eskiþehir;Ýnönü;KOYUN (YERLÝ);Küçükbaþ Hayvan;10180;11147,1;46291
Eskiþehir;Mahmudiye;KOYUN (YERLÝ);Küçükbaþ Hayvan;2030;2222,9;46117
Eskiþehir;Mihalgazi;KOYUN (YERLÝ);Küçükbaþ Hayvan;1855;2031,2;46269
Eskiþehir;Mihalýçcýk;KOYUN (YERLÝ);Küçükbaþ Hayvan;23062;25252,9;60,8
Eskiþehir;Odunpazarý;KOYUN (YERLÝ);Küçükbaþ Hayvan;12340;13512,3;32,6
Eskiþehir;Sarýcakaya;KOYUN (YERLÝ);Küçükbaþ Hayvan;5755;6301,7;46068
Eskiþehir;Seyitgazi;KOYUN (YERLÝ);Küçükbaþ Hayvan;8205;8984,5;46194
Eskiþehir;Sivrihisar;KOYUN (YERLÝ);Küçükbaþ Hayvan;19825;21708,4;52,3
Eskiþehir;Tepebaþý;KOYUN (YERLÝ);Küçükbaþ Hayvan;16450;18012,8;43,4
Eskiþehir;Alpu;ET TAVUÐU;Kanatlý Hayvan;75000;2025;506,3
Eskiþehir;Beylikova;ET TAVUÐU;Kanatlý Hayvan;210000;5670;1417,8
Eskiþehir;Çifteler;ET TAVUÐU;Kanatlý Hayvan;0;0;0
Eskiþehir;Günyüzü;ET TAVUÐU;Kanatlý Hayvan;207000;5589;1397,5
Eskiþehir;Han;ET TAVUÐU;Kanatlý Hayvan;0;0;0
Eskiþehir;Ýnönü;ET TAVUÐU;Kanatlý Hayvan;0;0;0
Eskiþehir;Mahmudiye;ET TAVUÐU;Kanatlý Hayvan;30000;810;202,5
Eskiþehir;Mihalgazi;ET TAVUÐU;Kanatlý Hayvan;75000;2025;506,3
Eskiþehir;Mihalýçcýk;ET TAVUÐU;Kanatlý Hayvan;35000;945;236,3
Eskiþehir;Odunpazarý;ET TAVUÐU;Kanatlý Hayvan;54000;1458;364,6
Eskiþehir;Sarýcakaya;ET TAVUÐU;Kanatlý Hayvan;124500;3361,5;840,5
Eskiþehir;Seyitgazi;ET TAVUÐU;Kanatlý Hayvan;;0;0
Eskiþehir;Sivrihisar;ET TAVUÐU;Kanatlý Hayvan;437000;11799;2950,3
Eskiþehir;Tepebaþý;ET TAVUÐU;Kanatlý Hayvan;1200000;32400;8101,5
Eskiþehir;Alpu;HÝNDÝ;Kanatlý Hayvan;1279;48;12
Eskiþehir;Beylikova;HÝNDÝ;Kanatlý Hayvan;1450;54,4;46186
Eskiþehir;Çifteler;HÝNDÝ;Kanatlý Hayvan;900;33,8;46120
Eskiþehir;Günyüzü;HÝNDÝ;Kanatlý Hayvan;304;46123;46267
Eskiþehir;Han;HÝNDÝ;Kanatlý Hayvan;230;46181;46055
Eskiþehir;Ýnönü;HÝNDÝ;Kanatlý Hayvan;175;46179;46174
Eskiþehir;Mahmudiye;HÝNDÝ;Kanatlý Hayvan;987;37;46090
Eskiþehir;Mihalgazi;HÝNDÝ;Kanatlý Hayvan;30;46023;0,3
Eskiþehir;Mihalýçcýk;HÝNDÝ;Kanatlý Hayvan;950;35,6;46273
Eskiþehir;Odunpazarý;HÝNDÝ;Kanatlý Hayvan;21000;787,5;196,9
Eskiþehir;Sarýcakaya;HÝNDÝ;Kanatlý Hayvan;128;46238;46054
Eskiþehir;Seyitgazi;HÝNDÝ;Kanatlý Hayvan;3450;129,4;32,3
Eskiþehir;Sivrihisar;HÝNDÝ;Kanatlý Hayvan;4088;153,3;38,3
Eskiþehir;Tepebaþý;HÝNDÝ;Kanatlý Hayvan;2176;81,6;46132
Eskiþehir;Alpu;KAZ;Kanatlý Hayvan;3875;181,4;45,3
Eskiþehir;Beylikova;KAZ;Kanatlý Hayvan;820;38,4;46182
Eskiþehir;Çifteler;KAZ;Kanatlý Hayvan;580;46049;46240
Eskiþehir;Günyüzü;KAZ;Kanatlý Hayvan;138;46148;46174
Eskiþehir;Han;KAZ;Kanatlý Hayvan;50;46083;0,6
Eskiþehir;Ýnönü;KAZ;Kanatlý Hayvan;185;46211;46055
Eskiþehir;Mahmudiye;KAZ;Kanatlý Hayvan;613;46231;46060
Eskiþehir;Mihalgazi;KAZ;Kanatlý Hayvan;15;0,7;0,2
Eskiþehir;Mihalýçcýk;KAZ;Kanatlý Hayvan;210;46243;46144
Eskiþehir;Odunpazarý;KAZ;Kanatlý Hayvan;550;46228;46118
Eskiþehir;Sarýcakaya;KAZ;Kanatlý Hayvan;122;46208;46113
Eskiþehir;Seyitgazi;KAZ;Kanatlý Hayvan;3200;149,8;37,4
Eskiþehir;Sivrihisar;KAZ;Kanatlý Hayvan;1604;75,1;46252
Eskiþehir;Tepebaþý;KAZ;Kanatlý Hayvan;2255;105,5;46138
Eskiþehir;Alpu;ÖRDEK;Kanatlý Hayvan;75;46145;0,9
Eskiþehir;Beylikova;ÖRDEK;Kanatlý Hayvan;275;46277;46056
Eskiþehir;Çifteler;ÖRDEK;Kanatlý Hayvan;450;46043;46086
Eskiþehir;Günyüzü;ÖRDEK;Kanatlý Hayvan;45;46024;0,5
Eskiþehir;Han;ÖRDEK;Kanatlý Hayvan;15;0,7;0,2
Eskiþehir;Ýnönü;ÖRDEK;Kanatlý Hayvan;225;46152;46175
Eskiþehir;Mahmudiye;ÖRDEK;Kanatlý Hayvan;79;46206;0,9
Eskiþehir;Mihalgazi;ÖRDEK;Kanatlý Hayvan;0;0;0
Eskiþehir;Mihalýçcýk;ÖRDEK;Kanatlý Hayvan;115;46117;46082
Eskiþehir;Odunpazarý;ÖRDEK;Kanatlý Hayvan;450;46043;46086
Eskiþehir;Sarýcakaya;ÖRDEK;Kanatlý Hayvan;114;46086;46082
Eskiþehir;Seyitgazi;ÖRDEK;Kanatlý Hayvan;1150;53,8;46155
Eskiþehir;Sivrihisar;ÖRDEK;Kanatlý Hayvan;1499;70,2;46159
Eskiþehir;Tepebaþý;ÖRDEK;Kanatlý Hayvan;700;32,8;46061
Eskiþehir;Alpu;YUMURTA TAVUÐU;Kanatlý Hayvan;8670;474,7;118,7
Eskiþehir;Beylikova;YUMURTA TAVUÐU;Kanatlý Hayvan;8100;443,5;110,9
Eskiþehir;Çifteler;YUMURTA TAVUÐU;Kanatlý Hayvan;8600;470,9;117,7
Eskiþehir;Günyüzü;YUMURTA TAVUÐU;Kanatlý Hayvan;50650;2773,1;693,4
Eskiþehir;Han;YUMURTA TAVUÐU;Kanatlý Hayvan;3195;174,9;43,7
Eskiþehir;Ýnönü;YUMURTA TAVUÐU;Kanatlý Hayvan;91200;4993,2;1248,5
Eskiþehir;Mahmudiye;YUMURTA TAVUÐU;Kanatlý Hayvan;75850;4152,8;1038,4
Eskiþehir;Mihalgazi;YUMURTA TAVUÐU;Kanatlý Hayvan;250;46216;46115
Eskiþehir;Mihalýçcýk;YUMURTA TAVUÐU;Kanatlý Hayvan;12000;657;164,3
Eskiþehir;Odunpazarý;YUMURTA TAVUÐU;Kanatlý Hayvan;73000;3996,8;999,4
Eskiþehir;Sarýcakaya;YUMURTA TAVUÐU;Kanatlý Hayvan;956;52,3;46035
Eskiþehir;Seyitgazi;YUMURTA TAVUÐU;Kanatlý Hayvan;468000;25623;6406,9
Eskiþehir;Sivrihisar;YUMURTA TAVUÐU;Kanatlý Hayvan;714800;39135,3;9785,6
Eskiþehir;Tepebaþý;YUMURTA TAVUÐU;Kanatlý Hayvan;50000;2737,5;684,5
Gaziantep;Araban;AT;Büyükbaþ Hayvan;607;3323,3;46251
Gaziantep;Ýslahiye;AT;Büyükbaþ Hayvan;32;175,2;0,9
Gaziantep;Kargamýþ;AT;Büyükbaþ Hayvan;19;104;0,6
Gaziantep;Nizip;AT;Büyükbaþ Hayvan;471;2578,7;46247
Gaziantep;Nurdaðý;AT;Büyükbaþ Hayvan;49;268,3;46113
Gaziantep;Oðuzeli;AT;Büyükbaþ Hayvan;11;60,2;0,3
Gaziantep;Þahinbey;AT;Büyükbaþ Hayvan;151;826,7;46116
Gaziantep;Þehitkamil;AT;Büyükbaþ Hayvan;410;2244,8;12
Gaziantep;Yavuzeli;AT;Büyükbaþ Hayvan;380;2080,5;46033
Gaziantep;Araban;EÞEK;Büyükbaþ Hayvan;119;325,8;1
Gaziantep;Ýslahiye;EÞEK;Büyükbaþ Hayvan;145;396,9;46082
Gaziantep;Kargamýþ;EÞEK;Büyükbaþ Hayvan;4;11;0
Gaziantep;Nizip;EÞEK;Büyükbaþ Hayvan;118;323;1
Gaziantep;Nurdaðý;EÞEK;Büyükbaþ Hayvan;100;273,8;0,9
Gaziantep;Oðuzeli;EÞEK;Büyükbaþ Hayvan;11;46052;0,1
Gaziantep;Þahinbey;EÞEK;Büyükbaþ Hayvan;165;451,7;46143
Gaziantep;Þehitkamil;EÞEK;Büyükbaþ Hayvan;26;71,2;0,2
Gaziantep;Yavuzeli;EÞEK;Büyükbaþ Hayvan;141;386;46054
Gaziantep;Araban;KATIR;Büyükbaþ Hayvan;5;46286;0,1
Gaziantep;Ýslahiye;KATIR;Büyükbaþ Hayvan;30;131,4;0,6
Gaziantep;Nurdaðý;KATIR;Büyükbaþ Hayvan;8;35;0,2
Gaziantep;Oðuzeli;KATIR;Büyükbaþ Hayvan;9;39,4;0,2
Gaziantep;Þahinbey;KATIR;Büyükbaþ Hayvan;49;214,6;0,9
Gaziantep;Yavuzeli;KATIR;Büyükbaþ Hayvan;14;61,3;0,3
Gaziantep;Ýslahiye;MANDA;Büyükbaþ Hayvan;198;1445,4;46244
Gaziantep;Nizip;MANDA;Büyükbaþ Hayvan;2;46187;0,1
Gaziantep;Nurdaðý;MANDA;Büyükbaþ Hayvan;8;58,4;0,4
Gaziantep;Oðuzeli;MANDA;Büyükbaþ Hayvan;9;65,7;0,5
Gaziantep;Araban;SIÐIR (KÜLTÜR);Büyükbaþ Hayvan;1315;11999,4;96,4
Gaziantep;Ýslahiye;SIÐIR (KÜLTÜR);Büyükbaþ Hayvan;4533;41363,6;332,2
Gaziantep;Kargamýþ;SIÐIR (KÜLTÜR);Büyükbaþ Hayvan;2398;21881,8;175,7
Gaziantep;Nizip;SIÐIR (KÜLTÜR);Büyükbaþ Hayvan;20765;189480,6;1521,6
Gaziantep;Nurdaðý;SIÐIR (KÜLTÜR);Büyükbaþ Hayvan;16817;153455,1;1232,3
Gaziantep;Oðuzeli;SIÐIR (KÜLTÜR);Büyükbaþ Hayvan;40146;366332,3;2941,7
Gaziantep;Þahinbey;SIÐIR (KÜLTÜR);Büyükbaþ Hayvan;11340;103477,5;831
Gaziantep;Þehitkamil;SIÐIR (KÜLTÜR);Büyükbaþ Hayvan;30929;282227,1;2266,4
Gaziantep;Yavuzeli;SIÐIR (KÜLTÜR);Büyükbaþ Hayvan;3505;31983,1;256,8
Gaziantep;Araban;SIÐIR (MELEZ);Büyükbaþ Hayvan;7164;47067,5;302,4
Gaziantep;Ýslahiye;SIÐIR (MELEZ);Büyükbaþ Hayvan;10492;68932,4;442,8
Gaziantep;Kargamýþ;SIÐIR (MELEZ);Büyükbaþ Hayvan;1521;9993;64,2
Gaziantep;Nizip;SIÐIR (MELEZ);Büyükbaþ Hayvan;48994;321890,6;2067,9
Gaziantep;Nurdaðý;SIÐIR (MELEZ);Büyükbaþ Hayvan;1998;13126,9;84,3
Gaziantep;Oðuzeli;SIÐIR (MELEZ);Büyükbaþ Hayvan;18079;118779;763,1
Gaziantep;Þahinbey;SIÐIR (MELEZ);Büyükbaþ Hayvan;20485;134586,5;864,6
Gaziantep;Þehitkamil;SIÐIR (MELEZ);Büyükbaþ Hayvan;16615;109160,6;701,3
Gaziantep;Yavuzeli;SIÐIR (MELEZ);Büyükbaþ Hayvan;8856;58183,9;373,8
Gaziantep;Araban;SIÐIR (YERLÝ);Büyükbaþ Hayvan;300;1642,5;46242
Gaziantep;Ýslahiye;SIÐIR (YERLÝ);Büyükbaþ Hayvan;1911;10462,7;56
Gaziantep;Nizip;SIÐIR (YERLÝ);Büyükbaþ Hayvan;668;3657,3;46192
Gaziantep;Nurdaðý;SIÐIR (YERLÝ);Büyükbaþ Hayvan;45;246,4;46082
Gaziantep;Oðuzeli;SIÐIR (YERLÝ);Büyükbaþ Hayvan;185;1012,9;46117
Gaziantep;Þahinbey;SIÐIR (YERLÝ);Büyükbaþ Hayvan;1642;8990;48,1
Gaziantep;Þehitkamil;SIÐIR (YERLÝ);Büyükbaþ Hayvan;285;1560,4;46120
Gaziantep;Yavuzeli;SIÐIR (YERLÝ);Büyükbaþ Hayvan;674;3690,2;46253
Gaziantep;Araban;KEÇÝ (KIL);Küçükbaþ Hayvan;35697;26058,8;41,9
Gaziantep;Ýslahiye;KEÇÝ (KIL);Küçükbaþ Hayvan;52716;38482,7;61,8
Gaziantep;Kargamýþ;KEÇÝ (KIL);Küçükbaþ Hayvan;677;494,2;0,8
Gaziantep;Nizip;KEÇÝ (KIL);Küçükbaþ Hayvan;5603;4090,2;46179
Gaziantep;Nurdaðý;KEÇÝ (KIL);Küçükbaþ Hayvan;38929;28418,2;45,6
Gaziantep;Oðuzeli;KEÇÝ (KIL);Küçükbaþ Hayvan;3693;2695,9;46085
Gaziantep;Þahinbey;KEÇÝ (KIL);Küçükbaþ Hayvan;23576;17210,5;46200
Gaziantep;Þehitkamil;KEÇÝ (KIL);Küçükbaþ Hayvan;51100;37303;59,9
Gaziantep;Yavuzeli;KEÇÝ (KIL);Küçükbaþ Hayvan;33482;24441,9;39,3
Gaziantep;Araban;KOYUN (MERÝNOS);Küçükbaþ Hayvan;214;234,3;0,6
Gaziantep;Ýslahiye;KOYUN (MERÝNOS);Küçükbaþ Hayvan;1085;1188,1;46267
Gaziantep;Nurdaðý;KOYUN (MERÝNOS);Küçükbaþ Hayvan;592;648,2;46174
Gaziantep;Oðuzeli;KOYUN (MERÝNOS);Küçükbaþ Hayvan;1638;1793,6;46085
Gaziantep;Þahinbey;KOYUN (MERÝNOS);Küçükbaþ Hayvan;825;903,4;46055
Gaziantep;Yavuzeli;KOYUN (MERÝNOS);Küçükbaþ Hayvan;210;230;0,6
Gaziantep;Araban;KOYUN (YERLÝ);Küçükbaþ Hayvan;24090;26378,6;63,5
Gaziantep;Ýslahiye;KOYUN (YERLÝ);Küçükbaþ Hayvan;45503;49825,8;120
Gaziantep;Kargamýþ;KOYUN (YERLÝ);Küçükbaþ Hayvan;4555;4987,7;12
Gaziantep;Nizip;KOYUN (YERLÝ);Küçükbaþ Hayvan;12429;13609,8;32,8
Gaziantep;Nurdaðý;KOYUN (YERLÝ);Küçükbaþ Hayvan;45400;49713;119,8
Gaziantep;Oðuzeli;KOYUN (YERLÝ);Küçükbaþ Hayvan;72316;79186;190,8
Gaziantep;Þahinbey;KOYUN (YERLÝ);Küçükbaþ Hayvan;58034;63547,2;153,1
Gaziantep;Þehitkamil;KOYUN (YERLÝ);Küçükbaþ Hayvan;79729;87303,3;210,3
Gaziantep;Yavuzeli;KOYUN (YERLÝ);Küçükbaþ Hayvan;33856;37072,3;89,3
Gaziantep;Araban;ET TAVUÐU;Kanatlý Hayvan;0;0;0
Gaziantep;Ýslahiye;ET TAVUÐU;Kanatlý Hayvan;0;0;0
Gaziantep;Kargamýþ;ET TAVUÐU;Kanatlý Hayvan;0;0;0
Gaziantep;Nizip;ET TAVUÐU;Kanatlý Hayvan;27200;734,4;183,6
Gaziantep;Nurdaðý;ET TAVUÐU;Kanatlý Hayvan;0;0;0
Gaziantep;Oðuzeli;ET TAVUÐU;Kanatlý Hayvan;32000;864;216
Gaziantep;Þahinbey;ET TAVUÐU;Kanatlý Hayvan;139400;3763,8;941,1
Gaziantep;Þehitkamil;ET TAVUÐU;Kanatlý Hayvan;50000;1350;337,6
Gaziantep;Yavuzeli;ET TAVUÐU;Kanatlý Hayvan;0;0;0
Gaziantep;Araban;HÝNDÝ;Kanatlý Hayvan;835;46112;46241
Gaziantep;Ýslahiye;HÝNDÝ;Kanatlý Hayvan;1018;38,2;46151
Gaziantep;Kargamýþ;HÝNDÝ;Kanatlý Hayvan;2620;98,3;46197
Gaziantep;Nizip;HÝNDÝ;Kanatlý Hayvan;18464;692,4;173,1
Gaziantep;Nurdaðý;HÝNDÝ;Kanatlý Hayvan;380;46095;46176
Gaziantep;Oðuzeli;HÝNDÝ;Kanatlý Hayvan;1835;68,8;46070
Gaziantep;Þahinbey;HÝNDÝ;Kanatlý Hayvan;1450;54,4;46186
Gaziantep;Þehitkamil;HÝNDÝ;Kanatlý Hayvan;113;46057;46023
Gaziantep;Yavuzeli;HÝNDÝ;Kanatlý Hayvan;560;21;46086
Gaziantep;Araban;KAZ;Kanatlý Hayvan;117;46147;46113
Gaziantep;Ýslahiye;KAZ;Kanatlý Hayvan;762;35,7;46273
Gaziantep;Kargamýþ;KAZ;Kanatlý Hayvan;165;46210;46266
Gaziantep;Nizip;KAZ;Kanatlý Hayvan;213;10;46144
Gaziantep;Nurdaðý;KAZ;Kanatlý Hayvan;140;46179;46174
Gaziantep;Oðuzeli;KAZ;Kanatlý Hayvan;372;46129;46116
Gaziantep;Þahinbey;KAZ;Kanatlý Hayvan;516;46046;6
Gaziantep;Þehitkamil;KAZ;Kanatlý Hayvan;255;46276;3
Gaziantep;Yavuzeli;KAZ;Kanatlý Hayvan;160;46149;46266
Gaziantep;Araban;ÖRDEK;Kanatlý Hayvan;112;46058;46082
Gaziantep;Ýslahiye;ÖRDEK;Kanatlý Hayvan;1697;79,4;46284
Gaziantep;Kargamýþ;ÖRDEK;Kanatlý Hayvan;112;46058;46082
Gaziantep;Nizip;ÖRDEK;Kanatlý Hayvan;268;46154;46025
Gaziantep;Nurdaðý;ÖRDEK;Kanatlý Hayvan;160;46149;46266
Gaziantep;Oðuzeli;ÖRDEK;Kanatlý Hayvan;274;46246;46056
Gaziantep;Þahinbey;ÖRDEK;Kanatlý Hayvan;484;46225;46208
Gaziantep;Þehitkamil;ÖRDEK;Kanatlý Hayvan;85;4;1
Gaziantep;Yavuzeli;ÖRDEK;Kanatlý Hayvan;130;46028;46143
Gaziantep;Araban;YUMURTA TAVUÐU;Kanatlý Hayvan;15960;873,8;218,5
Gaziantep;Ýslahiye;YUMURTA TAVUÐU;Kanatlý Hayvan;44277;2424,2;606,2
Gaziantep;Kargamýþ;YUMURTA TAVUÐU;Kanatlý Hayvan;128200;7019;1755,1
Gaziantep;Nizip;YUMURTA TAVUÐU;Kanatlý Hayvan;91676;5019,3;1255
Gaziantep;Nurdaðý;YUMURTA TAVUÐU;Kanatlý Hayvan;26905;1473;368,3
Gaziantep;Oðuzeli;YUMURTA TAVUÐU;Kanatlý Hayvan;813620;44545,7;11138,4
Gaziantep;Þahinbey;YUMURTA TAVUÐU;Kanatlý Hayvan;91300;4998,7;1249,9
Gaziantep;Þehitkamil;YUMURTA TAVUÐU;Kanatlý Hayvan;2625545;143748,6;35943,6
Gaziantep;Yavuzeli;YUMURTA TAVUÐU;Kanatlý Hayvan;268000;14673;3668,9
Giresun;Alucra;AT;Büyükbaþ Hayvan;39;213,5;46023
Giresun;Bulancak;AT;Büyükbaþ Hayvan;17;93,1;0,5
Giresun;Çamoluk;AT;Büyükbaþ Hayvan;3;46128;0,1
Giresun;Çanakçý;AT;Büyükbaþ Hayvan;2;11;0,1
Giresun;Dereli;AT;Büyükbaþ Hayvan;66;361,4;46266
Giresun;Doðankent;AT;Büyükbaþ Hayvan;5;46139;0,1
Giresun;Espiye;AT;Büyükbaþ Hayvan;29;158,8;0,9
Giresun;Güce;AT;Büyükbaþ Hayvan;2;11;0,1
Giresun;Keþap;AT;Büyükbaþ Hayvan;9;49,3;0,3
Giresun;Merkez;AT;Büyükbaþ Hayvan;17;93,1;0,5
Giresun;Piraziz;AT;Büyükbaþ Hayvan;7;38,3;0,2
Giresun;Þ.Karahisar;AT;Büyükbaþ Hayvan;40;219;46054
Giresun;Tirebolu;AT;Büyükbaþ Hayvan;5;46139;0,1
Giresun;Alucra;EÞEK;Büyükbaþ Hayvan;25;68,4;0,2
Giresun;Bulancak;EÞEK;Büyükbaþ Hayvan;5;46216;0
Giresun;Çamoluk;EÞEK;Büyükbaþ Hayvan;20;54,8;0,2
Giresun;Dereli;EÞEK;Büyükbaþ Hayvan;18;49,3;0,2
Giresun;Merkez;EÞEK;Büyükbaþ Hayvan;3;46061;0
Giresun;Piraziz;EÞEK;Büyükbaþ Hayvan;1;46205;0
Giresun;Þ.Karahisar;EÞEK;Büyükbaþ Hayvan;31;84,9;0,3
Giresun;Alucra;KATIR;Büyükbaþ Hayvan;19;83,2;0,4
Giresun;Bulancak;KATIR;Büyükbaþ Hayvan;9;39,4;0,2
Giresun;Çamoluk;KATIR;Büyükbaþ Hayvan;10;43,8;0,2
Giresun;Çanakçý;KATIR;Büyükbaþ Hayvan;4;46159;0,1
Giresun;Dereli;KATIR;Büyükbaþ Hayvan;105;459,9;2
Giresun;Doðankent;KATIR;Büyükbaþ Hayvan;5;46286;0,1
Giresun;Espiye;KATIR;Büyükbaþ Hayvan;19;83,2;0,4
Giresun;Güce;KATIR;Büyükbaþ Hayvan;6;46107;0,1
Giresun;Keþap;KATIR;Büyükbaþ Hayvan;4;46159;0,1
Giresun;Merkez;KATIR;Büyükbaþ Hayvan;19;83,2;0,4
Giresun;Piraziz;KATIR;Büyükbaþ Hayvan;13;56,9;0,2
Giresun;Þ.Karahisar;KATIR;Büyükbaþ Hayvan;36;157,7;0,7
Giresun;Tirebolu;KATIR;Büyükbaþ Hayvan;10;43,8;0,2
Giresun;Alucra;MANDA;Büyükbaþ Hayvan;62;452,6;46115
Giresun;Bulancak;MANDA;Büyükbaþ Hayvan;375;2737,5;46162
Giresun;Dereli;MANDA;Büyükbaþ Hayvan;2422;17680,6;132,5
Giresun;Espiye;MANDA;Büyükbaþ Hayvan;305;2226,5;46219
Giresun;Güce;MANDA;Büyükbaþ Hayvan;12;87,6;0,7
Giresun;Keþap;MANDA;Büyükbaþ Hayvan;374;2730,2;46162
Giresun;Merkez;MANDA;Büyükbaþ Hayvan;334;2438,2;46099
Giresun;Piraziz;MANDA;Büyükbaþ Hayvan;21;153,3;46023
Giresun;Þ.Karahisar;MANDA;Büyükbaþ Hayvan;447;3263,1;46166
Giresun;Tirebolu;MANDA;Büyükbaþ Hayvan;9;65,7;0,5
Giresun;Yaðlýdere;MANDA;Büyükbaþ Hayvan;15;109,5;0,8
Giresun;Alucra;SIÐIR (KÜLTÜR);Büyükbaþ Hayvan;2428;22155,5;177,9
Giresun;Bulancak;SIÐIR (KÜLTÜR);Büyükbaþ Hayvan;2193;20011,1;160,7
Giresun;Çamoluk;SIÐIR (KÜLTÜR);Büyükbaþ Hayvan;1007;9188,9;73,8
Giresun;Çanakçý;SIÐIR (KÜLTÜR);Büyükbaþ Hayvan;212;1934,5;46157
Giresun;Doðankent;SIÐIR (KÜLTÜR);Büyükbaþ Hayvan;222;2025,8;46097
Giresun;Espiye;SIÐIR (KÜLTÜR);Büyükbaþ Hayvan;675;6159,4;49,5
Giresun;Eynesil;SIÐIR (KÜLTÜR);Büyükbaþ Hayvan;290;2646,3;46102
Giresun;Güce;SIÐIR (KÜLTÜR);Büyükbaþ Hayvan;187;1706,4;46216
Giresun;Keþap;SIÐIR (KÜLTÜR);Büyükbaþ Hayvan;1060;9672,5;77,7
Giresun;Merkez;SIÐIR (KÜLTÜR);Büyükbaþ Hayvan;2537;23150,1;185,9
Giresun;Piraziz;SIÐIR (KÜLTÜR);Büyükbaþ Hayvan;259;2363,4;19
Giresun;Þ.Karahisar;SIÐIR (KÜLTÜR);Büyükbaþ Hayvan;18676;170418,5;1368,5
Giresun;Tirebolu;SIÐIR (KÜLTÜR);Büyükbaþ Hayvan;280;2555;46162
Giresun;Yaðlýdere;SIÐIR (KÜLTÜR);Büyükbaþ Hayvan;936;8541;68,6
Giresun;Alucra;SIÐIR (MELEZ);Büyükbaþ Hayvan;3378;22193,5;142,6
Giresun;Bulancak;SIÐIR (MELEZ);Büyükbaþ Hayvan;5473;35957,6;231
Giresun;Çamoluk;SIÐIR (MELEZ);Büyükbaþ Hayvan;1873;12305,6;79,1
Giresun;Çanakçý;SIÐIR (MELEZ);Büyükbaþ Hayvan;1677;11017,9;70,8
Giresun;Dereli;SIÐIR (MELEZ);Büyükbaþ Hayvan;6188;40655,2;261,2
Giresun;Doðankent;SIÐIR (MELEZ);Büyükbaþ Hayvan;886;5821;37,4
Giresun;Espiye;SIÐIR (MELEZ);Büyükbaþ Hayvan;4796;31509,7;202,4
Giresun;Eynesil;SIÐIR (MELEZ);Büyükbaþ Hayvan;1242;8159,9;52,4
Giresun;Görele;SIÐIR (MELEZ);Büyükbaþ Hayvan;2045;13435,7;86,3
Giresun;Güce;SIÐIR (MELEZ);Büyükbaþ Hayvan;1495;9822,2;63,1
Giresun;Keþap;SIÐIR (MELEZ);Büyükbaþ Hayvan;1859;12213,6;78,5
Giresun;Merkez;SIÐIR (MELEZ);Büyükbaþ Hayvan;3241;21293,4;136,8
Giresun;Piraziz;SIÐIR (MELEZ);Büyükbaþ Hayvan;2258;14835,1;95,3
Giresun;Þ.Karahisar;SIÐIR (MELEZ);Büyükbaþ Hayvan;8390;55122,3;354,1
Giresun;Tirebolu;SIÐIR (MELEZ);Büyükbaþ Hayvan;3286;21589;138,7
Giresun;Yaðlýdere;SIÐIR (MELEZ);Büyükbaþ Hayvan;5548;36450,4;234,2
Giresun;Alucra;SIÐIR (YERLÝ);Büyükbaþ Hayvan;485;2655,4;46067
Giresun;Bulancak;SIÐIR (YERLÝ);Büyükbaþ Hayvan;5084;27834,9;149
Giresun;Çamoluk;SIÐIR (YERLÝ);Büyükbaþ Hayvan;15;82,1;0,4
Giresun;Çanakçý;SIÐIR (YERLÝ);Büyükbaþ Hayvan;57;312,1;46204
Giresun;Dereli;SIÐIR (YERLÝ);Büyükbaþ Hayvan;11852;64889,7;347,4
Giresun;Doðankent;SIÐIR (YERLÝ);Büyükbaþ Hayvan;137;750,1;4
Giresun;Espiye;SIÐIR (YERLÝ);Büyükbaþ Hayvan;1245;6816,4;36,5
Giresun;Eynesil;SIÐIR (YERLÝ);Büyükbaþ Hayvan;46;251,9;46082
Giresun;Görele;SIÐIR (YERLÝ);Büyükbaþ Hayvan;87;476,3;46175
Giresun;Güce;SIÐIR (YERLÝ);Büyükbaþ Hayvan;385;2107,9;46092
Giresun;Keþap;SIÐIR (YERLÝ);Büyükbaþ Hayvan;953;5217,7;46292
Giresun;Merkez;SIÐIR (YERLÝ);Büyükbaþ Hayvan;1552;8497,2;45,5
Giresun;Piraziz;SIÐIR (YERLÝ);Büyükbaþ Hayvan;294;1609,7;46181
Giresun;Þ.Karahisar;SIÐIR (YERLÝ);Büyükbaþ Hayvan;2;11;0,1
Giresun;Tirebolu;SIÐIR (YERLÝ);Büyükbaþ Hayvan;330;1806,8;46212
Giresun;Yaðlýdere;SIÐIR (YERLÝ);Büyükbaþ Hayvan;984;5387,4;46262
Giresun;Alucra;KEÇÝ (KIL);Küçükbaþ Hayvan;3388;2473,2;4
Giresun;Çamoluk;KEÇÝ (KIL);Küçükbaþ Hayvan;100;73;0,1
Giresun;Çanakçý;KEÇÝ (KIL);Küçükbaþ Hayvan;924;674,5;46023
Giresun;Dereli;KEÇÝ (KIL);Küçükbaþ Hayvan;120;87,6;0,1
Giresun;Doðankent;KEÇÝ (KIL);Küçükbaþ Hayvan;78;56,9;0,1
Giresun;Espiye;KEÇÝ (KIL);Küçükbaþ Hayvan;92;67,2;0,1
Giresun;Eynesil;KEÇÝ (KIL);Küçükbaþ Hayvan;197;143,8;0,2
Giresun;Görele;KEÇÝ (KIL);Küçükbaþ Hayvan;672;490,6;0,8
Giresun;Güce;KEÇÝ (KIL);Küçükbaþ Hayvan;6;46116;0
Giresun;Keþap;KEÇÝ (KIL);Küçükbaþ Hayvan;145;105,9;0,2
Giresun;Merkez;KEÇÝ (KIL);Küçükbaþ Hayvan;55;40,2;0,1
Giresun;Þ.Karahisar;KEÇÝ (KIL);Küçükbaþ Hayvan;16078;11736,9;46283
Giresun;Tirebolu;KEÇÝ (KIL);Küçükbaþ Hayvan;342;249,7;0,4
Giresun;Çamoluk;KEÇÝ (TÝFTÝK);Küçükbaþ Hayvan;145;105,9;0,2
Giresun;Güce;KOYUN (MERÝNOS);Küçükbaþ Hayvan;73;79,9;0,2
Giresun;Yaðlýdere;KOYUN (MERÝNOS);Küçükbaþ Hayvan;104;113,9;0,3
Giresun;Alucra;KOYUN (YERLÝ);Küçükbaþ Hayvan;2337;2559;46059
Giresun;Bulancak;KOYUN (YERLÝ);Küçükbaþ Hayvan;12600;13797;33,2
Giresun;Çamoluk;KOYUN (YERLÝ);Küçükbaþ Hayvan;2168;2374;46208
Giresun;Çanakçý;KOYUN (YERLÝ);Küçükbaþ Hayvan;1796;1966,6;46207
Giresun;Dereli;KOYUN (YERLÝ);Küçükbaþ Hayvan;13690;14990,6;36,1
Giresun;Doðankent;KOYUN (YERLÝ);Küçükbaþ Hayvan;869;951,6;46083
Giresun;Espiye;KOYUN (YERLÝ);Küçükbaþ Hayvan;2480;2715,6;46148
Giresun;Eynesil;KOYUN (YERLÝ);Küçükbaþ Hayvan;2109;2309,4;46178
Giresun;Görele;KOYUN (YERLÝ);Küçükbaþ Hayvan;4652;5093,9;46093
Giresun;Güce;KOYUN (YERLÝ);Küçükbaþ Hayvan;971;1063,2;46175
Giresun;Keþap;KOYUN (YERLÝ);Küçükbaþ Hayvan;4785;5239,6;46185
Giresun;Merkez;KOYUN (YERLÝ);Küçükbaþ Hayvan;6390;6997,1;46281
Giresun;Piraziz;KOYUN (YERLÝ);Küçükbaþ Hayvan;5994;6563,4;46249
Giresun;Þ.Karahisar;KOYUN (YERLÝ);Küçükbaþ Hayvan;10778;11801,9;46140
Giresun;Tirebolu;KOYUN (YERLÝ);Küçükbaþ Hayvan;5138;5626,1;46186
Giresun;Yaðlýdere;KOYUN (YERLÝ);Küçükbaþ Hayvan;6825;7473,4;18
Giresun;Alucra;ET TAVUÐU;Kanatlý Hayvan;0;0;0
Giresun;Bulancak;ET TAVUÐU;Kanatlý Hayvan;50000;1350;337,6
Giresun;Çamoluk;ET TAVUÐU;Kanatlý Hayvan;0;0;0
Giresun;Çanakçý;ET TAVUÐU;Kanatlý Hayvan;0;0;0
Giresun;Dereli;ET TAVUÐU;Kanatlý Hayvan;0;0;0
Giresun;Doðankent;ET TAVUÐU;Kanatlý Hayvan;0;0;0
Giresun;Espiye;ET TAVUÐU;Kanatlý Hayvan;0;0;0
Giresun;Eynesil;ET TAVUÐU;Kanatlý Hayvan;0;0;0
Giresun;Görele;ET TAVUÐU;Kanatlý Hayvan;0;0;0
Giresun;Keþap;ET TAVUÐU;Kanatlý Hayvan;0;0;0
Giresun;Piraziz;ET TAVUÐU;Kanatlý Hayvan;0;0;0
Giresun;Þ.Karahisar;ET TAVUÐU;Kanatlý Hayvan;0;0;0
Giresun;Tirebolu;ET TAVUÐU;Kanatlý Hayvan;0;0;0
Giresun;Yaðlýdere;ET TAVUÐU;Kanatlý Hayvan;0;0;0
Giresun;Alucra;HÝNDÝ;Kanatlý Hayvan;65;46114;0,6
Giresun;Çamoluk;HÝNDÝ;Kanatlý Hayvan;50;46266;0,5
Giresun;Çanakçý;HÝNDÝ;Kanatlý Hayvan;0;0;0
Giresun;Dereli;HÝNDÝ;Kanatlý Hayvan;58;46055;0,5
Giresun;Doðankent;HÝNDÝ;Kanatlý Hayvan;0;0;0
Giresun;Espiye;HÝNDÝ;Kanatlý Hayvan;0;0;0
Giresun;Eynesil;HÝNDÝ;Kanatlý Hayvan;0;0;0
Giresun;Görele;HÝNDÝ;Kanatlý Hayvan;0;0;0
Giresun;Keþap;HÝNDÝ;Kanatlý Hayvan;0;0;0
Giresun;Piraziz;HÝNDÝ;Kanatlý Hayvan;0;0;0
Giresun;Þ.Karahisar;HÝNDÝ;Kanatlý Hayvan;500;46252;46207
Giresun;Tirebolu;HÝNDÝ;Kanatlý Hayvan;0;0;0
Giresun;Yaðlýdere;HÝNDÝ;Kanatlý Hayvan;0;0;0
Giresun;Alucra;KAZ;Kanatlý Hayvan;20;0,9;0,2
Giresun;Çamoluk;KAZ;Kanatlý Hayvan;56;46175;0,7
Giresun;Çanakçý;KAZ;Kanatlý Hayvan;0;0;0
Giresun;Dereli;KAZ;Kanatlý Hayvan;51;46114;0,6
Giresun;Doðankent;KAZ;Kanatlý Hayvan;0;0;0
Giresun;Espiye;KAZ;Kanatlý Hayvan;0;0;0
Giresun;Eynesil;KAZ;Kanatlý Hayvan;0;0;0
Giresun;Görele;KAZ;Kanatlý Hayvan;0;0;0
Giresun;Keþap;KAZ;Kanatlý Hayvan;16;0,7;0,2
Giresun;Piraziz;KAZ;Kanatlý Hayvan;0;0;0
Giresun;Þ.Karahisar;KAZ;Kanatlý Hayvan;90;46057;46023
Giresun;Tirebolu;KAZ;Kanatlý Hayvan;0;0;0
Giresun;Yaðlýdere;KAZ;Kanatlý Hayvan;0;0;0
Giresun;Alucra;ÖRDEK;Kanatlý Hayvan;7;0,3;0,1
Giresun;Çamoluk;ÖRDEK;Kanatlý Hayvan;17;0,8;0,2
Giresun;Çanakçý;ÖRDEK;Kanatlý Hayvan;0;0;0
Giresun;Dereli;ÖRDEK;Kanatlý Hayvan;73;46115;0,9
Giresun;Doðankent;ÖRDEK;Kanatlý Hayvan;0;0;0
Giresun;Espiye;ÖRDEK;Kanatlý Hayvan;0;0;0
Giresun;Eynesil;ÖRDEK;Kanatlý Hayvan;0;0;0
Giresun;Görele;ÖRDEK;Kanatlý Hayvan;0;0;0
Giresun;Keþap;ÖRDEK;Kanatlý Hayvan;22;1;0,3
Giresun;Piraziz;ÖRDEK;Kanatlý Hayvan;0;0;0
Giresun;Þ.Karahisar;ÖRDEK;Kanatlý Hayvan;80;46206;0,9
Giresun;Tirebolu;ÖRDEK;Kanatlý Hayvan;0;0;0
Giresun;Yaðlýdere;ÖRDEK;Kanatlý Hayvan;0;0;0
Giresun;Alucra;YUMURTA TAVUÐU;Kanatlý Hayvan;2300;125,9;46173
Giresun;Bulancak;YUMURTA TAVUÐU;Kanatlý Hayvan;6420;351,5;87,9
Giresun;Çamoluk;YUMURTA TAVUÐU;Kanatlý Hayvan;174;46151;46114
Giresun;Çanakçý;YUMURTA TAVUÐU;Kanatlý Hayvan;1500;82,1;46162
Giresun;Dereli;YUMURTA TAVUÐU;Kanatlý Hayvan;5196;284,5;71,1
Giresun;Doðankent;YUMURTA TAVUÐU;Kanatlý Hayvan;1050;57,5;46126
Giresun;Espiye;YUMURTA TAVUÐU;Kanatlý Hayvan;1650;90,3;46195
Giresun;Eynesil;YUMURTA TAVUÐU;Kanatlý Hayvan;1550;84,9;46074
Giresun;Görele;YUMURTA TAVUÐU;Kanatlý Hayvan;1050;57,5;46126
Giresun;Güce;YUMURTA TAVUÐU;Kanatlý Hayvan;430;46165;46270
Giresun;Keþap;YUMURTA TAVUÐU;Kanatlý Hayvan;2310;126,5;31,6
Giresun;Merkez;YUMURTA TAVUÐU;Kanatlý Hayvan;4700;257,3;64,3
Giresun;Piraziz;YUMURTA TAVUÐU;Kanatlý Hayvan;1200;65,7;46128
Giresun;Þ.Karahisar;YUMURTA TAVUÐU;Kanatlý Hayvan;2800;153,3;38,3
Giresun;Tirebolu;YUMURTA TAVUÐU;Kanatlý Hayvan;1970;107,9;27
Giresun;Yaðlýdere;YUMURTA TAVUÐU;Kanatlý Hayvan;2700;147,8;37
Gümüþhane;Kelkit;AT;Büyükbaþ Hayvan;19;104;0,6
Gümüþhane;Köse;AT;Büyükbaþ Hayvan;6;32,9;0,2
Gümüþhane;Kürtün;AT;Büyükbaþ Hayvan;30;164,3;0,9
Gümüþhane;Merkez;AT;Büyükbaþ Hayvan;60;328,5;46235
Gümüþhane;Þiran;AT;Büyükbaþ Hayvan;80;438;46083
Gümüþhane;Torul;AT;Büyükbaþ Hayvan;15;82,1;0,4
Gümüþhane;Kelkit;EÞEK;Büyükbaþ Hayvan;17;46,5;0,1
Gümüþhane;Köse;EÞEK;Büyükbaþ Hayvan;14;38,3;0,1
Gümüþhane;Kürtün;EÞEK;Büyükbaþ Hayvan;17;46,5;0,1
Gümüþhane;Merkez;EÞEK;Büyükbaþ Hayvan;25;68,4;0,2
Gümüþhane;Þiran;EÞEK;Büyükbaþ Hayvan;17;46,5;0,1
Gümüþhane;Torul;EÞEK;Büyükbaþ Hayvan;48;131,4;0,4
Gümüþhane;Kürtün;KATIR;Büyükbaþ Hayvan;44;192,7;0,8
Gümüþhane;Merkez;KATIR;Büyükbaþ Hayvan;55;240,9;1
Gümüþhane;Torul;KATIR;Büyükbaþ Hayvan;82;359,2;46143
Gümüþhane;Kelkit;MANDA;Büyükbaþ Hayvan;142;1036,6;46241
Gümüþhane;Köse;MANDA;Büyükbaþ Hayvan;4;29,2;0,2
Gümüþhane;Merkez;MANDA;Büyükbaþ Hayvan;2;46187;0,1
Gümüþhane;Þiran;MANDA;Büyükbaþ Hayvan;63;459,9;46115
Gümüþhane;Kelkit;SIÐIR (KÜLTÜR);Büyükbaþ Hayvan;17634;160910,3;1292,1
Gümüþhane;Köse;SIÐIR (KÜLTÜR);Büyükbaþ Hayvan;3081;28114,1;225,8
Gümüþhane;Kürtün;SIÐIR (KÜLTÜR);Büyükbaþ Hayvan;195;1779,4;46095
Gümüþhane;Merkez;SIÐIR (KÜLTÜR);Büyükbaþ Hayvan;1872;17082;137,2
Gümüþhane;Þiran;SIÐIR (KÜLTÜR);Büyükbaþ Hayvan;13148;119975,5;963,4
Gümüþhane;Torul;SIÐIR (KÜLTÜR);Büyükbaþ Hayvan;831;7582,9;60,9
Gümüþhane;Kelkit;SIÐIR (MELEZ);Büyükbaþ Hayvan;14951;98228,1;631
Gümüþhane;Köse;SIÐIR (MELEZ);Büyükbaþ Hayvan;3440;22600,8;145,2
Gümüþhane;Kürtün;SIÐIR (MELEZ);Büyükbaþ Hayvan;3010;19775,7;127
Gümüþhane;Merkez;SIÐIR (MELEZ);Büyükbaþ Hayvan;6079;39939;256,6
Gümüþhane;Þiran;SIÐIR (MELEZ);Büyükbaþ Hayvan;3548;23310,4;149,8
Gümüþhane;Torul;SIÐIR (MELEZ);Büyükbaþ Hayvan;6687;43933,6;282,2
Gümüþhane;Kelkit;SIÐIR (YERLÝ);Büyükbaþ Hayvan;723;3958,4;46074
Gümüþhane;Köse;SIÐIR (YERLÝ);Büyükbaþ Hayvan;213;1166,2;46059
Gümüþhane;Kürtün;SIÐIR (YERLÝ);Büyükbaþ Hayvan;5298;29006,6;155,3
Gümüþhane;Merkez;SIÐIR (YERLÝ);Büyükbaþ Hayvan;697;3816,1;46132
Gümüþhane;Þiran;SIÐIR (YERLÝ);Büyükbaþ Hayvan;102;558,5;3
Gümüþhane;Torul;SIÐIR (YERLÝ);Büyükbaþ Hayvan;482;2639;46036
Gümüþhane;Kelkit;KEÇÝ (KIL);Küçükbaþ Hayvan;2650;1934,5;46025
Gümüþhane;Köse;KEÇÝ (KIL);Küçükbaþ Hayvan;105;76,7;0,1
Gümüþhane;Kürtün;KEÇÝ (KIL);Küçükbaþ Hayvan;150;109,5;0,2
Gümüþhane;Merkez;KEÇÝ (KIL);Küçükbaþ Hayvan;2227;1625,7;46175
Gümüþhane;Þiran;KEÇÝ (KIL);Küçükbaþ Hayvan;370;270,1;0,4
Gümüþhane;Torul;KEÇÝ (KIL);Küçükbaþ Hayvan;500;365;0,6
Gümüþhane;Kelkit;KOYUN (MERÝNOS);Küçükbaþ Hayvan;703;769,8;46266
Gümüþhane;Köse;KOYUN (MERÝNOS);Küçükbaþ Hayvan;538;589,1;46113
Gümüþhane;Merkez;KOYUN (MERÝNOS);Küçükbaþ Hayvan;412;451,1;46023
Gümüþhane;Þiran;KOYUN (MERÝNOS);Küçükbaþ Hayvan;419;458,8;46023
Gümüþhane;Torul;KOYUN (MERÝNOS);Küçükbaþ Hayvan;33;36,1;0,1
Gümüþhane;Kelkit;KOYUN (YERLÝ);Küçükbaþ Hayvan;7496;8208,1;46253
Gümüþhane;Köse;KOYUN (YERLÝ);Küçükbaþ Hayvan;917;1004,1;46114
Gümüþhane;Kürtün;KOYUN (YERLÝ);Küçükbaþ Hayvan;1746;1911,9;46177
Gümüþhane;Merkez;KOYUN (YERLÝ);Küçükbaþ Hayvan;7992;8751,2;46043
Gümüþhane;Þiran;KOYUN (YERLÝ);Küçükbaþ Hayvan;8331;9122,4;22
Gümüþhane;Torul;KOYUN (YERLÝ);Küçükbaþ Hayvan;2750;3011,3;46088
Gümüþhane;Kelkit;ET TAVUÐU;Kanatlý Hayvan;;0;0
Gümüþhane;Köse;ET TAVUÐU;Kanatlý Hayvan;;0;0
Gümüþhane;Kürtün;ET TAVUÐU;Kanatlý Hayvan;;0;0
Gümüþhane;Merkez;ET TAVUÐU;Kanatlý Hayvan;;0;0
Gümüþhane;Þiran;ET TAVUÐU;Kanatlý Hayvan;;0;0
Gümüþhane;Torul;ET TAVUÐU;Kanatlý Hayvan;;0;0
Gümüþhane;Kelkit;HÝNDÝ;Kanatlý Hayvan;110;46026;1
Gümüþhane;Köse;HÝNDÝ;Kanatlý Hayvan;221;46089;46024
Gümüþhane;Kürtün;HÝNDÝ;Kanatlý Hayvan;15;0,6;0,1
Gümüþhane;Merkez;HÝNDÝ;Kanatlý Hayvan;56;46024;0,5
Gümüþhane;Þiran;HÝNDÝ;Kanatlý Hayvan;65;46114;0,6
Gümüþhane;Torul;HÝNDÝ;Kanatlý Hayvan;25;0,9;0,2
Gümüþhane;Kelkit;KAZ;Kanatlý Hayvan;150;7;46235
Gümüþhane;Köse;KAZ;Kanatlý Hayvan;168;46272;2
Gümüþhane;Kürtün;KAZ;Kanatlý Hayvan;8;0,4;0,1
Gümüþhane;Merkez;KAZ;Kanatlý Hayvan;56;46175;0,7
Gümüþhane;Þiran;KAZ;Kanatlý Hayvan;54;46144;0,6
Gümüþhane;Torul;KAZ;Kanatlý Hayvan;24;46023;0,3
Gümüþhane;Kelkit;ÖRDEK;Kanatlý Hayvan;85;4;1
Gümüþhane;Köse;ÖRDEK;Kanatlý Hayvan;123;46239;46113
Gümüþhane;Kürtün;ÖRDEK;Kanatlý Hayvan;10;0,5;0,1
Gümüþhane;Merkez;ÖRDEK;Kanatlý Hayvan;94;46116;46023
Gümüþhane;Þiran;ÖRDEK;Kanatlý Hayvan;47;46055;0,5
Gümüþhane;Torul;ÖRDEK;Kanatlý Hayvan;30;46113;0,4
Gümüþhane;Kelkit;YUMURTA TAVUÐU;Kanatlý Hayvan;8750;479,1;119,8
Gümüþhane;Köse;YUMURTA TAVUÐU;Kanatlý Hayvan;4480;245,3;61,3
Gümüþhane;Kürtün;YUMURTA TAVUÐU;Kanatlý Hayvan;718;39,3;46243
Gümüþhane;Merkez;YUMURTA TAVUÐU;Kanatlý Hayvan;78000;4270,5;1067,8
Gümüþhane;Þiran;YUMURTA TAVUÐU;Kanatlý Hayvan;11464;627,7;156,9
Gümüþhane;Torul;YUMURTA TAVUÐU;Kanatlý Hayvan;2930;160,4;40,1
Hakkari;Çukurca;AT;Büyükbaþ Hayvan;41;224,5;46054
Hakkari;Merkez;AT;Büyükbaþ Hayvan;310;1697,3;46031
Hakkari;Þemdinli;AT;Büyükbaþ Hayvan;394;2157,2;46153
Hakkari;Yüksekova;AT;Büyükbaþ Hayvan;530;2901,8;46157
Hakkari;Çukurca;EÞEK;Büyükbaþ Hayvan;55;150,6;0,5
Hakkari;Merkez;EÞEK;Büyükbaþ Hayvan;73;199,8;0,6
Hakkari;Þemdinli;EÞEK;Büyükbaþ Hayvan;137;375;46054
Hakkari;Yüksekova;EÞEK;Büyükbaþ Hayvan;186;509,2;46174
Hakkari;Çukurca;KATIR;Büyükbaþ Hayvan;157;687,7;46267
Hakkari;Merkez;KATIR;Büyükbaþ Hayvan;105;459,9;2
Hakkari;Þemdinli;KATIR;Büyükbaþ Hayvan;254;1112,5;46238
Hakkari;Yüksekova;KATIR;Büyükbaþ Hayvan;84;367,9;46174
Hakkari;Yüksekova;MANDA;Büyükbaþ Hayvan;309;2255,7;46281
Hakkari;Çukurca;SIÐIR (KÜLTÜR);Büyükbaþ Hayvan;20;182,5;46143
Hakkari;Merkez;SIÐIR (KÜLTÜR);Büyükbaþ Hayvan;1002;9143,3;73,4
Hakkari;Þemdinli;SIÐIR (KÜLTÜR);Büyükbaþ Hayvan;525;4790,6;38,5
Hakkari;Yüksekova;SIÐIR (KÜLTÜR);Büyükbaþ Hayvan;1856;16936;136
Hakkari;Çukurca;SIÐIR (MELEZ);Büyükbaþ Hayvan;350;2299,5;46248
Hakkari;Merkez;SIÐIR (MELEZ);Büyükbaþ Hayvan;2673;17561,6;112,8
Hakkari;Þemdinli;SIÐIR (MELEZ);Büyükbaþ Hayvan;4540;29827,8;191,6
Hakkari;Yüksekova;SIÐIR (MELEZ);Büyükbaþ Hayvan;20847;136964,8;879,9
Hakkari;Çukurca;SIÐIR (YERLÝ);Büyükbaþ Hayvan;862;4719,5;46106
Hakkari;Merkez;SIÐIR (YERLÝ);Büyükbaþ Hayvan;893;4889,2;46079
Hakkari;Þemdinli;SIÐIR (YERLÝ);Büyükbaþ Hayvan;5465;29920,9;160,2
Hakkari;Yüksekova;SIÐIR (YERLÝ);Büyükbaþ Hayvan;5101;27928;149,5
Hakkari;Çukurca;KEÇÝ (KIL);Küçükbaþ Hayvan;11342;8279,7;46094
Hakkari;Merkez;KEÇÝ (KIL);Küçükbaþ Hayvan;41339;30177,5;48,5
Hakkari;Þemdinli;KEÇÝ (KIL);Küçükbaþ Hayvan;40476;29547,5;47,5
Hakkari;Yüksekova;KEÇÝ (KIL);Küçükbaþ Hayvan;55762;40706,3;65,4
Hakkari;Çukurca;KOYUN (YERLÝ);Küçükbaþ Hayvan;7685;8415,1;46101
Hakkari;Merkez;KOYUN (YERLÝ);Küçükbaþ Hayvan;145017;158793,6;382,5
Hakkari;Þemdinli;KOYUN (YERLÝ);Küçükbaþ Hayvan;60348;66081,1;159,2
Hakkari;Yüksekova;KOYUN (YERLÝ);Küçükbaþ Hayvan;306072;335148,8;807,4
Hakkari;Þemdinli;ET TAVUÐU;Kanatlý Hayvan;0;0;0
Hakkari;Yüksekova;ET TAVUÐU;Kanatlý Hayvan;0;0;0
Hakkari;Çukurca;HÝNDÝ;Kanatlý Hayvan;0;0;0
Hakkari;Merkez;HÝNDÝ;Kanatlý Hayvan;1000;37,5;46121
Hakkari;Þemdinli;HÝNDÝ;Kanatlý Hayvan;610;46287;46208
Hakkari;Yüksekova;HÝNDÝ;Kanatlý Hayvan;2975;111,6;46292
Hakkari;Çukurca;KAZ;Kanatlý Hayvan;0;0;0
Hakkari;Merkez;KAZ;Kanatlý Hayvan;50;46083;0,6
Hakkari;Þemdinli;KAZ;Kanatlý Hayvan;65;3;0,8
Hakkari;Yüksekova;KAZ;Kanatlý Hayvan;503;46165;46270
Hakkari;Çukurca;ÖRDEK;Kanatlý Hayvan;0;0;0
Hakkari;Merkez;ÖRDEK;Kanatlý Hayvan;40;46266;0,5
Hakkari;Þemdinli;ÖRDEK;Kanatlý Hayvan;153;46060;46235
Hakkari;Yüksekova;ÖRDEK;Kanatlý Hayvan;1336;62,5;46188
Hakkari;Çukurca;YUMURTA TAVUÐU;Kanatlý Hayvan;2210;121;46111
Hakkari;Merkez;YUMURTA TAVUÐU;Kanatlý Hayvan;20530;1124;281,1
Hakkari;Þemdinli;YUMURTA TAVUÐU;Kanatlý Hayvan;16120;882,6;220,7
Hakkari;Yüksekova;YUMURTA TAVUÐU;Kanatlý Hayvan;21945;1201,5;300,4
Hatay;Altýnözü;AT;Büyükbaþ Hayvan;135;739,1;4
Hatay;Antakya;AT;Büyükbaþ Hayvan;122;668;46176
Hatay;Arsuz;AT;Büyükbaþ Hayvan;15;82,1;0,4
Hatay;Belen;AT;Büyükbaþ Hayvan;13;71,2;0,4
Hatay;Defne;AT;Büyükbaþ Hayvan;45;246,4;46082
Hatay;Dörtyol;AT;Büyükbaþ Hayvan;49;268,3;46113
Hatay;Erzin;AT;Büyükbaþ Hayvan;9;49,3;0,3
Hatay;Hassa;AT;Büyükbaþ Hayvan;102;558,5;3
Hatay;Ýskenderun;AT;Büyükbaþ Hayvan;6;32,9;0,2
Hatay;Kýrýkhan;AT;Büyükbaþ Hayvan;58;317,6;46204
Hatay;Kumlu;AT;Büyükbaþ Hayvan;18;98,6;0,5
Hatay;Payas;AT;Büyükbaþ Hayvan;5;46139;0,1
Hatay;Reyhanlý;AT;Büyükbaþ Hayvan;210;1149,8;46059
Hatay;Samandað;AT;Büyükbaþ Hayvan;285;1560,4;46120
Hatay;Yayladaðý;AT;Büyükbaþ Hayvan;162;887;46207
Hatay;Altýnözü;EÞEK;Büyükbaþ Hayvan;95;260,1;0,8
Hatay;Antakya;EÞEK;Büyükbaþ Hayvan;50;136,9;0,4
Hatay;Arsuz;EÞEK;Büyükbaþ Hayvan;15;41,1;0,1
Hatay;Belen;EÞEK;Büyükbaþ Hayvan;21;57,5;0,2
Hatay;Defne;EÞEK;Büyükbaþ Hayvan;56;153,3;0,5
Hatay;Dörtyol;EÞEK;Büyükbaþ Hayvan;12;32,9;0,1
Hatay;Hassa;EÞEK;Büyükbaþ Hayvan;77;210,8;0,7
Hatay;Ýskenderun;EÞEK;Büyükbaþ Hayvan;1;46205;0
Hatay;Kýrýkhan;EÞEK;Büyükbaþ Hayvan;93;254,6;0,8
Hatay;Kumlu;EÞEK;Büyükbaþ Hayvan;24;65,7;0,2
Hatay;Payas;EÞEK;Büyükbaþ Hayvan;2;46147;0
Hatay;Reyhanlý;EÞEK;Büyükbaþ Hayvan;135;369,6;46054
Hatay;Samandað;EÞEK;Büyükbaþ Hayvan;535;1464,6;46207
Hatay;Yayladaðý;EÞEK;Büyükbaþ Hayvan;384;1051,2;46115
Hatay;Altýnözü;KATIR;Büyükbaþ Hayvan;90;394,2;46204
Hatay;Antakya;KATIR;Büyükbaþ Hayvan;14;61,3;0,3
Hatay;Belen;KATIR;Büyükbaþ Hayvan;7;46233;0,1
Hatay;Defne;KATIR;Büyükbaþ Hayvan;13;56,9;0,2
Hatay;Dörtyol;KATIR;Büyükbaþ Hayvan;9;39,4;0,2
Hatay;Hassa;KATIR;Büyükbaþ Hayvan;33;144,5;0,6
Hatay;Kýrýkhan;KATIR;Büyükbaþ Hayvan;4;46159;0,1
Hatay;Payas;KATIR;Büyükbaþ Hayvan;2;46242;0
Hatay;Samandað;KATIR;Büyükbaþ Hayvan;16;70,1;0,3
Hatay;Yayladaðý;KATIR;Büyükbaþ Hayvan;50;219;0,9
Hatay;Antakya;MANDA;Büyükbaþ Hayvan;51;372,3;46236
Hatay;Arsuz;MANDA;Büyükbaþ Hayvan;2;46187;0,1
Hatay;Defne;MANDA;Büyükbaþ Hayvan;10;73;0,5
Hatay;Hassa;MANDA;Büyükbaþ Hayvan;43;313,9;46114
Hatay;Kýrýkhan;MANDA;Büyükbaþ Hayvan;645;4708,5;35,3
Hatay;Reyhanlý;MANDA;Büyükbaþ Hayvan;57;416,1;46025
Hatay;Samandað;MANDA;Büyükbaþ Hayvan;50;365;46205
Hatay;Altýnözü;SIÐIR (KÜLTÜR);Büyükbaþ Hayvan;10495;95766,9;769
Hatay;Antakya;SIÐIR (KÜLTÜR);Büyükbaþ Hayvan;21085;192400,6;1545
Hatay;Arsuz;SIÐIR (KÜLTÜR);Büyükbaþ Hayvan;11512;105047;843,6
Hatay;Belen;SIÐIR (KÜLTÜR);Büyükbaþ Hayvan;1931;17620,4;141,5
Hatay;Defne;SIÐIR (KÜLTÜR);Büyükbaþ Hayvan;9980;91067,5;731,3
Hatay;Hassa;SIÐIR (KÜLTÜR);Büyükbaþ Hayvan;7672;70007;562,2
Hatay;Ýskenderun;SIÐIR (KÜLTÜR);Büyükbaþ Hayvan;103;939,9;46149
Hatay;Kýrýkhan;SIÐIR (KÜLTÜR);Büyükbaþ Hayvan;4918;44876,8;360,4
Hatay;Kumlu;SIÐIR (KÜLTÜR);Büyükbaþ Hayvan;2005;18295,6;146,9
Hatay;Payas;SIÐIR (KÜLTÜR);Büyükbaþ Hayvan;584;5329;42,8
Hatay;Reyhanlý;SIÐIR (KÜLTÜR);Büyükbaþ Hayvan;6800;62050;498,3
Hatay;Samandað;SIÐIR (KÜLTÜR);Büyükbaþ Hayvan;12331;112520,4;903,6
Hatay;Yayladaðý;SIÐIR (KÜLTÜR);Büyükbaþ Hayvan;9831;89707,9;720,4
Hatay;Altýnözü;SIÐIR (MELEZ);Büyükbaþ Hayvan;2010;13205,7;84,8
Hatay;Antakya;SIÐIR (MELEZ);Büyükbaþ Hayvan;7100;46647;299,7
Hatay;Arsuz;SIÐIR (MELEZ);Büyükbaþ Hayvan;1635;10742;69
Hatay;Belen;SIÐIR (MELEZ);Büyükbaþ Hayvan;242;1589,9;46063
Hatay;Defne;SIÐIR (MELEZ);Büyükbaþ Hayvan;3040;19972,8;128,3
Hatay;Dörtyol;SIÐIR (MELEZ);Büyükbaþ Hayvan;3762;24716,3;158,8
Hatay;Erzin;SIÐIR (MELEZ);Büyükbaþ Hayvan;3171;20833,5;133,8
Hatay;Hassa;SIÐIR (MELEZ);Büyükbaþ Hayvan;992;6517,4;41,9
Hatay;Ýskenderun;SIÐIR (MELEZ);Büyükbaþ Hayvan;2684;17633,9;113,3
Hatay;Kýrýkhan;SIÐIR (MELEZ);Büyükbaþ Hayvan;5969;39216,3;251,9
Hatay;Kumlu;SIÐIR (MELEZ);Büyükbaþ Hayvan;2121;13935;89,5
Hatay;Payas;SIÐIR (MELEZ);Büyükbaþ Hayvan;929;6103,5;39,2
Hatay;Reyhanlý;SIÐIR (MELEZ);Büyükbaþ Hayvan;3085;20268,5;130,2
Hatay;Samandað;SIÐIR (MELEZ);Büyükbaþ Hayvan;6567;43145,2;277,2
Hatay;Yayladaðý;SIÐIR (MELEZ);Büyükbaþ Hayvan;2452;16109,6;103,5
Hatay;Altýnözü;SIÐIR (YERLÝ);Büyükbaþ Hayvan;53;290,2;46174
Hatay;Antakya;SIÐIR (YERLÝ);Büyükbaþ Hayvan;1560;8541;45,7
Hatay;Arsuz;SIÐIR (YERLÝ);Büyükbaþ Hayvan;178;974,6;46058
Hatay;Belen;SIÐIR (YERLÝ);Büyükbaþ Hayvan;13;71,2;0,4
Hatay;Defne;SIÐIR (YERLÝ);Büyükbaþ Hayvan;630;3449,3;46160
Hatay;Dörtyol;SIÐIR (YERLÝ);Büyükbaþ Hayvan;116;635,1;46115
Hatay;Hassa;SIÐIR (YERLÝ);Büyükbaþ Hayvan;555;3038,6;46097
Hatay;Kýrýkhan;SIÐIR (YERLÝ);Büyükbaþ Hayvan;2619;14339;76,8
Hatay;Kumlu;SIÐIR (YERLÝ);Büyükbaþ Hayvan;832;4555,2;46136
Hatay;Payas;SIÐIR (YERLÝ);Büyükbaþ Hayvan;712;3898,2;46285
Hatay;Reyhanlý;SIÐIR (YERLÝ);Büyükbaþ Hayvan;176;963,6;46058
Hatay;Samandað;SIÐIR (YERLÝ);Büyükbaþ Hayvan;667;3651,8;46192
Hatay;Yayladaðý;SIÐIR (YERLÝ);Büyükbaþ Hayvan;407;2228,3;46276
Hatay;Altýnözü;KEÇÝ (KIL);Küçükbaþ Hayvan;5000;3650;46270
Hatay;Antakya;KEÇÝ (KIL);Küçükbaþ Hayvan;5060;3693,8;46270
Hatay;Arsuz;KEÇÝ (KIL);Küçükbaþ Hayvan;345;251,9;0,4
Hatay;Belen;KEÇÝ (KIL);Küçükbaþ Hayvan;9301;6789,7;46275
Hatay;Defne;KEÇÝ (KIL);Küçükbaþ Hayvan;454;331,4;0,5
Hatay;Dörtyol;KEÇÝ (KIL);Küçükbaþ Hayvan;1916;1398,7;46055
Hatay;Erzin;KEÇÝ (KIL);Küçükbaþ Hayvan;4219;3079,9;46269
Hatay;Hassa;KEÇÝ (KIL);Küçükbaþ Hayvan;38581;28164,1;45,2
Hatay;Ýskenderun;KEÇÝ (KIL);Küçükbaþ Hayvan;1700;1241;2
Hatay;Kýrýkhan;KEÇÝ (KIL);Küçükbaþ Hayvan;44214;32276,2;51,8
Hatay;Kumlu;KEÇÝ (KIL);Küçükbaþ Hayvan;8257;6027,6;46212
Hatay;Payas;KEÇÝ (KIL);Küçükbaþ Hayvan;1986;1449,8;46083
Hatay;Reyhanlý;KEÇÝ (KIL);Küçükbaþ Hayvan;13660;9971,8;16
Hatay;Samandað;KEÇÝ (KIL);Küçükbaþ Hayvan;977;713,2;46023
Hatay;Yayladaðý;KEÇÝ (KIL);Küçükbaþ Hayvan;25018;18263,1;46110
Hatay;Altýnözü;KOYUN (MERÝNOS);Küçükbaþ Hayvan;470;514,7;46054
Hatay;Arsuz;KOYUN (MERÝNOS);Küçükbaþ Hayvan;550;602,3;46143
Hatay;Belen;KOYUN (MERÝNOS);Küçükbaþ Hayvan;197;215,7;0,5
Hatay;Defne;KOYUN (MERÝNOS);Küçükbaþ Hayvan;189;207;0,5
Hatay;Dörtyol;KOYUN (MERÝNOS);Küçükbaþ Hayvan;80;87,6;0,2
Hatay;Hassa;KOYUN (MERÝNOS);Küçükbaþ Hayvan;622;681,1;46174
Hatay;Kumlu;KOYUN (MERÝNOS);Küçükbaþ Hayvan;252;275,9;0,7
Hatay;Payas;KOYUN (MERÝNOS);Küçükbaþ Hayvan;132;144,5;0,3
Hatay;Reyhanlý;KOYUN (MERÝNOS);Küçükbaþ Hayvan;558;611;46143
Hatay;Samandað;KOYUN (MERÝNOS);Küçükbaþ Hayvan;215;235,4;0,6
Hatay;Yayladaðý;KOYUN (MERÝNOS);Küçükbaþ Hayvan;1246;1364,4;46084
Hatay;Altýnözü;KOYUN (YERLÝ);Küçükbaþ Hayvan;5530;6055,4;46187
Hatay;Antakya;KOYUN (YERLÝ);Küçükbaþ Hayvan;14250;15603,8;37,6
Hatay;Arsuz;KOYUN (YERLÝ);Küçükbaþ Hayvan;5760;6307,2;46068
Hatay;Belen;KOYUN (YERLÝ);Küçükbaþ Hayvan;9548;10455,1;46078
Hatay;Defne;KOYUN (YERLÝ);Küçükbaþ Hayvan;3124;3420,8;46061
Hatay;Dörtyol;KOYUN (YERLÝ);Küçükbaþ Hayvan;6027;6599,6;46280
Hatay;Erzin;KOYUN (YERLÝ);Küçükbaþ Hayvan;9865;10802,2;26
Hatay;Hassa;KOYUN (YERLÝ);Küçükbaþ Hayvan;47726;52260;125,9
Hatay;Ýskenderun;KOYUN (YERLÝ);Küçükbaþ Hayvan;2750;3011,3;46088
Hatay;Kýrýkhan;KOYUN (YERLÝ);Küçükbaþ Hayvan;62490;68426,6;164,8
Hatay;Kumlu;KOYUN (YERLÝ);Küçükbaþ Hayvan;25725;28168,9;67,9
Hatay;Payas;KOYUN (YERLÝ);Küçükbaþ Hayvan;2293;2510,8;6
Hatay;Reyhanlý;KOYUN (YERLÝ);Küçükbaþ Hayvan;27700;30331,5;73,1
Hatay;Samandað;KOYUN (YERLÝ);Küçükbaþ Hayvan;1412;1546,1;46206
Hatay;Yayladaðý;KOYUN (YERLÝ);Küçükbaþ Hayvan;7561;8279,3;46284
Hatay;Altýnözü;ET TAVUÐU;Kanatlý Hayvan;0;0;0
Hatay;Antakya;ET TAVUÐU;Kanatlý Hayvan;30000;810;202,5
Hatay;Arsuz;ET TAVUÐU;Kanatlý Hayvan;0;0;0
Hatay;Belen;ET TAVUÐU;Kanatlý Hayvan;25001;675;168,8
Hatay;Defne;ET TAVUÐU;Kanatlý Hayvan;0;0;0
Hatay;Dörtyol;ET TAVUÐU;Kanatlý Hayvan;0;0;0
Hatay;Erzin;ET TAVUÐU;Kanatlý Hayvan;0;0;0
Hatay;Hassa;ET TAVUÐU;Kanatlý Hayvan;0;0;0
Hatay;Ýskenderun;ET TAVUÐU;Kanatlý Hayvan;0;0;0
Hatay;Kýrýkhan;ET TAVUÐU;Kanatlý Hayvan;0;0;0
Hatay;Kumlu;ET TAVUÐU;Kanatlý Hayvan;0;0;0
Hatay;Payas;ET TAVUÐU;Kanatlý Hayvan;0;0;0
Hatay;Reyhanlý;ET TAVUÐU;Kanatlý Hayvan;0;0;0
Hatay;Samandað;ET TAVUÐU;Kanatlý Hayvan;0;0;0
Hatay;Yayladaðý;ET TAVUÐU;Kanatlý Hayvan;0;0;0
Hatay;Altýnözü;HÝNDÝ;Kanatlý Hayvan;140;46086;46082
Hatay;Antakya;HÝNDÝ;Kanatlý Hayvan;500;46252;46207
Hatay;Arsuz;HÝNDÝ;Kanatlý Hayvan;56;46024;0,5
Hatay;Belen;HÝNDÝ;Kanatlý Hayvan;25;0,9;0,2
Hatay;Defne;HÝNDÝ;Kanatlý Hayvan;148;46178;46113
Hatay;Dörtyol;HÝNDÝ;Kanatlý Hayvan;0;0;0
Hatay;Erzin;HÝNDÝ;Kanatlý Hayvan;45;46204;0,4
Hatay;Hassa;HÝNDÝ;Kanatlý Hayvan;311;46214;46267
Hatay;Ýskenderun;HÝNDÝ;Kanatlý Hayvan;0;0;0
Hatay;Kýrýkhan;HÝNDÝ;Kanatlý Hayvan;0;0;0
Hatay;Kumlu;HÝNDÝ;Kanatlý Hayvan;190;46029;46235
Hatay;Payas;HÝNDÝ;Kanatlý Hayvan;52;2;0,5
Hatay;Reyhanlý;HÝNDÝ;Kanatlý Hayvan;245;46062;46083
Hatay;Samandað;HÝNDÝ;Kanatlý Hayvan;0;0;0
Hatay;Yayladaðý;HÝNDÝ;Kanatlý Hayvan;290;46275;46205
Hatay;Altýnözü;KAZ;Kanatlý Hayvan;60;46236;0,7
Hatay;Antakya;KAZ;Kanatlý Hayvan;2000;93,6;46135
Hatay;Arsuz;KAZ;Kanatlý Hayvan;48;46055;0,6
Hatay;Belen;KAZ;Kanatlý Hayvan;71;46084;0,8
Hatay;Defne;KAZ;Kanatlý Hayvan;311;46187;46176
Hatay;Dörtyol;KAZ;Kanatlý Hayvan;65;3;0,8
Hatay;Erzin;KAZ;Kanatlý Hayvan;550;46228;46118
Hatay;Hassa;KAZ;Kanatlý Hayvan;412;46100;46238
Hatay;Ýskenderun;KAZ;Kanatlý Hayvan;28;46082;0,3
Hatay;Kýrýkhan;KAZ;Kanatlý Hayvan;0;0;0
Hatay;Kumlu;KAZ;Kanatlý Hayvan;460;46163;46117
Hatay;Payas;KAZ;Kanatlý Hayvan;200;46121;46083
Hatay;Reyhanlý;KAZ;Kanatlý Hayvan;170;8;2
Hatay;Samandað;KAZ;Kanatlý Hayvan;600;46050;7
Hatay;Yayladaðý;KAZ;Kanatlý Hayvan;410;46072;46238
Hatay;Altýnözü;ÖRDEK;Kanatlý Hayvan;50;46083;0,6
Hatay;Antakya;ÖRDEK;Kanatlý Hayvan;500;46135;46270
Hatay;Arsuz;ÖRDEK;Kanatlý Hayvan;34;46174;0,4
Hatay;Belen;ÖRDEK;Kanatlý Hayvan;93;46116;46023
Hatay;Defne;ÖRDEK;Kanatlý Hayvan;534;25;46059
Hatay;Dörtyol;ÖRDEK;Kanatlý Hayvan;170;8;2
Hatay;Erzin;ÖRDEK;Kanatlý Hayvan;60;46236;0,7
Hatay;Hassa;ÖRDEK;Kanatlý Hayvan;1215;56,9;46067
Hatay;Ýskenderun;ÖRDEK;Kanatlý Hayvan;46;46055;0,5
Hatay;Kýrýkhan;ÖRDEK;Kanatlý Hayvan;;0;0
Hatay;Kumlu;ÖRDEK;Kanatlý Hayvan;375;46190;46116
Hatay;Payas;ÖRDEK;Kanatlý Hayvan;125;46270;46143
Hatay;Reyhanlý;ÖRDEK;Kanatlý Hayvan;205;46182;46114
Hatay;Samandað;ÖRDEK;Kanatlý Hayvan;700;32,8;46061
Hatay;Yayladaðý;ÖRDEK;Kanatlý Hayvan;871;40,8;46063
Hatay;Altýnözü;YUMURTA TAVUÐU;Kanatlý Hayvan;3500;191,6;47,9
Hatay;Antakya;YUMURTA TAVUÐU;Kanatlý Hayvan;155000;8486,3;2121,9
Hatay;Arsuz;YUMURTA TAVUÐU;Kanatlý Hayvan;18000;985,5;246,4
Hatay;Belen;YUMURTA TAVUÐU;Kanatlý Hayvan;24000;1314;328,6
Hatay;Defne;YUMURTA TAVUÐU;Kanatlý Hayvan;51450;2816,9;704,3
Hatay;Dörtyol;YUMURTA TAVUÐU;Kanatlý Hayvan;35000;1916,3;479,1
Hatay;Erzin;YUMURTA TAVUÐU;Kanatlý Hayvan;24310;1331;332,8
Hatay;Hassa;YUMURTA TAVUÐU;Kanatlý Hayvan;40016;2190,9;547,8
Hatay;Ýskenderun;YUMURTA TAVUÐU;Kanatlý Hayvan;3634;199;49,7
Hatay;Kýrýkhan;YUMURTA TAVUÐU;Kanatlý Hayvan;3350;183,4;45,9
Hatay;Kumlu;YUMURTA TAVUÐU;Kanatlý Hayvan;5100;279,2;69,8
Hatay;Payas;YUMURTA TAVUÐU;Kanatlý Hayvan;5450;298,4;74,6
Hatay;Reyhanlý;YUMURTA TAVUÐU;Kanatlý Hayvan;10600;580,4;145,1
Hatay;Samandað;YUMURTA TAVUÐU;Kanatlý Hayvan;25000;1368,8;342,2
Hatay;Yayladaðý;YUMURTA TAVUÐU;Kanatlý Hayvan;21000;1149,8;287,5
Isparta;Aksu;AT;Büyükbaþ Hayvan;39;213,5;46023
Isparta;Atabey;AT;Büyükbaþ Hayvan;14;76,7;0,4
Isparta;Eðirdir;AT;Büyükbaþ Hayvan;26;142,4;0,8
Isparta;Gelendost;AT;Büyükbaþ Hayvan;9;49,3;0,3
Isparta;Gönen;AT;Büyükbaþ Hayvan;16;87,6;0,5
Isparta;Keçiborlu;AT;Büyükbaþ Hayvan;29;158,8;0,9
Isparta;Merkez;AT;Büyükbaþ Hayvan;87;476,3;46175
Isparta;Þarkikaraaðaç;AT;Büyükbaþ Hayvan;95;520,1;46236
Isparta;Senirkent;AT;Büyükbaþ Hayvan;14;76,7;0,4
Isparta;Sütçüler;AT;Büyükbaþ Hayvan;42;230;46054
Isparta;Uluborlu;AT;Büyükbaþ Hayvan;10;54,8;0,3
Isparta;Yalvaç;AT;Büyükbaþ Hayvan;136;744,6;4
Isparta;Yeniþarbademli;AT;Büyükbaþ Hayvan;8;43,8;0,2
Isparta;Aksu;EÞEK;Büyükbaþ Hayvan;130;355,9;46023
Isparta;Atabey;EÞEK;Büyükbaþ Hayvan;8;46286;0,1
Isparta;Eðirdir;EÞEK;Büyükbaþ Hayvan;143;391,5;46082
Isparta;Gelendost;EÞEK;Büyükbaþ Hayvan;66;180,7;0,6
Isparta;Gönen;EÞEK;Büyükbaþ Hayvan;3;46061;0
Isparta;Keçiborlu;EÞEK;Büyükbaþ Hayvan;41;112,2;0,4
Isparta;Merkez;EÞEK;Büyükbaþ Hayvan;131;358,6;46054
Isparta;Þarkikaraaðaç;EÞEK;Büyükbaþ Hayvan;320;876;46236
Isparta;Senirkent;EÞEK;Büyükbaþ Hayvan;22;60,2;0,2
Isparta;Sütçüler;EÞEK;Büyükbaþ Hayvan;92;251,9;0,8
Isparta;Uluborlu;EÞEK;Büyükbaþ Hayvan;40;109,5;0,4
Isparta;Yalvaç;EÞEK;Büyükbaþ Hayvan;706;1932,7;46059
Isparta;Yeniþarbademli;EÞEK;Büyükbaþ Hayvan;19;52;0,2
Isparta;Aksu;KATIR;Büyükbaþ Hayvan;104;455,5;2
Isparta;Eðirdir;KATIR;Büyükbaþ Hayvan;11;48,2;0,2
Isparta;Merkez;KATIR;Büyükbaþ Hayvan;6;46107;0,1
Isparta;Þarkikaraaðaç;KATIR;Büyükbaþ Hayvan;6;46107;0,1
Isparta;Sütçüler;KATIR;Büyükbaþ Hayvan;60;262,8;46023
Isparta;Yalvaç;KATIR;Büyükbaþ Hayvan;51;223,4;1
Isparta;Yeniþarbademli;KATIR;Büyükbaþ Hayvan;1;46116;0
Isparta;Atabey;MANDA;Büyükbaþ Hayvan;3;46286;0,2
Isparta;Gelendost;MANDA;Büyükbaþ Hayvan;6;43,8;0,3
Isparta;Yalvaç;MANDA;Büyükbaþ Hayvan;306;2233,8;46219
Isparta;Aksu;SIÐIR (KÜLTÜR);Büyükbaþ Hayvan;1067;9736,4;78,2
Isparta;Atabey;SIÐIR (KÜLTÜR);Büyükbaþ Hayvan;4629;42239,6;339,2
Isparta;Eðirdir;SIÐIR (KÜLTÜR);Büyükbaþ Hayvan;3043;27767,4;223
Isparta;Gelendost;SIÐIR (KÜLTÜR);Büyükbaþ Hayvan;4699;42878,4;344,3
Isparta;Gönen;SIÐIR (KÜLTÜR);Büyükbaþ Hayvan;1111;10137,9;81,4
Isparta;Keçiborlu;SIÐIR (KÜLTÜR);Büyükbaþ Hayvan;8769;80017,1;642,6
Isparta;Merkez;SIÐIR (KÜLTÜR);Büyükbaþ Hayvan;11828;107930,5;866,7
Isparta;Þarkikaraaðaç;SIÐIR (KÜLTÜR);Büyükbaþ Hayvan;23985;218863,1;1757,5
Isparta;Senirkent;SIÐIR (KÜLTÜR);Büyükbaþ Hayvan;2707;24701,4;198,4
Isparta;Sütçüler;SIÐIR (KÜLTÜR);Büyükbaþ Hayvan;2257;20595,1;165,4
Isparta;Uluborlu;SIÐIR (KÜLTÜR);Büyükbaþ Hayvan;479;4370,9;35,1
Isparta;Yalvaç;SIÐIR (KÜLTÜR);Büyükbaþ Hayvan;30309;276569,6;2220,9
Isparta;Yeniþarbademli;SIÐIR (KÜLTÜR);Büyükbaþ Hayvan;542;4945,8;39,7
Isparta;Aksu;SIÐIR (MELEZ);Büyükbaþ Hayvan;1875;12318,8;79,1
Isparta;Atabey;SIÐIR (MELEZ);Büyükbaþ Hayvan;1058;6951,1;44,7
Isparta;Eðirdir;SIÐIR (MELEZ);Büyükbaþ Hayvan;3806;25005,4;160,6
Isparta;Gelendost;SIÐIR (MELEZ);Büyükbaþ Hayvan;1359;8928,6;57,4
Isparta;Gönen;SIÐIR (MELEZ);Büyükbaþ Hayvan;3946;25925,2;166,5
Isparta;Keçiborlu;SIÐIR (MELEZ);Büyükbaþ Hayvan;868;5702,8;36,6
Isparta;Merkez;SIÐIR (MELEZ);Büyükbaþ Hayvan;4407;28954;186
Isparta;Þarkikaraaðaç;SIÐIR (MELEZ);Büyükbaþ Hayvan;2886;18961;121,8
Isparta;Senirkent;SIÐIR (MELEZ);Büyükbaþ Hayvan;869;5709,3;36,7
Isparta;Sütçüler;SIÐIR (MELEZ);Büyükbaþ Hayvan;4309;28310,1;181,9
Isparta;Uluborlu;SIÐIR (MELEZ);Büyükbaþ Hayvan;890;5847,3;37,6
Isparta;Yalvaç;SIÐIR (MELEZ);Büyükbaþ Hayvan;399;2621,4;46250
Isparta;Yeniþarbademli;SIÐIR (MELEZ);Büyükbaþ Hayvan;590;3876,3;46289
Isparta;Aksu;SIÐIR (YERLÝ);Büyükbaþ Hayvan;3179;17405;93,2
Isparta;Atabey;SIÐIR (YERLÝ);Büyükbaþ Hayvan;757;4144,6;46075
Isparta;Eðirdir;SIÐIR (YERLÝ);Büyükbaþ Hayvan;6651;36414,2;194,9
Isparta;Gelendost;SIÐIR (YERLÝ);Büyükbaþ Hayvan;625;3421,9;46099
Isparta;Gönen;SIÐIR (YERLÝ);Büyükbaþ Hayvan;480;2628;46036
Isparta;Keçiborlu;SIÐIR (YERLÝ);Büyükbaþ Hayvan;429;2348,8;46185
Isparta;Merkez;SIÐIR (YERLÝ);Büyükbaþ Hayvan;2967;16244,3;87
Isparta;Þarkikaraaðaç;SIÐIR (YERLÝ);Büyükbaþ Hayvan;2055;11251,1;60,2
Isparta;Senirkent;SIÐIR (YERLÝ);Büyükbaþ Hayvan;361;1976,5;46183
Isparta;Sütçüler;SIÐIR (YERLÝ);Büyükbaþ Hayvan;3873;21204,7;113,5
Isparta;Uluborlu;SIÐIR (YERLÝ);Büyükbaþ Hayvan;458;2507,6;46125
Isparta;Yalvaç;SIÐIR (YERLÝ);Büyükbaþ Hayvan;23;125,9;0,7
Isparta;Yeniþarbademli;SIÐIR (YERLÝ);Büyükbaþ Hayvan;152;832,2;46146
Isparta;Aksu;KEÇÝ (KIL);Küçükbaþ Hayvan;4721;3446,3;46147
Isparta;Atabey;KEÇÝ (KIL);Küçükbaþ Hayvan;9540;6964,2;46064
Isparta;Eðirdir;KEÇÝ (KIL);Küçükbaþ Hayvan;43640;31857,2;51,2
Isparta;Gelendost;KEÇÝ (KIL);Küçükbaþ Hayvan;14850;10840,5;46129
Isparta;Gönen;KEÇÝ (KIL);Küçükbaþ Hayvan;7302;5330,5;46181
Isparta;Keçiborlu;KEÇÝ (KIL);Küçükbaþ Hayvan;10487;7655,5;46093
Isparta;Merkez;KEÇÝ (KIL);Küçükbaþ Hayvan;53956;39387,9;63,3
Isparta;Þarkikaraaðaç;KEÇÝ (KIL);Küçükbaþ Hayvan;15550;11351,5;46071
Isparta;Senirkent;KEÇÝ (KIL);Küçükbaþ Hayvan;6125;4471,3;46060
Isparta;Sütçüler;KEÇÝ (KIL);Küçükbaþ Hayvan;31817;23226,4;37,3
Isparta;Uluborlu;KEÇÝ (KIL);Küçükbaþ Hayvan;6381;4658,1;46149
Isparta;Yalvaç;KEÇÝ (KIL);Küçükbaþ Hayvan;9354;6828,4;11
Isparta;Yeniþarbademli;KEÇÝ (KIL);Küçükbaþ Hayvan;619;451,9;0,7
Isparta;Aksu;KOYUN (MERÝNOS);Küçükbaþ Hayvan;46;50,4;0,1
Isparta;Atabey;KOYUN (MERÝNOS);Küçükbaþ Hayvan;486;532,2;46082
Isparta;Eðirdir;KOYUN (MERÝNOS);Küçükbaþ Hayvan;345;377,8;0,9
Isparta;Senirkent;KOYUN (MERÝNOS);Küçükbaþ Hayvan;281;307,7;0,7
Isparta;Sütçüler;KOYUN (MERÝNOS);Küçükbaþ Hayvan;140;153,3;0,4
Isparta;Yeniþarbademli;KOYUN (MERÝNOS);Küçükbaþ Hayvan;44;48,2;0,1
Isparta;Aksu;KOYUN (YERLÝ);Küçükbaþ Hayvan;2062;2257,9;46117
Isparta;Atabey;KOYUN (YERLÝ);Küçükbaþ Hayvan;8363;9157,5;46044
Isparta;Eðirdir;KOYUN (YERLÝ);Küçükbaþ Hayvan;15780;17279,1;41,6
Isparta;Gelendost;KOYUN (YERLÝ);Küçükbaþ Hayvan;13186;14438,7;34,8
Isparta;Gönen;KOYUN (YERLÝ);Küçükbaþ Hayvan;12680;13884,6;33,4
Isparta;Keçiborlu;KOYUN (YERLÝ);Küçükbaþ Hayvan;10460;11453,7;46200
Isparta;Merkez;KOYUN (YERLÝ);Küçükbaþ Hayvan;30608;33515,8;80,7
Isparta;Þarkikaraaðaç;KOYUN (YERLÝ);Küçükbaþ Hayvan;49690;54410,6;131,1
Isparta;Senirkent;KOYUN (YERLÝ);Küçükbaþ Hayvan;25607;28039,7;67,5
Isparta;Sütçüler;KOYUN (YERLÝ);Küçükbaþ Hayvan;7813;8555,2;46193
Isparta;Uluborlu;KOYUN (YERLÝ);Küçükbaþ Hayvan;8632;9452;46256
Isparta;Yalvaç;KOYUN (YERLÝ);Küçükbaþ Hayvan;88995;97449,5;234,8
Isparta;Yeniþarbademli;KOYUN (YERLÝ);Küçükbaþ Hayvan;1990;2179,1;46058
Isparta;Aksu;ET TAVUÐU;Kanatlý Hayvan;0;0;0
Isparta;Atabey;ET TAVUÐU;Kanatlý Hayvan;0;0;0
Isparta;Eðirdir;ET TAVUÐU;Kanatlý Hayvan;0;0;0
Isparta;Gelendost;ET TAVUÐU;Kanatlý Hayvan;0;0;0
Isparta;Gönen;ET TAVUÐU;Kanatlý Hayvan;0;0;0
Isparta;Keçiborlu;ET TAVUÐU;Kanatlý Hayvan;0;0;0
Isparta;Merkez;ET TAVUÐU;Kanatlý Hayvan;0;0;0
Isparta;Þarkikaraaðaç;ET TAVUÐU;Kanatlý Hayvan;0;0;0
Isparta;Senirkent;ET TAVUÐU;Kanatlý Hayvan;0;0;0
Isparta;Sütçüler;ET TAVUÐU;Kanatlý Hayvan;0;0;0
Isparta;Uluborlu;ET TAVUÐU;Kanatlý Hayvan;0;0;0
Isparta;Yalvaç;ET TAVUÐU;Kanatlý Hayvan;0;0;0
Isparta;Yeniþarbademli;ET TAVUÐU;Kanatlý Hayvan;0;0;0
Isparta;Aksu;HÝNDÝ;Kanatlý Hayvan;155;46239;46143
Isparta;Atabey;HÝNDÝ;Kanatlý Hayvan;71;46205;0,7
Isparta;Eðirdir;HÝNDÝ;Kanatlý Hayvan;110;46026;1
Isparta;Gelendost;HÝNDÝ;Kanatlý Hayvan;400;15;46237
Isparta;Gönen;HÝNDÝ;Kanatlý Hayvan;230;46181;46055
Isparta;Keçiborlu;HÝNDÝ;Kanatlý Hayvan;;0;0
Isparta;Merkez;HÝNDÝ;Kanatlý Hayvan;10000;375;93,8
Isparta;Þarkikaraaðaç;HÝNDÝ;Kanatlý Hayvan;3000;112,5;46050
Isparta;Senirkent;HÝNDÝ;Kanatlý Hayvan;54;2;0,5
Isparta;Sütçüler;HÝNDÝ;Kanatlý Hayvan;190;46029;46235
Isparta;Uluborlu;HÝNDÝ;Kanatlý Hayvan;60;46083;0,6
Isparta;Yalvaç;HÝNDÝ;Kanatlý Hayvan;920;34,5;46181
Isparta;Yeniþarbademli;HÝNDÝ;Kanatlý Hayvan;57;46024;0,5
Isparta;Aksu;KAZ;Kanatlý Hayvan;98;46177;46023
Isparta;Atabey;KAZ;Kanatlý Hayvan;42;2;0,5
Isparta;Eðirdir;KAZ;Kanatlý Hayvan;79;46206;0,9
Isparta;Gelendost;KAZ;Kanatlý Hayvan;30;46113;0,4
Isparta;Gönen;KAZ;Kanatlý Hayvan;65;3;0,8
Isparta;Keçiborlu;KAZ;Kanatlý Hayvan;35;46174;0,4
Isparta;Merkez;KAZ;Kanatlý Hayvan;42;2;0,5
Isparta;Þarkikaraaðaç;KAZ;Kanatlý Hayvan;1010;47,3;46245
Isparta;Senirkent;KAZ;Kanatlý Hayvan;8;0,4;0,1
Isparta;Sütçüler;KAZ;Kanatlý Hayvan;30;46113;0,4
Isparta;Uluborlu;KAZ;Kanatlý Hayvan;10;0,5;0,1
Isparta;Yalvaç;KAZ;Kanatlý Hayvan;400;46221;46207
Isparta;Yeniþarbademli;KAZ;Kanatlý Hayvan;50;46083;0,6
Isparta;Aksu;ÖRDEK;Kanatlý Hayvan;49;46083;0,6
Isparta;Atabey;ÖRDEK;Kanatlý Hayvan;87;46026;1
Isparta;Eðirdir;ÖRDEK;Kanatlý Hayvan;75;46145;0,9
Isparta;Gelendost;ÖRDEK;Kanatlý Hayvan;45;46024;0,5
Isparta;Gönen;ÖRDEK;Kanatlý Hayvan;490;46287;46208
Isparta;Keçiborlu;ÖRDEK;Kanatlý Hayvan;57;46205;0,7
Isparta;Merkez;ÖRDEK;Kanatlý Hayvan;;0;0
Isparta;Þarkikaraaðaç;ÖRDEK;Kanatlý Hayvan;2300;107,6;46291
Isparta;Senirkent;ÖRDEK;Kanatlý Hayvan;21;1;0,2
Isparta;Sütçüler;ÖRDEK;Kanatlý Hayvan;45;46024;0,5
Isparta;Uluborlu;ÖRDEK;Kanatlý Hayvan;12;0,6;0,1
Isparta;Yalvaç;ÖRDEK;Kanatlý Hayvan;380;46251;46116
Isparta;Yeniþarbademli;ÖRDEK;Kanatlý Hayvan;26;46054;0,3
Isparta;Aksu;YUMURTA TAVUÐU;Kanatlý Hayvan;1950;106,8;46229
Isparta;Atabey;YUMURTA TAVUÐU;Kanatlý Hayvan;3907;213,9;53,5
Isparta;Eðirdir;YUMURTA TAVUÐU;Kanatlý Hayvan;27000;1478,3;369,6
Isparta;Gelendost;YUMURTA TAVUÐU;Kanatlý Hayvan;16500;903,4;225,9
Isparta;Gönen;YUMURTA TAVUÐU;Kanatlý Hayvan;7300;399,7;99,9
Isparta;Keçiborlu;YUMURTA TAVUÐU;Kanatlý Hayvan;9300;509,2;127,3
Isparta;Merkez;YUMURTA TAVUÐU;Kanatlý Hayvan;294359;16116,2;4029,8
Isparta;Þarkikaraaðaç;YUMURTA TAVUÐU;Kanatlý Hayvan;5500;301,1;75,3
Isparta;Senirkent;YUMURTA TAVUÐU;Kanatlý Hayvan;775;42,4;46183
Isparta;Sütçüler;YUMURTA TAVUÐU;Kanatlý Hayvan;10400;569,4;142,4
Isparta;Uluborlu;YUMURTA TAVUÐU;Kanatlý Hayvan;1100;60,2;46037
Isparta;Yalvaç;YUMURTA TAVUÐU;Kanatlý Hayvan;45000;2463,8;616
Isparta;Yeniþarbademli;YUMURTA TAVUÐU;Kanatlý Hayvan;1750;95,8;24
Mersin;Akdeniz;AT;Büyükbaþ Hayvan;36;197,1;46023
Mersin;Anamur;AT;Büyükbaþ Hayvan;24;131,4;0,7
Mersin;Aydýncýk;AT;Büyükbaþ Hayvan;8;43,8;0,2
Mersin;Bozyazý;AT;Büyükbaþ Hayvan;14;76,7;0,4
Mersin;Çamlýyayla;AT;Büyükbaþ Hayvan;22;120,5;0,6
Mersin;Erdemli;AT;Büyükbaþ Hayvan;18;98,6;0,5
Mersin;Gülnar;AT;Büyükbaþ Hayvan;48;262,8;46113
Mersin;Mezitli;AT;Büyükbaþ Hayvan;26;142,4;0,8
Mersin;Mut;AT;Büyükbaþ Hayvan;100;547,5;46267
Mersin;Silifke;AT;Büyükbaþ Hayvan;118;646,1;46145
Mersin;Tarsus;AT;Büyükbaþ Hayvan;310;1697,3;46031
Mersin;Toroslar;AT;Büyükbaþ Hayvan;32;175,2;0,9
Mersin;Silifke;DEVE;Büyükbaþ Hayvan;4;40,9;0,3
Mersin;Yeniþehir;DEVE;Büyükbaþ Hayvan;1;46063;0,1
Mersin;Akdeniz;EÞEK;Büyükbaþ Hayvan;3;46061;0
Mersin;Anamur;EÞEK;Büyükbaþ Hayvan;70;191,6;0,6
Mersin;Aydýncýk;EÞEK;Büyükbaþ Hayvan;44;120,5;0,4
Mersin;Bozyazý;EÞEK;Büyükbaþ Hayvan;48;131,4;0,4
Mersin;Çamlýyayla;EÞEK;Büyükbaþ Hayvan;23;63;0,2
Mersin;Erdemli;EÞEK;Büyükbaþ Hayvan;18;49,3;0,2
Mersin;Gülnar;EÞEK;Büyükbaþ Hayvan;35;95,8;0,3
Mersin;Mut;EÞEK;Büyükbaþ Hayvan;378;1034,8;46084
Mersin;Silifke;EÞEK;Büyükbaþ Hayvan;113;309,3;1
Mersin;Tarsus;EÞEK;Büyükbaþ Hayvan;75;205,3;0,7
Mersin;Toroslar;EÞEK;Büyükbaþ Hayvan;8;46286;0,1
Mersin;Yeniþehir;EÞEK;Büyükbaþ Hayvan;4;11;0
Mersin;Anamur;KATIR;Büyükbaþ Hayvan;75;328,5;46113
Mersin;Aydýncýk;KATIR;Büyükbaþ Hayvan;29;127;0,5
Mersin;Bozyazý;KATIR;Büyükbaþ Hayvan;95;416,1;46235
Mersin;Çamlýyayla;KATIR;Büyükbaþ Hayvan;19;83,2;0,4
Mersin;Erdemli;KATIR;Büyükbaþ Hayvan;4;46159;0,1
Mersin;Gülnar;KATIR;Büyükbaþ Hayvan;15;65,7;0,3
Mersin;Mut;KATIR;Büyükbaþ Hayvan;24;105,1;0,5
Mersin;Silifke;KATIR;Büyükbaþ Hayvan;115;503,7;46055
Mersin;Tarsus;KATIR;Büyükbaþ Hayvan;55;240,9;1
Mersin;Akdeniz;MANDA;Büyükbaþ Hayvan;15;109,5;0,8
Mersin;Silifke;MANDA;Büyükbaþ Hayvan;50;365;46205
Mersin;Toroslar;MANDA;Büyükbaþ Hayvan;6;43,8;0,3
Mersin;Anamur;SIÐIR (KÜLTÜR);Büyükbaþ Hayvan;2198;20056,8;161,1
Mersin;Aydýncýk;SIÐIR (KÜLTÜR);Büyükbaþ Hayvan;390;3558,8;46201
Mersin;Bozyazý;SIÐIR (KÜLTÜR);Büyükbaþ Hayvan;777;7090,1;56,9
Mersin;Çamlýyayla;SIÐIR (KÜLTÜR);Büyükbaþ Hayvan;1016;9271;74,4
Mersin;Erdemli;SIÐIR (KÜLTÜR);Büyükbaþ Hayvan;6215;56711,9;455,4
Mersin;Gülnar;SIÐIR (KÜLTÜR);Büyükbaþ Hayvan;240;2190;46190
Mersin;Mezitli;SIÐIR (KÜLTÜR);Büyükbaþ Hayvan;1766;16114,8;129,4
Mersin;Mut;SIÐIR (KÜLTÜR);Büyükbaþ Hayvan;20100;183412,5;1472,8
Mersin;Silifke;SIÐIR (KÜLTÜR);Büyükbaþ Hayvan;10424;95119;763,8
Mersin;Tarsus;SIÐIR (KÜLTÜR);Büyükbaþ Hayvan;8352;76212;612
Mersin;Toroslar;SIÐIR (KÜLTÜR);Büyükbaþ Hayvan;5080;46355;372,2
Mersin;Yeniþehir;SIÐIR (KÜLTÜR);Büyükbaþ Hayvan;1750;15968,8;128,2
Mersin;Akdeniz;SIÐIR (MELEZ);Büyükbaþ Hayvan;13285;87282,5;560,7
Mersin;Anamur;SIÐIR (MELEZ);Büyükbaþ Hayvan;696;4572,7;46141
Mersin;Bozyazý;SIÐIR (MELEZ);Büyükbaþ Hayvan;320;2102,4;46155
Mersin;Çamlýyayla;SIÐIR (MELEZ);Büyükbaþ Hayvan;881;5788,2;37,2
Mersin;Erdemli;SIÐIR (MELEZ);Büyükbaþ Hayvan;1145;7522,7;48,3
Mersin;Gülnar;SIÐIR (MELEZ);Büyükbaþ Hayvan;5860;38500,2;247,3
Mersin;Mezitli;SIÐIR (MELEZ);Büyükbaþ Hayvan;234;1537,4;46274
Mersin;Silifke;SIÐIR (MELEZ);Büyükbaþ Hayvan;1026;6740,8;43,3
Mersin;Tarsus;SIÐIR (MELEZ);Büyükbaþ Hayvan;28890;189807,3;1219,4
Mersin;Toroslar;SIÐIR (MELEZ);Büyükbaþ Hayvan;920;6044,4;38,8
Mersin;Anamur;SIÐIR (YERLÝ);Büyükbaþ Hayvan;6;32,9;0,2
Mersin;Bozyazý;SIÐIR (YERLÝ);Büyükbaþ Hayvan;3;46128;0,1
Mersin;Çamlýyayla;SIÐIR (YERLÝ);Büyükbaþ Hayvan;103;563,9;3
Mersin;Tarsus;SIÐIR (YERLÝ);Büyükbaþ Hayvan;3758;20575,1;110,1
Mersin;Akdeniz;KEÇÝ (KIL);Küçükbaþ Hayvan;15925;11625,3;46221
Mersin;Anamur;KEÇÝ (KIL);Küçükbaþ Hayvan;27500;20075;32,2
Mersin;Aydýncýk;KEÇÝ (KIL);Küçükbaþ Hayvan;39500;28835;46,3
Mersin;Bozyazý;KEÇÝ (KIL);Küçükbaþ Hayvan;25000;18250;46110
Mersin;Çamlýyayla;KEÇÝ (KIL);Küçükbaþ Hayvan;25071;18301,8;46141
Mersin;Erdemli;KEÇÝ (KIL);Küçükbaþ Hayvan;135000;98550;158,3
Mersin;Gülnar;KEÇÝ (KIL);Küçükbaþ Hayvan;75517;55127,4;88,5
Mersin;Mezitli;KEÇÝ (KIL);Küçükbaþ Hayvan;8456;6172,9;46274
Mersin;Mut;KEÇÝ (KIL);Küçükbaþ Hayvan;83738;61128,7;98,2
Mersin;Silifke;KEÇÝ (KIL);Küçükbaþ Hayvan;133215;97247;156,2
Mersin;Tarsus;KEÇÝ (KIL);Küçükbaþ Hayvan;130971;95608,8;153,6
Mersin;Toroslar;KEÇÝ (KIL);Küçükbaþ Hayvan;40000;29200;46,9
Mersin;Yeniþehir;KEÇÝ (KIL);Küçükbaþ Hayvan;15110;11030,3;46220
Mersin;Anamur;KOYUN (MERÝNOS);Küçükbaþ Hayvan;1095;1199;46267
Mersin;Gülnar;KOYUN (MERÝNOS);Küçükbaþ Hayvan;590;646,1;46174
Mersin;Mut;KOYUN (MERÝNOS);Küçükbaþ Hayvan;122;133,6;0,3
Mersin;Toroslar;KOYUN (MERÝNOS);Küçükbaþ Hayvan;2267;2482,4;6
Mersin;Akdeniz;KOYUN (YERLÝ);Küçükbaþ Hayvan;86464;94678,1;228,1
Mersin;Anamur;KOYUN (YERLÝ);Küçükbaþ Hayvan;6905;7561;46071
Mersin;Aydýncýk;KOYUN (YERLÝ);Küçükbaþ Hayvan;900;985,5;46114
Mersin;Bozyazý;KOYUN (YERLÝ);Küçükbaþ Hayvan;5000;5475;46066
Mersin;Çamlýyayla;KOYUN (YERLÝ);Küçükbaþ Hayvan;24230;26531,9;63,9
Mersin;Erdemli;KOYUN (YERLÝ);Küçükbaþ Hayvan;90000;98550;237,4
Mersin;Gülnar;KOYUN (YERLÝ);Küçükbaþ Hayvan;14910;16326,5;39,3
Mersin;Mezitli;KOYUN (YERLÝ);Küçükbaþ Hayvan;22340;24462,3;58,9
Mersin;Mut;KOYUN (YERLÝ);Küçükbaþ Hayvan;97378;106628,9;256,9
Mersin;Silifke;KOYUN (YERLÝ);Küçükbaþ Hayvan;30000;32850;79,1
Mersin;Tarsus;KOYUN (YERLÝ);Küçükbaþ Hayvan;177264;194104,1;467,6
Mersin;Toroslar;KOYUN (YERLÝ);Küçükbaþ Hayvan;37733;41317,6;99,5
Mersin;Yeniþehir;KOYUN (YERLÝ);Küçükbaþ Hayvan;18219;19949,8;48,1
Mersin;Akdeniz;ET TAVUÐU;Kanatlý Hayvan;1721480;46480;11622,1
Mersin;Anamur;ET TAVUÐU;Kanatlý Hayvan;0;0;0
Mersin;Aydýncýk;ET TAVUÐU;Kanatlý Hayvan;0;0;0
Mersin;Bozyazý;ET TAVUÐU;Kanatlý Hayvan;0;0;0
Mersin;Çamlýyayla;ET TAVUÐU;Kanatlý Hayvan;980000;26460;6616,2
Mersin;Erdemli;ET TAVUÐU;Kanatlý Hayvan;280000;7560;1890,3
Mersin;Gülnar;ET TAVUÐU;Kanatlý Hayvan;50000;1350;337,6
Mersin;Mezitli;ET TAVUÐU;Kanatlý Hayvan;1034183;27922,9;6982
Mersin;Mut;ET TAVUÐU;Kanatlý Hayvan;188000;5076;1269,2
Mersin;Silifke;ET TAVUÐU;Kanatlý Hayvan;152500;4117,5;1029,6
Mersin;Tarsus;ET TAVUÐU;Kanatlý Hayvan;20747556;560184;140071,2
Mersin;Toroslar;ET TAVUÐU;Kanatlý Hayvan;489500;13216,5;3304,7
Mersin;Yeniþehir;ET TAVUÐU;Kanatlý Hayvan;249330;6731,9;1683,3
Mersin;Akdeniz;HÝNDÝ;Kanatlý Hayvan;0;0;0
Mersin;Anamur;HÝNDÝ;Kanatlý Hayvan;80;3;0,8
Mersin;Aydýncýk;HÝNDÝ;Kanatlý Hayvan;43;46174;0,4
Mersin;Bozyazý;HÝNDÝ;Kanatlý Hayvan;52;2;0,5
Mersin;Çamlýyayla;HÝNDÝ;Kanatlý Hayvan;500;46252;46207
Mersin;Erdemli;HÝNDÝ;Kanatlý Hayvan;490;46130;46177
Mersin;Gülnar;HÝNDÝ;Kanatlý Hayvan;30;46023;0,3
Mersin;Mezitli;HÝNDÝ;Kanatlý Hayvan;125;46207;46054
Mersin;Mut;HÝNDÝ;Kanatlý Hayvan;330;46124;46025
Mersin;Silifke;HÝNDÝ;Kanatlý Hayvan;259;46212;46114
Mersin;Tarsus;HÝNDÝ;Kanatlý Hayvan;375;46036;46145
Mersin;Toroslar;HÝNDÝ;Kanatlý Hayvan;0;0;0
Mersin;Yeniþehir;HÝNDÝ;Kanatlý Hayvan;118;46116;46023
Mersin;Akdeniz;KAZ;Kanatlý Hayvan;0;0;0
Mersin;Anamur;KAZ;Kanatlý Hayvan;75;46145;0,9
Mersin;Aydýncýk;KAZ;Kanatlý Hayvan;0;0;0
Mersin;Bozyazý;KAZ;Kanatlý Hayvan;13;0,6;0,2
Mersin;Çamlýyayla;KAZ;Kanatlý Hayvan;87;46026;1
Mersin;Erdemli;KAZ;Kanatlý Hayvan;143;46209;46204
Mersin;Gülnar;KAZ;Kanatlý Hayvan;100;46207;46054
Mersin;Mezitli;KAZ;Kanatlý Hayvan;115;46117;46082
Mersin;Mut;KAZ;Kanatlý Hayvan;45;46024;0,5
Mersin;Silifke;KAZ;Kanatlý Hayvan;203;46151;46114
Mersin;Tarsus;KAZ;Kanatlý Hayvan;0;0;0
Mersin;Toroslar;KAZ;Kanatlý Hayvan;0;0;0
Mersin;Yeniþehir;KAZ;Kanatlý Hayvan;78;46206;0,9
Mersin;Akdeniz;ÖRDEK;Kanatlý Hayvan;0;0;0
Mersin;Anamur;ÖRDEK;Kanatlý Hayvan;70;46084;0,8
Mersin;Aydýncýk;ÖRDEK;Kanatlý Hayvan;31;46143;0,4
Mersin;Bozyazý;ÖRDEK;Kanatlý Hayvan;20;0,9;0,2
Mersin;Çamlýyayla;ÖRDEK;Kanatlý Hayvan;42;2;0,5
Mersin;Erdemli;ÖRDEK;Kanatlý Hayvan;200;46121;46083
Mersin;Gülnar;ÖRDEK;Kanatlý Hayvan;50;46083;0,6
Mersin;Mezitli;ÖRDEK;Kanatlý Hayvan;110;46027;46082
Mersin;Mut;ÖRDEK;Kanatlý Hayvan;187;46242;46055
Mersin;Silifke;ÖRDEK;Kanatlý Hayvan;261;46065;46025
Mersin;Tarsus;ÖRDEK;Kanatlý Hayvan;325;46068;46237
Mersin;Toroslar;ÖRDEK;Kanatlý Hayvan;0;0;0
Mersin;Yeniþehir;ÖRDEK;Kanatlý Hayvan;45;46024;0,5
Mersin;Akdeniz;YUMURTA TAVUÐU;Kanatlý Hayvan;675;37;46062
Mersin;Anamur;YUMURTA TAVUÐU;Kanatlý Hayvan;45000;2463,8;616
Mersin;Aydýncýk;YUMURTA TAVUÐU;Kanatlý Hayvan;3166;173,3;43,3
Mersin;Bozyazý;YUMURTA TAVUÐU;Kanatlý Hayvan;2324;127,2;46265
Mersin;Çamlýyayla;YUMURTA TAVUÐU;Kanatlý Hayvan;2000;109,5;46139
Mersin;Erdemli;YUMURTA TAVUÐU;Kanatlý Hayvan;18810;1029,8;257,5
Mersin;Gülnar;YUMURTA TAVUÐU;Kanatlý Hayvan;1000;54,8;46216
Mersin;Mezitli;YUMURTA TAVUÐU;Kanatlý Hayvan;2785;152,5;38,1
Mersin;Mut;YUMURTA TAVUÐU;Kanatlý Hayvan;16700;914,3;228,6
Mersin;Silifke;YUMURTA TAVUÐU;Kanatlý Hayvan;41330;2262,8;565,8
Mersin;Tarsus;YUMURTA TAVUÐU;Kanatlý Hayvan;126000;6898,5;1724,9
Mersin;Toroslar;YUMURTA TAVUÐU;Kanatlý Hayvan;1251000;68492,3;17126,1
Mersin;Yeniþehir;YUMURTA TAVUÐU;Kanatlý Hayvan;5490;300,6;75,2
Ýstanbul;Adalar;AT;Büyükbaþ Hayvan;1033;5655,7;46111
Ýstanbul;Arnavutköy;AT;Büyükbaþ Hayvan;40;219;46054
Ýstanbul;Avcýlar;AT;Büyükbaþ Hayvan;9;49,3;0,3
Ýstanbul;Beykoz;AT;Büyükbaþ Hayvan;75;410,6;46055
Ýstanbul;Büyükçekmece;AT;Büyükbaþ Hayvan;119;651,5;46145
Ýstanbul;Çatalca;AT;Büyükbaþ Hayvan;97;531,1;46236
Ýstanbul;Çekmeköy;AT;Büyükbaþ Hayvan;45;246,4;46082
Ýstanbul;Esenyurt;AT;Büyükbaþ Hayvan;2;11;0,1
Ýstanbul;Eyüp;AT;Büyükbaþ Hayvan;32;175,2;0,9
Ýstanbul;Sarýyer;AT;Büyükbaþ Hayvan;385;2107,9;46092
Ýstanbul;Þile;AT;Büyükbaþ Hayvan;14;76,7;0,4
Ýstanbul;Silivri;AT;Büyükbaþ Hayvan;36;197,1;46023
Ýstanbul;Ümraniye;AT;Büyükbaþ Hayvan;9;49,3;0,3
Ýstanbul;Çatalca;DEVE;Büyükbaþ Hayvan;21;214,6;46204
Ýstanbul;Adalar;EÞEK;Büyükbaþ Hayvan;5;46216;0
Ýstanbul;Arnavutköy;EÞEK;Büyükbaþ Hayvan;6;46128;0,1
Ýstanbul;Beykoz;EÞEK;Büyükbaþ Hayvan;8;46286;0,1
Ýstanbul;Çatalca;EÞEK;Büyükbaþ Hayvan;69;188,9;0,6
Ýstanbul;Çekmeköy;EÞEK;Büyükbaþ Hayvan;10;46139;0,1
Ýstanbul;Þile;EÞEK;Büyükbaþ Hayvan;8;46286;0,1
Ýstanbul;Silivri;EÞEK;Büyükbaþ Hayvan;2;46147;0
Ýstanbul;Çatalca;KATIR;Büyükbaþ Hayvan;5;46286;0,1
Ýstanbul;Arnavutköy;MANDA;Büyükbaþ Hayvan;3500;25550;191,5
Ýstanbul;Baþakþehir;MANDA;Büyükbaþ Hayvan;159;1160,7;46211
Ýstanbul;Beykoz;MANDA;Büyükbaþ Hayvan;183;1335,9;10
Ýstanbul;Çatalca;MANDA;Büyükbaþ Hayvan;3333;24330,9;182,4
Ýstanbul;Çekmeköy;MANDA;Büyükbaþ Hayvan;44;321,2;46114
Ýstanbul;Eyüp;MANDA;Büyükbaþ Hayvan;4128;30134,4;225,9
Ýstanbul;Kartal;MANDA;Büyükbaþ Hayvan;5;36,5;0,3
Ýstanbul;Maltepe;MANDA;Büyükbaþ Hayvan;2;46187;0,1
Ýstanbul;Pendik;MANDA;Büyükbaþ Hayvan;194;1416,2;46183
Ýstanbul;Sarýyer;MANDA;Büyükbaþ Hayvan;397;2898,1;46224
Ýstanbul;Þile;MANDA;Büyükbaþ Hayvan;536;3912,8;46110
Ýstanbul;Silivri;MANDA;Büyükbaþ Hayvan;2250;16425;123,1
Ýstanbul;Tuzla;MANDA;Büyükbaþ Hayvan;327;2387,1;46282
Ýstanbul;Adalar;SIÐIR (KÜLTÜR);Büyükbaþ Hayvan;30;273,8;46055
Ýstanbul;Arnavutköy;SIÐIR (KÜLTÜR);Büyükbaþ Hayvan;10822;98750,8;793
Ýstanbul;Avcýlar;SIÐIR (KÜLTÜR);Büyükbaþ Hayvan;364;3321,5;46229
Ýstanbul;Baþakþehir;SIÐIR (KÜLTÜR);Büyükbaþ Hayvan;2352;21462;172,3
Ýstanbul;Beykoz;SIÐIR (KÜLTÜR);Büyükbaþ Hayvan;1425;13003,1;104,4
Ýstanbul;Beylikdüzü;SIÐIR (KÜLTÜR);Büyükbaþ Hayvan;55;501,9;4
Ýstanbul;Büyükçekmece;SIÐIR (KÜLTÜR);Büyükbaþ Hayvan;1356;12373,5;99,4
Ýstanbul;Çatalca;SIÐIR (KÜLTÜR);Büyükbaþ Hayvan;10845;98960,6;794,7
Ýstanbul;Çekmeköy;SIÐIR (KÜLTÜR);Büyükbaþ Hayvan;227;2071,4;46189
Ýstanbul;Esenyurt;SIÐIR (KÜLTÜR);Büyükbaþ Hayvan;4;36,5;0,3
Ýstanbul;Eyüp;SIÐIR (KÜLTÜR);Büyükbaþ Hayvan;1678;15311,8;123
Ýstanbul;Kartal;SIÐIR (KÜLTÜR);Büyükbaþ Hayvan;128;1168;46121
Ýstanbul;Maltepe;SIÐIR (KÜLTÜR);Büyükbaþ Hayvan;269;2454,6;46222
Ýstanbul;Pendik;SIÐIR (KÜLTÜR);Büyükbaþ Hayvan;3960;36135;290,2
Ýstanbul;Sancaktepe;SIÐIR (KÜLTÜR);Büyükbaþ Hayvan;1488;13578;109
Ýstanbul;Þile;SIÐIR (KÜLTÜR);Büyükbaþ Hayvan;1690;15421,3;123,8
Ýstanbul;Silivri;SIÐIR (KÜLTÜR);Büyükbaþ Hayvan;533;4863,6;39,1
Ýstanbul;Sultangazi;SIÐIR (KÜLTÜR);Büyükbaþ Hayvan;495;4516,9;36,3
Ýstanbul;Tuzla;SIÐIR (KÜLTÜR);Büyükbaþ Hayvan;802;7318,3;58,8
Ýstanbul;Arnavutköy;SIÐIR (MELEZ);Büyükbaþ Hayvan;6038;39669,7;254,8
Ýstanbul;Avcýlar;SIÐIR (MELEZ);Büyükbaþ Hayvan;141;926,4;6
Ýstanbul;Baþakþehir;SIÐIR (MELEZ);Büyükbaþ Hayvan;400;2628;46281
Ýstanbul;Beykoz;SIÐIR (MELEZ);Büyükbaþ Hayvan;3580;23520,6;151,1
Ýstanbul;Büyükçekmece;SIÐIR (MELEZ);Büyükbaþ Hayvan;965;6340,1;40,7
Ýstanbul;Çatalca;SIÐIR (MELEZ);Büyükbaþ Hayvan;7718;50707,3;325,8
Ýstanbul;Çekmeköy;SIÐIR (MELEZ);Büyükbaþ Hayvan;784;5150,9;33,1
Ýstanbul;Esenyurt;SIÐIR (MELEZ);Büyükbaþ Hayvan;17;111,7;0,7
Ýstanbul;Eyüp;SIÐIR (MELEZ);Büyükbaþ Hayvan;2592;17029,4;109,4
Ýstanbul;Kartal;SIÐIR (MELEZ);Büyükbaþ Hayvan;282;1852,7;46276
Ýstanbul;Maltepe;SIÐIR (MELEZ);Büyükbaþ Hayvan;366;2404,6;46127
Ýstanbul;Sarýyer;SIÐIR (MELEZ);Büyükbaþ Hayvan;1388;9119,2;58,6
Ýstanbul;Þile;SIÐIR (MELEZ);Büyükbaþ Hayvan;3857;25340,5;162,8
Ýstanbul;Silivri;SIÐIR (MELEZ);Büyükbaþ Hayvan;15217;99975,7;642,3
Ýstanbul;Sultangazi;SIÐIR (MELEZ);Büyükbaþ Hayvan;171;1123,5;46060
Ýstanbul;Tuzla;SIÐIR (MELEZ);Büyükbaþ Hayvan;674;4428,2;46140
Ýstanbul;Ümraniye;SIÐIR (MELEZ);Büyükbaþ Hayvan;122;801,5;46027
Ýstanbul;Arnavutköy;SIÐIR (YERLÝ);Büyükbaþ Hayvan;244;1335,9;46060
Ýstanbul;Baþakþehir;SIÐIR (YERLÝ);Büyükbaþ Hayvan;41;224,5;46054
Ýstanbul;Beykoz;SIÐIR (YERLÝ);Büyükbaþ Hayvan;633;3465,7;46191
Ýstanbul;Çatalca;SIÐIR (YERLÝ);Büyükbaþ Hayvan;898;4916,6;46107
Ýstanbul;Çekmeköy;SIÐIR (YERLÝ);Büyükbaþ Hayvan;6;32,9;0,2
Ýstanbul;Esenyurt;SIÐIR (YERLÝ);Büyükbaþ Hayvan;1;46147;0
Ýstanbul;Eyüp;SIÐIR (YERLÝ);Büyükbaþ Hayvan;2;11;0,1
Ýstanbul;Kartal;SIÐIR (YERLÝ);Büyükbaþ Hayvan;1;46147;0
Ýstanbul;Maltepe;SIÐIR (YERLÝ);Büyükbaþ Hayvan;3;46128;0,1
Ýstanbul;Þile;SIÐIR (YERLÝ);Büyükbaþ Hayvan;1660;9088,5;48,7
Ýstanbul;Sultangazi;SIÐIR (YERLÝ);Büyükbaþ Hayvan;204;1116,9;6
Ýstanbul;Ümraniye;SIÐIR (YERLÝ);Büyükbaþ Hayvan;6;32,9;0,2
Ýstanbul;Adalar;KEÇÝ (KIL);Küçükbaþ Hayvan;15;11;0
Ýstanbul;Arnavutköy;KEÇÝ (KIL);Küçükbaþ Hayvan;4307;3144,1;5
Ýstanbul;Avcýlar;KEÇÝ (KIL);Küçükbaþ Hayvan;41;46294;0
Ýstanbul;Baþakþehir;KEÇÝ (KIL);Küçükbaþ Hayvan;1118;816,1;46082
Ýstanbul;Beykoz;KEÇÝ (KIL);Küçükbaþ Hayvan;750;547,5;0,9
Ýstanbul;Beylikdüzü;KEÇÝ (KIL);Küçükbaþ Hayvan;46;33,6;0,1
Ýstanbul;Büyükçekmece;KEÇÝ (KIL);Küçükbaþ Hayvan;465;339,5;0,5
Ýstanbul;Çatalca;KEÇÝ (KIL);Küçükbaþ Hayvan;2173;1586,3;46144
Ýstanbul;Çekmeköy;KEÇÝ (KIL);Küçükbaþ Hayvan;90;65,7;0,1
Ýstanbul;Eyüp;KEÇÝ (KIL);Küçükbaþ Hayvan;948;692;46023
Ýstanbul;Kartal;KEÇÝ (KIL);Küçükbaþ Hayvan;213;155,5;0,2
Ýstanbul;Maltepe;KEÇÝ (KIL);Küçükbaþ Hayvan;336;245,3;0,4
Ýstanbul;Sancaktepe;KEÇÝ (KIL);Küçükbaþ Hayvan;38;46230;0
Ýstanbul;Sarýyer;KEÇÝ (KIL);Küçükbaþ Hayvan;495;361,4;0,6
Ýstanbul;Þile;KEÇÝ (KIL);Küçükbaþ Hayvan;3015;2201;46145
Ýstanbul;Silivri;KEÇÝ (KIL);Küçükbaþ Hayvan;4600;3358;46117
Ýstanbul;Sultangazi;KEÇÝ (KIL);Küçükbaþ Hayvan;58;42,3;0,1
Ýstanbul;Tuzla;KEÇÝ (KIL);Küçükbaþ Hayvan;183;133,6;0,2
Ýstanbul;Adalar;KEÇÝ (TÝFTÝK);Küçükbaþ Hayvan;6;46116;0
Ýstanbul;Eyüp;KEÇÝ (TÝFTÝK);Küçükbaþ Hayvan;470;343,1;0,6
Ýstanbul;Arnavutköy;KOYUN (MERÝNOS);Küçükbaþ Hayvan;1210;1325;46056
Ýstanbul;Baþakþehir;KOYUN (MERÝNOS);Küçükbaþ Hayvan;96;105,1;0,3
Ýstanbul;Beykoz;KOYUN (MERÝNOS);Küçükbaþ Hayvan;68;74,5;0,2
Ýstanbul;Büyükçekmece;KOYUN (MERÝNOS);Küçükbaþ Hayvan;827;905,6;46055
Ýstanbul;Çatalca;KOYUN (MERÝNOS);Küçükbaþ Hayvan;527;577,1;46113
Ýstanbul;Çekmeköy;KOYUN (MERÝNOS);Küçükbaþ Hayvan;43;47,1;0,1
Ýstanbul;Eyüp;KOYUN (MERÝNOS);Küçükbaþ Hayvan;4;46116;0
Ýstanbul;Maltepe;KOYUN (MERÝNOS);Küçükbaþ Hayvan;16;46159;0
Ýstanbul;Pendik;KOYUN (MERÝNOS);Küçükbaþ Hayvan;51;55,8;0,1
Ýstanbul;Þile;KOYUN (MERÝNOS);Küçükbaþ Hayvan;1768;1936;46207
Ýstanbul;Sultangazi;KOYUN (MERÝNOS);Küçükbaþ Hayvan;45;49,3;0,1
Ýstanbul;Adalar;KOYUN (YERLÝ);Küçükbaþ Hayvan;14;46096;0
Ýstanbul;Arnavutköy;KOYUN (YERLÝ);Küçükbaþ Hayvan;17982;19690,3;47,4
Ýstanbul;Avcýlar;KOYUN (YERLÝ);Küçükbaþ Hayvan;441;482,9;46054
Ýstanbul;Baþakþehir;KOYUN (YERLÝ);Küçükbaþ Hayvan;2110;2310,5;46178
Ýstanbul;Beykoz;KOYUN (YERLÝ);Küçükbaþ Hayvan;2225;2436,4;46270
Ýstanbul;Beylikdüzü;KOYUN (YERLÝ);Küçükbaþ Hayvan;184;201,5;0,5
Ýstanbul;Büyükçekmece;KOYUN (YERLÝ);Küçükbaþ Hayvan;4568;5002;46034
Ýstanbul;Çatalca;KOYUN (YERLÝ);Küçükbaþ Hayvan;32487;35573,3;85,7
Ýstanbul;Çekmeköy;KOYUN (YERLÝ);Küçükbaþ Hayvan;1410;1544;46206
Ýstanbul;Eyüp;KOYUN (YERLÝ);Küçükbaþ Hayvan;2300;2518,5;46028
Ýstanbul;Kartal;KOYUN (YERLÝ);Küçükbaþ Hayvan;185;202,6;0,5
Ýstanbul;Maltepe;KOYUN (YERLÝ);Küçükbaþ Hayvan;494;540,9;46082
Ýstanbul;Pendik;KOYUN (YERLÝ);Küçükbaþ Hayvan;2612;2860,1;46271
Ýstanbul;Sancaktepe;KOYUN (YERLÝ);Küçükbaþ Hayvan;563;616,5;46143
Ýstanbul;Sarýyer;KOYUN (YERLÝ);Küçükbaþ Hayvan;1185;1297,6;46025
Ýstanbul;Þile;KOYUN (YERLÝ);Küçükbaþ Hayvan;3432;3758;46031
Ýstanbul;Silivri;KOYUN (YERLÝ);Küçükbaþ Hayvan;39400;43143;103,9
Ýstanbul;Sultangazi;KOYUN (YERLÝ);Küçükbaþ Hayvan;479;524,5;46082
Ýstanbul;Tuzla;KOYUN (YERLÝ);Küçükbaþ Hayvan;817;894,6;46055
Ýstanbul;Adalar;ET TAVUÐU;Kanatlý Hayvan;0;0;0
Ýstanbul;Arnavutköy;ET TAVUÐU;Kanatlý Hayvan;0;0;0
Ýstanbul;Ataþehir;ET TAVUÐU;Kanatlý Hayvan;0;0;0
Ýstanbul;Avcýlar;ET TAVUÐU;Kanatlý Hayvan;0;0;0
Ýstanbul;Baðcýlar;ET TAVUÐU;Kanatlý Hayvan;0;0;0
Ýstanbul;Bahçelievler;ET TAVUÐU;Kanatlý Hayvan;0;0;0
Ýstanbul;Bakýrköy;ET TAVUÐU;Kanatlý Hayvan;0;0;0
Ýstanbul;Baþakþehir;ET TAVUÐU;Kanatlý Hayvan;0;0;0
Ýstanbul;Bayrampaþa;ET TAVUÐU;Kanatlý Hayvan;0;0;0
Ýstanbul;Beþiktaþ;ET TAVUÐU;Kanatlý Hayvan;0;0;0
Ýstanbul;Beykoz;ET TAVUÐU;Kanatlý Hayvan;0;0;0
Ýstanbul;Beylikdüzü;ET TAVUÐU;Kanatlý Hayvan;0;0;0
Ýstanbul;Beyoðlu;ET TAVUÐU;Kanatlý Hayvan;0;0;0
Ýstanbul;Büyükçekmece;ET TAVUÐU;Kanatlý Hayvan;0;0;0
Ýstanbul;Çatalca;ET TAVUÐU;Kanatlý Hayvan;0;0;0
Ýstanbul;Çekmeköy;ET TAVUÐU;Kanatlý Hayvan;0;0;0
Ýstanbul;Esenler;ET TAVUÐU;Kanatlý Hayvan;0;0;0
Ýstanbul;Esenyurt;ET TAVUÐU;Kanatlý Hayvan;0;0;0
Ýstanbul;Eyüp;ET TAVUÐU;Kanatlý Hayvan;0;0;0
Ýstanbul;Fatih;ET TAVUÐU;Kanatlý Hayvan;0;0;0
Ýstanbul;Gaziosmanpaþa;ET TAVUÐU;Kanatlý Hayvan;0;0;0
Ýstanbul;Güngören;ET TAVUÐU;Kanatlý Hayvan;0;0;0
Ýstanbul;Kadýköy;ET TAVUÐU;Kanatlý Hayvan;0;0;0
Ýstanbul;Kaðýthane;ET TAVUÐU;Kanatlý Hayvan;0;0;0
Ýstanbul;Kartal;ET TAVUÐU;Kanatlý Hayvan;0;0;0
Ýstanbul;Küçükçekmece;ET TAVUÐU;Kanatlý Hayvan;0;0;0
Ýstanbul;Maltepe;ET TAVUÐU;Kanatlý Hayvan;0;0;0
Ýstanbul;Pendik;ET TAVUÐU;Kanatlý Hayvan;0;0;0
Ýstanbul;Sancaktepe;ET TAVUÐU;Kanatlý Hayvan;0;0;0
Ýstanbul;Sarýyer;ET TAVUÐU;Kanatlý Hayvan;0;0;0
Ýstanbul;Þile;ET TAVUÐU;Kanatlý Hayvan;0;0;0
Ýstanbul;Silivri;ET TAVUÐU;Kanatlý Hayvan;665760;17975,5;4494,7
Ýstanbul;Þiþli;ET TAVUÐU;Kanatlý Hayvan;0;0;0
Ýstanbul;Sultanbeyli;ET TAVUÐU;Kanatlý Hayvan;0;0;0
Ýstanbul;Sultangazi;ET TAVUÐU;Kanatlý Hayvan;0;0;0
Ýstanbul;Tuzla;ET TAVUÐU;Kanatlý Hayvan;0;0;0
Ýstanbul;Ümraniye;ET TAVUÐU;Kanatlý Hayvan;0;0;0
Ýstanbul;Üsküdar;ET TAVUÐU;Kanatlý Hayvan;0;0;0
Ýstanbul;Zeytinburnu;ET TAVUÐU;Kanatlý Hayvan;0;0;0
Ýstanbul;Adalar;HÝNDÝ;Kanatlý Hayvan;0;0;0
Ýstanbul;Arnavutköy;HÝNDÝ;Kanatlý Hayvan;750;46050;7
Ýstanbul;Ataþehir;HÝNDÝ;Kanatlý Hayvan;0;0;0
Ýstanbul;Avcýlar;HÝNDÝ;Kanatlý Hayvan;0;0;0
Ýstanbul;Baðcýlar;HÝNDÝ;Kanatlý Hayvan;0;0;0
Ýstanbul;Bahçelievler;HÝNDÝ;Kanatlý Hayvan;0;0;0
Ýstanbul;Bakýrköy;HÝNDÝ;Kanatlý Hayvan;0;0;0
Ýstanbul;Baþakþehir;HÝNDÝ;Kanatlý Hayvan;120;46146;46023
Ýstanbul;Bayrampaþa;HÝNDÝ;Kanatlý Hayvan;0;0;0
Ýstanbul;Beþiktaþ;HÝNDÝ;Kanatlý Hayvan;0;0;0
Ýstanbul;Beykoz;HÝNDÝ;Kanatlý Hayvan;0;0;0
Ýstanbul;Beylikdüzü;HÝNDÝ;Kanatlý Hayvan;0;0;0
Ýstanbul;Beyoðlu;HÝNDÝ;Kanatlý Hayvan;0;0;0
Ýstanbul;Büyükçekmece;HÝNDÝ;Kanatlý Hayvan;300;46092;46236
Ýstanbul;Çatalca;HÝNDÝ;Kanatlý Hayvan;575;46194;46117
Ýstanbul;Çekmeköy;HÝNDÝ;Kanatlý Hayvan;12900;483,8;121
Ýstanbul;Esenler;HÝNDÝ;Kanatlý Hayvan;0;0;0
Ýstanbul;Esenyurt;HÝNDÝ;Kanatlý Hayvan;0;0;0
Ýstanbul;Eyüp;HÝNDÝ;Kanatlý Hayvan;15;0,6;0,1
Ýstanbul;Fatih;HÝNDÝ;Kanatlý Hayvan;0;0;0
Ýstanbul;Gaziosmanpaþa;HÝNDÝ;Kanatlý Hayvan;0;0;0
Ýstanbul;Güngören;HÝNDÝ;Kanatlý Hayvan;0;0;0
Ýstanbul;Kadýköy;HÝNDÝ;Kanatlý Hayvan;0;0;0
Ýstanbul;Kaðýthane;HÝNDÝ;Kanatlý Hayvan;0;0;0
Ýstanbul;Kartal;HÝNDÝ;Kanatlý Hayvan;0;0;0
Ýstanbul;Küçükçekmece;HÝNDÝ;Kanatlý Hayvan;0;0;0
Ýstanbul;Maltepe;HÝNDÝ;Kanatlý Hayvan;0;0;0
Ýstanbul;Pendik;HÝNDÝ;Kanatlý Hayvan;0;0;0
Ýstanbul;Sancaktepe;HÝNDÝ;Kanatlý Hayvan;50;46266;0,5
Ýstanbul;Sarýyer;HÝNDÝ;Kanatlý Hayvan;35;46082;0,3
Ýstanbul;Þile;HÝNDÝ;Kanatlý Hayvan;7000;262,5;65,6
Ýstanbul;Silivri;HÝNDÝ;Kanatlý Hayvan;110;46026;1
Ýstanbul;Þiþli;HÝNDÝ;Kanatlý Hayvan;0;0;0
Ýstanbul;Sultanbeyli;HÝNDÝ;Kanatlý Hayvan;0;0;0
Ýstanbul;Sultangazi;HÝNDÝ;Kanatlý Hayvan;0;0;0
Ýstanbul;Tuzla;HÝNDÝ;Kanatlý Hayvan;0;0;0
Ýstanbul;Ümraniye;HÝNDÝ;Kanatlý Hayvan;0;0;0
Ýstanbul;Üsküdar;HÝNDÝ;Kanatlý Hayvan;0;0;0
Ýstanbul;Zeytinburnu;HÝNDÝ;Kanatlý Hayvan;0;0;0
Ýstanbul;Adalar;KAZ;Kanatlý Hayvan;0;0;0
Ýstanbul;Arnavutköy;KAZ;Kanatlý Hayvan;310;46156;46176
Ýstanbul;Ataþehir;KAZ;Kanatlý Hayvan;0;0;0
Ýstanbul;Avcýlar;KAZ;Kanatlý Hayvan;0;0;0
Ýstanbul;Baðcýlar;KAZ;Kanatlý Hayvan;0;0;0
Ýstanbul;Bahçelievler;KAZ;Kanatlý Hayvan;0;0;0
Ýstanbul;Bakýrköy;KAZ;Kanatlý Hayvan;0;0;0
Ýstanbul;Baþakþehir;KAZ;Kanatlý Hayvan;460;46163;46117
Ýstanbul;Bayrampaþa;KAZ;Kanatlý Hayvan;0;0;0
Ýstanbul;Beþiktaþ;KAZ;Kanatlý Hayvan;0;0;0
Ýstanbul;Beykoz;KAZ;Kanatlý Hayvan;80;46206;0,9
Ýstanbul;Beylikdüzü;KAZ;Kanatlý Hayvan;0;0;0
Ýstanbul;Beyoðlu;KAZ;Kanatlý Hayvan;0;0;0
Ýstanbul;Büyükçekmece;KAZ;Kanatlý Hayvan;300;14;46145
Ýstanbul;Çatalca;KAZ;Kanatlý Hayvan;593;46261;46271
Ýstanbul;Çekmeköy;KAZ;Kanatlý Hayvan;110;46027;46082
Ýstanbul;Esenler;KAZ;Kanatlý Hayvan;0;0;0
Ýstanbul;Esenyurt;KAZ;Kanatlý Hayvan;0;0;0
Ýstanbul;Eyüp;KAZ;Kanatlý Hayvan;22;1;0,3
Ýstanbul;Fatih;KAZ;Kanatlý Hayvan;0;0;0
Ýstanbul;Gaziosmanpaþa;KAZ;Kanatlý Hayvan;0;0;0
Ýstanbul;Güngören;KAZ;Kanatlý Hayvan;0;0;0
Ýstanbul;Kadýköy;KAZ;Kanatlý Hayvan;0;0;0
Ýstanbul;Kaðýthane;KAZ;Kanatlý Hayvan;0;0;0
Ýstanbul;Kartal;KAZ;Kanatlý Hayvan;0;0;0
Ýstanbul;Küçükçekmece;KAZ;Kanatlý Hayvan;0;0;0
Ýstanbul;Maltepe;KAZ;Kanatlý Hayvan;0;0;0
Ýstanbul;Pendik;KAZ;Kanatlý Hayvan;0;0;0
Ýstanbul;Sancaktepe;KAZ;Kanatlý Hayvan;37;46204;0,4
Ýstanbul;Sarýyer;KAZ;Kanatlý Hayvan;115;46117;46082
Ýstanbul;Þile;KAZ;Kanatlý Hayvan;0;0;0
Ýstanbul;Silivri;KAZ;Kanatlý Hayvan;150;7;46235
Ýstanbul;Þiþli;KAZ;Kanatlý Hayvan;0;0;0
Ýstanbul;Sultanbeyli;KAZ;Kanatlý Hayvan;0;0;0
Ýstanbul;Sultangazi;KAZ;Kanatlý Hayvan;0;0;0
Ýstanbul;Tuzla;KAZ;Kanatlý Hayvan;0;0;0
Ýstanbul;Ümraniye;KAZ;Kanatlý Hayvan;0;0;0
Ýstanbul;Üsküdar;KAZ;Kanatlý Hayvan;0;0;0
Ýstanbul;Zeytinburnu;KAZ;Kanatlý Hayvan;0;0;0
Ýstanbul;Adalar;ÖRDEK;Kanatlý Hayvan;0;0;0
Ýstanbul;Arnavutköy;ÖRDEK;Kanatlý Hayvan;326;46096;46237
Ýstanbul;Ataþehir;ÖRDEK;Kanatlý Hayvan;0;0;0
Ýstanbul;Avcýlar;ÖRDEK;Kanatlý Hayvan;0;0;0
Ýstanbul;Baðcýlar;ÖRDEK;Kanatlý Hayvan;0;0;0
Ýstanbul;Bahçelievler;ÖRDEK;Kanatlý Hayvan;0;0;0
Ýstanbul;Bakýrköy;ÖRDEK;Kanatlý Hayvan;0;0;0
Ýstanbul;Baþakþehir;ÖRDEK;Kanatlý Hayvan;290;46186;46115
Ýstanbul;Bayrampaþa;ÖRDEK;Kanatlý Hayvan;0;0;0
Ýstanbul;Beþiktaþ;ÖRDEK;Kanatlý Hayvan;0;0;0
Ýstanbul;Beykoz;ÖRDEK;Kanatlý Hayvan;80;46206;0,9
Ýstanbul;Beylikdüzü;ÖRDEK;Kanatlý Hayvan;0;0;0
Ýstanbul;Beyoðlu;ÖRDEK;Kanatlý Hayvan;0;0;0
Ýstanbul;Büyükçekmece;ÖRDEK;Kanatlý Hayvan;302;46036;46145
Ýstanbul;Çatalca;ÖRDEK;Kanatlý Hayvan;825;38,6;46212
Ýstanbul;Çekmeköy;ÖRDEK;Kanatlý Hayvan;60;46236;0,7
Ýstanbul;Esenler;ÖRDEK;Kanatlý Hayvan;0;0;0
Ýstanbul;Esenyurt;ÖRDEK;Kanatlý Hayvan;0;0;0
Ýstanbul;Eyüp;ÖRDEK;Kanatlý Hayvan;42;2;0,5
Ýstanbul;Fatih;ÖRDEK;Kanatlý Hayvan;0;0;0
Ýstanbul;Gaziosmanpaþa;ÖRDEK;Kanatlý Hayvan;0;0;0
Ýstanbul;Güngören;ÖRDEK;Kanatlý Hayvan;0;0;0
Ýstanbul;Kadýköy;ÖRDEK;Kanatlý Hayvan;0;0;0
Ýstanbul;Kaðýthane;ÖRDEK;Kanatlý Hayvan;0;0;0
Ýstanbul;Kartal;ÖRDEK;Kanatlý Hayvan;0;0;0
Ýstanbul;Küçükçekmece;ÖRDEK;Kanatlý Hayvan;0;0;0
Ýstanbul;Maltepe;ÖRDEK;Kanatlý Hayvan;0;0;0
Ýstanbul;Pendik;ÖRDEK;Kanatlý Hayvan;0;0;0
Ýstanbul;Sancaktepe;ÖRDEK;Kanatlý Hayvan;45;46024;0,5
Ýstanbul;Sarýyer;ÖRDEK;Kanatlý Hayvan;50;46083;0,6
Ýstanbul;Þile;ÖRDEK;Kanatlý Hayvan;0;0;0
Ýstanbul;Silivri;ÖRDEK;Kanatlý Hayvan;104;46269;46054
Ýstanbul;Þiþli;ÖRDEK;Kanatlý Hayvan;0;0;0
Ýstanbul;Sultanbeyli;ÖRDEK;Kanatlý Hayvan;0;0;0
Ýstanbul;Sultangazi;ÖRDEK;Kanatlý Hayvan;0;0;0
Ýstanbul;Tuzla;ÖRDEK;Kanatlý Hayvan;0;0;0
Ýstanbul;Ümraniye;ÖRDEK;Kanatlý Hayvan;0;0;0
Ýstanbul;Üsküdar;ÖRDEK;Kanatlý Hayvan;0;0;0
Ýstanbul;Zeytinburnu;ÖRDEK;Kanatlý Hayvan;0;0;0
Ýstanbul;Adalar;YUMURTA TAVUÐU;Kanatlý Hayvan;0;0;0
Ýstanbul;Arnavutköy;YUMURTA TAVUÐU;Kanatlý Hayvan;7500;410,6;102,7
Ýstanbul;Ataþehir;YUMURTA TAVUÐU;Kanatlý Hayvan;0;0;0
Ýstanbul;Avcýlar;YUMURTA TAVUÐU;Kanatlý Hayvan;0;0;0
Ýstanbul;Baðcýlar;YUMURTA TAVUÐU;Kanatlý Hayvan;0;0;0
Ýstanbul;Bahçelievler;YUMURTA TAVUÐU;Kanatlý Hayvan;0;0;0
Ýstanbul;Bakýrköy;YUMURTA TAVUÐU;Kanatlý Hayvan;0;0;0
Ýstanbul;Baþakþehir;YUMURTA TAVUÐU;Kanatlý Hayvan;1800;98,6;46197
Ýstanbul;Bayrampaþa;YUMURTA TAVUÐU;Kanatlý Hayvan;0;0;0
Ýstanbul;Beþiktaþ;YUMURTA TAVUÐU;Kanatlý Hayvan;0;0;0
Ýstanbul;Beykoz;YUMURTA TAVUÐU;Kanatlý Hayvan;10500;574,9;143,7
Ýstanbul;Beylikdüzü;YUMURTA TAVUÐU;Kanatlý Hayvan;0;0;0
Ýstanbul;Beyoðlu;YUMURTA TAVUÐU;Kanatlý Hayvan;0;0;0
Ýstanbul;Büyükçekmece;YUMURTA TAVUÐU;Kanatlý Hayvan;2500;136,9;34,2
Ýstanbul;Çatalca;YUMURTA TAVUÐU;Kanatlý Hayvan;12500;684,4;171,1
Ýstanbul;Çekmeköy;YUMURTA TAVUÐU;Kanatlý Hayvan;2250;123,2;46264
Ýstanbul;Esenler;YUMURTA TAVUÐU;Kanatlý Hayvan;0;0;0
Ýstanbul;Esenyurt;YUMURTA TAVUÐU;Kanatlý Hayvan;0;0;0
Ýstanbul;Eyüp;YUMURTA TAVUÐU;Kanatlý Hayvan;685;37,5;46121
Ýstanbul;Fatih;YUMURTA TAVUÐU;Kanatlý Hayvan;0;0;0
Ýstanbul;Gaziosmanpaþa;YUMURTA TAVUÐU;Kanatlý Hayvan;0;0;0
Ýstanbul;Güngören;YUMURTA TAVUÐU;Kanatlý Hayvan;0;0;0
Ýstanbul;Kadýköy;YUMURTA TAVUÐU;Kanatlý Hayvan;0;0;0
Ýstanbul;Kaðýthane;YUMURTA TAVUÐU;Kanatlý Hayvan;0;0;0
Ýstanbul;Kartal;YUMURTA TAVUÐU;Kanatlý Hayvan;0;0;0
Ýstanbul;Küçükçekmece;YUMURTA TAVUÐU;Kanatlý Hayvan;0;0;0
Ýstanbul;Maltepe;YUMURTA TAVUÐU;Kanatlý Hayvan;0;0;0
Ýstanbul;Pendik;YUMURTA TAVUÐU;Kanatlý Hayvan;0;0;0
Ýstanbul;Sancaktepe;YUMURTA TAVUÐU;Kanatlý Hayvan;260;46067;46176
Ýstanbul;Sarýyer;YUMURTA TAVUÐU;Kanatlý Hayvan;610;33,4;46120
Ýstanbul;Þile;YUMURTA TAVUÐU;Kanatlý Hayvan;27750;1519,3;379,9
Ýstanbul;Silivri;YUMURTA TAVUÐU;Kanatlý Hayvan;942760;51616,1;12906,4
Ýstanbul;Þiþli;YUMURTA TAVUÐU;Kanatlý Hayvan;0;0;0
Ýstanbul;Sultanbeyli;YUMURTA TAVUÐU;Kanatlý Hayvan;0;0;0
Ýstanbul;Sultangazi;YUMURTA TAVUÐU;Kanatlý Hayvan;0;0;0
Ýstanbul;Tuzla;YUMURTA TAVUÐU;Kanatlý Hayvan;78050;4273,2;1068,5
Ýstanbul;Ümraniye;YUMURTA TAVUÐU;Kanatlý Hayvan;0;0;0
Ýstanbul;Üsküdar;YUMURTA TAVUÐU;Kanatlý Hayvan;0;0;0
Ýstanbul;Zeytinburnu;YUMURTA TAVUÐU;Kanatlý Hayvan;0;0;0
Ýzmir;Aliaða;AT;Büyükbaþ Hayvan;105;574,9;46025
Ýzmir;Balçova;AT;Büyükbaþ Hayvan;20;109,5;0,6
Ýzmir;Bayýndýr;AT;Büyükbaþ Hayvan;253;1385,2;46119
Ýzmir;Bergama;AT;Büyükbaþ Hayvan;145;793,9;46085
Ýzmir;Beydað;AT;Büyükbaþ Hayvan;102;558,5;3
Ýzmir;Bornova;AT;Büyükbaþ Hayvan;100;547,5;46267
Ýzmir;Buca;AT;Büyükbaþ Hayvan;1030;5639,3;30,2
Ýzmir;Çeþme;AT;Büyükbaþ Hayvan;54;295,7;46174
Ýzmir;Çiðli;AT;Büyükbaþ Hayvan;53;290,2;46174
Ýzmir;Dikili;AT;Büyükbaþ Hayvan;106;580,4;46025
Ýzmir;Foça;AT;Büyükbaþ Hayvan;65;355,9;46266
Ýzmir;Güzelbahçe;AT;Büyükbaþ Hayvan;11;60,2;0,3
Ýzmir;Karabaðlar;AT;Büyükbaþ Hayvan;32;175,2;0,9
Ýzmir;Karaburun;AT;Büyükbaþ Hayvan;14;76,7;0,4
Ýzmir;Karþýyaka;AT;Büyükbaþ Hayvan;17;93,1;0,5
Ýzmir;Kemalpaþa;AT;Büyükbaþ Hayvan;204;1116,9;6
Ýzmir;Kýnýk;AT;Büyükbaþ Hayvan;26;142,4;0,8
Ýzmir;Kiraz;AT;Büyükbaþ Hayvan;107;585,8;46025
Ýzmir;Menderes;AT;Büyükbaþ Hayvan;120;657;46145
Ýzmir;Menemen;AT;Büyükbaþ Hayvan;130;711,8;46237
Ýzmir;Narlýdere;AT;Büyükbaþ Hayvan;15;82,1;0,4
Ýzmir;Ödemiþ;AT;Büyükbaþ Hayvan;363;1987,4;46183
Ýzmir;Seferihisar;AT;Büyükbaþ Hayvan;41;224,5;46054
Ýzmir;Selçuk;AT;Büyükbaþ Hayvan;204;1116,9;6
Ýzmir;Tire;AT;Büyükbaþ Hayvan;292;1598,7;46181
Ýzmir;Torbalý;AT;Büyükbaþ Hayvan;218;1193,6;46118
Ýzmir;Urla;AT;Büyükbaþ Hayvan;226;1237,4;46179
Ýzmir;Bayýndýr;DEVE;Büyükbaþ Hayvan;57;582,5;46207
Ýzmir;Bergama;DEVE;Büyükbaþ Hayvan;12;122,6;1
Ýzmir;Bornova;DEVE;Büyükbaþ Hayvan;2;46132;0,2
Ýzmir;Çiðli;DEVE;Büyükbaþ Hayvan;75;766,5;46059
Ýzmir;Dikili;DEVE;Büyükbaþ Hayvan;8;81,8;0,7
Ýzmir;Kemalpaþa;DEVE;Büyükbaþ Hayvan;23;235,1;46266
Ýzmir;Kýnýk;DEVE;Büyükbaþ Hayvan;7;71,5;0,6
Ýzmir;Menemen;DEVE;Büyükbaþ Hayvan;5;51,1;0,4
Ýzmir;Ödemiþ;DEVE;Büyükbaþ Hayvan;25;255,5;46024
Ýzmir;Selçuk;DEVE;Büyükbaþ Hayvan;5;51,1;0,4
Ýzmir;Tire;DEVE;Büyükbaþ Hayvan;35;357,7;46267
Ýzmir;Torbalý;DEVE;Büyükbaþ Hayvan;20;204,4;46174
Ýzmir;Menemen;DOMUZ;Diðer;670;489,1;46268
Ýzmir;Aliaða;EÞEK;Büyükbaþ Hayvan;215;588,6;46266
Ýzmir;Balçova;EÞEK;Büyükbaþ Hayvan;13;35,6;0,1
Ýzmir;Bayýndýr;EÞEK;Büyükbaþ Hayvan;36;98,6;0,3
Ýzmir;Bergama;EÞEK;Büyükbaþ Hayvan;430;1177,1;46237
Ýzmir;Beydað;EÞEK;Büyükbaþ Hayvan;128;350,4;46023
Ýzmir;Bornova;EÞEK;Büyükbaþ Hayvan;76;208,1;0,7
Ýzmir;Buca;EÞEK;Büyükbaþ Hayvan;40;109,5;0,4
Ýzmir;Çeþme;EÞEK;Büyükbaþ Hayvan;19;52;0,2
Ýzmir;Çiðli;EÞEK;Büyükbaþ Hayvan;19;52;0,2
Ýzmir;Dikili;EÞEK;Büyükbaþ Hayvan;203;555,7;46235
Ýzmir;Güzelbahçe;EÞEK;Büyükbaþ Hayvan;3;46061;0
Ýzmir;Karabaðlar;EÞEK;Büyükbaþ Hayvan;27;73,9;0,2
Ýzmir;Karaburun;EÞEK;Büyükbaþ Hayvan;35;95,8;0,3
Ýzmir;Karþýyaka;EÞEK;Büyükbaþ Hayvan;19;52;0,2
Ýzmir;Kemalpaþa;EÞEK;Büyükbaþ Hayvan;25;68,4;0,2
Ýzmir;Kýnýk;EÞEK;Büyükbaþ Hayvan;285;780,2;46144
Ýzmir;Kiraz;EÞEK;Büyükbaþ Hayvan;48;131,4;0,4
Ýzmir;Menderes;EÞEK;Büyükbaþ Hayvan;23;63;0,2
Ýzmir;Menemen;EÞEK;Büyükbaþ Hayvan;46;125,9;0,4
Ýzmir;Ödemiþ;EÞEK;Büyükbaþ Hayvan;455;1245,6;4
Ýzmir;Seferihisar;EÞEK;Büyükbaþ Hayvan;12;32,9;0,1
Ýzmir;Selçuk;EÞEK;Büyükbaþ Hayvan;145;396,9;46082
Ýzmir;Torbalý;EÞEK;Büyükbaþ Hayvan;235;643,3;46024
Ýzmir;Urla;EÞEK;Büyükbaþ Hayvan;100;273,8;0,9
Ýzmir;Bergama;KATIR;Büyükbaþ Hayvan;13;56,9;0,2
Ýzmir;Bornova;KATIR;Büyükbaþ Hayvan;1;46116;0
Ýzmir;Dikili;KATIR;Büyükbaþ Hayvan;10;43,8;0,2
Ýzmir;Karabaðlar;KATIR;Büyükbaþ Hayvan;6;46107;0,1
Ýzmir;Karaburun;KATIR;Büyükbaþ Hayvan;4;46159;0,1
Ýzmir;Kemalpaþa;KATIR;Büyükbaþ Hayvan;2;46242;0
Ýzmir;Kýnýk;KATIR;Büyükbaþ Hayvan;1;46116;0
Ýzmir;Kiraz;KATIR;Büyükbaþ Hayvan;14;61,3;0,3
Ýzmir;Menderes;KATIR;Büyükbaþ Hayvan;13;56,9;0,2
Ýzmir;Menemen;KATIR;Büyükbaþ Hayvan;4;46159;0,1
Ýzmir;Seferihisar;KATIR;Büyükbaþ Hayvan;7;46233;0,1
Ýzmir;Tire;KATIR;Büyükbaþ Hayvan;69;302,2;46082
Ýzmir;Urla;KATIR;Büyükbaþ Hayvan;40;175,2;0,8
Ýzmir;Bergama;MANDA;Büyükbaþ Hayvan;32;233,6;46235
Ýzmir;Dikili;MANDA;Büyükbaþ Hayvan;6;43,8;0,3
Ýzmir;Menemen;MANDA;Büyükbaþ Hayvan;15;109,5;0,8
Ýzmir;Torbalý;MANDA;Büyükbaþ Hayvan;36;262,8;2
Ýzmir;Urla;MANDA;Büyükbaþ Hayvan;5;36,5;0,3
Ýzmir;Aliaða;SIÐIR (KÜLTÜR);Büyükbaþ Hayvan;2590;23633,8;189,8
Ýzmir;Balçova;SIÐIR (KÜLTÜR);Büyükbaþ Hayvan;249;2272,1;46071
Ýzmir;Bayýndýr;SIÐIR (KÜLTÜR);Büyükbaþ Hayvan;93017;848780,1;6815,9
Ýzmir;Bergama;SIÐIR (KÜLTÜR);Büyükbaþ Hayvan;20175;184096,9;1478,3
Ýzmir;Beydað;SIÐIR (KÜLTÜR);Büyükbaþ Hayvan;24321;221929,1;1782,1
Ýzmir;Bornova;SIÐIR (KÜLTÜR);Büyükbaþ Hayvan;2725;24865,6;199,7
Ýzmir;Buca;SIÐIR (KÜLTÜR);Büyükbaþ Hayvan;4907;44776,4;359,6
Ýzmir;Çiðli;SIÐIR (KÜLTÜR);Büyükbaþ Hayvan;1555;14189,4;113,9
Ýzmir;Dikili;SIÐIR (KÜLTÜR);Büyükbaþ Hayvan;8436;76978,5;618,2
Ýzmir;Foça;SIÐIR (KÜLTÜR);Büyükbaþ Hayvan;17669;161229,6;1294,7
Ýzmir;Gaziemir;SIÐIR (KÜLTÜR);Büyükbaþ Hayvan;159;1450,9;46214
Ýzmir;Güzelbahçe;SIÐIR (KÜLTÜR);Büyükbaþ Hayvan;1703;15539,9;124,8
Ýzmir;Karaburun;SIÐIR (KÜLTÜR);Büyükbaþ Hayvan;191;1742,9;14
Ýzmir;Karþýyaka;SIÐIR (KÜLTÜR);Büyükbaþ Hayvan;174;1587,8;46246
Ýzmir;Kemalpaþa;SIÐIR (KÜLTÜR);Büyükbaþ Hayvan;16397;149622,6;1201,5
Ýzmir;Kýnýk;SIÐIR (KÜLTÜR);Büyükbaþ Hayvan;3593;32786,1;263,3
Ýzmir;Kiraz;SIÐIR (KÜLTÜR);Büyükbaþ Hayvan;89670;818238,8;6570,7
Ýzmir;Menderes;SIÐIR (KÜLTÜR);Büyükbaþ Hayvan;2774;25312,8;203,3
Ýzmir;Menemen;SIÐIR (KÜLTÜR);Büyükbaþ Hayvan;9510;86778,8;696,9
Ýzmir;Narlýdere;SIÐIR (KÜLTÜR);Büyükbaþ Hayvan;52;474,5;46237
Ýzmir;Ödemiþ;SIÐIR (KÜLTÜR);Büyükbaþ Hayvan;172214;1571452,8;12619,2
Ýzmir;Seferihisar;SIÐIR (KÜLTÜR);Büyükbaþ Hayvan;4513;41181,1;330,7
Ýzmir;Selçuk;SIÐIR (KÜLTÜR);Büyükbaþ Hayvan;2143;19554,9;157
Ýzmir;Tire;SIÐIR (KÜLTÜR);Büyükbaþ Hayvan;120461;1099206,6;8826,9
Ýzmir;Torbalý;SIÐIR (KÜLTÜR);Büyükbaþ Hayvan;21370;195001,3;1565,9
Ýzmir;Urla;SIÐIR (KÜLTÜR);Büyükbaþ Hayvan;858;7829,3;62,9
Ýzmir;Aliaða;SIÐIR (MELEZ);Büyükbaþ Hayvan;2670;17541,9;112,7
Ýzmir;Bayýndýr;SIÐIR (MELEZ);Büyükbaþ Hayvan;417;2739,7;46190
Ýzmir;Bayraklý;SIÐIR (MELEZ);Büyükbaþ Hayvan;231;1517,7;46212
Ýzmir;Bergama;SIÐIR (MELEZ);Büyükbaþ Hayvan;33700;221409;1422,4
Ýzmir;Bornova;SIÐIR (MELEZ);Büyükbaþ Hayvan;250;1642,5;46183
Ýzmir;Çeþme;SIÐIR (MELEZ);Büyükbaþ Hayvan;1824;11983,7;77
Ýzmir;Çiðli;SIÐIR (MELEZ);Büyükbaþ Hayvan;1060;6964,2;44,7
Ýzmir;Dikili;SIÐIR (MELEZ);Büyükbaþ Hayvan;1115;7325,6;47,1
Ýzmir;Foça;SIÐIR (MELEZ);Büyükbaþ Hayvan;1230;8081,1;51,9
Ýzmir;Gaziemir;SIÐIR (MELEZ);Büyükbaþ Hayvan;141;926,4;6
Ýzmir;Güzelbahçe;SIÐIR (MELEZ);Büyükbaþ Hayvan;137;900,1;46239
Ýzmir;Karabaðlar;SIÐIR (MELEZ);Büyükbaþ Hayvan;28;184;46054
Ýzmir;Karþýyaka;SIÐIR (MELEZ);Büyükbaþ Hayvan;15;98,6;0,6
Ýzmir;Kemalpaþa;SIÐIR (MELEZ);Büyükbaþ Hayvan;12692;83386,4;535,7
Ýzmir;Kýnýk;SIÐIR (MELEZ);Büyükbaþ Hayvan;4115;27035,6;173,7
Ýzmir;Kiraz;SIÐIR (MELEZ);Büyükbaþ Hayvan;9532;62625,2;402,3
Ýzmir;Menderes;SIÐIR (MELEZ);Büyükbaþ Hayvan;22242;146129,9;938,8
Ýzmir;Menemen;SIÐIR (MELEZ);Büyükbaþ Hayvan;5047;33158,8;213
Ýzmir;Narlýdere;SIÐIR (MELEZ);Büyükbaþ Hayvan;11;72,3;0,5
Ýzmir;Ödemiþ;SIÐIR (MELEZ);Büyükbaþ Hayvan;336;2207,5;46067
Ýzmir;Seferihisar;SIÐIR (MELEZ);Büyükbaþ Hayvan;237;1557,1;10
Ýzmir;Selçuk;SIÐIR (MELEZ);Büyükbaþ Hayvan;1600;10512;67,5
Ýzmir;Tire;SIÐIR (MELEZ);Büyükbaþ Hayvan;6437;42291,1;271,7
Ýzmir;Torbalý;SIÐIR (MELEZ);Büyükbaþ Hayvan;910;5978,7;38,4
Ýzmir;Urla;SIÐIR (MELEZ);Büyükbaþ Hayvan;3992;26227,4;168,5
Ýzmir;Aliaða;SIÐIR (YERLÝ);Büyükbaþ Hayvan;2250;12318,8;65,9
Ýzmir;Bayýndýr;SIÐIR (YERLÝ);Büyükbaþ Hayvan;1830;10019,3;53,6
Ýzmir;Bergama;SIÐIR (YERLÝ);Büyükbaþ Hayvan;14005;76677,4;410,5
Ýzmir;Bornova;SIÐIR (YERLÝ);Büyükbaþ Hayvan;76;416,1;46055
Ýzmir;Dikili;SIÐIR (YERLÝ);Büyükbaþ Hayvan;956;5234,1;28
Ýzmir;Foça;SIÐIR (YERLÝ);Büyükbaþ Hayvan;22;120,5;0,6
Ýzmir;Gaziemir;SIÐIR (YERLÝ);Büyükbaþ Hayvan;51;279,2;46143
Ýzmir;Kemalpaþa;SIÐIR (YERLÝ);Büyükbaþ Hayvan;6010;32904,8;176,2
Ýzmir;Kýnýk;SIÐIR (YERLÝ);Büyükbaþ Hayvan;2572;14081,7;75,4
Ýzmir;Kiraz;SIÐIR (YERLÝ);Büyükbaþ Hayvan;691;3783,2;46101
Ýzmir;Menemen;SIÐIR (YERLÝ);Büyükbaþ Hayvan;1924;10533,9;56,4
Ýzmir;Narlýdere;SIÐIR (YERLÝ);Büyükbaþ Hayvan;5;46139;0,1
Ýzmir;Selçuk;SIÐIR (YERLÝ);Büyükbaþ Hayvan;23;125,9;0,7
Ýzmir;Tire;SIÐIR (YERLÝ);Büyükbaþ Hayvan;764;4182,9;46134
Ýzmir;Aliaða;KEÇÝ (KIL);Küçükbaþ Hayvan;5770;4212,1;46240
Ýzmir;Balçova;KEÇÝ (KIL);Küçükbaþ Hayvan;319;232,9;0,4
Ýzmir;Bayýndýr;KEÇÝ (KIL);Küçükbaþ Hayvan;6408;4677,8;46149
Ýzmir;Bayraklý;KEÇÝ (KIL);Küçükbaþ Hayvan;50;36,5;0,1
Ýzmir;Bergama;KEÇÝ (KIL);Küçükbaþ Hayvan;12565;9172,5;46217
Ýzmir;Beydað;KEÇÝ (KIL);Küçükbaþ Hayvan;489;357;0,6
Ýzmir;Bornova;KEÇÝ (KIL);Küçükbaþ Hayvan;5059;3693,1;46270
Ýzmir;Buca;KEÇÝ (KIL);Küçükbaþ Hayvan;5000;3650;46270
Ýzmir;Çeþme;KEÇÝ (KIL);Küçükbaþ Hayvan;3556;2595,9;46057
Ýzmir;Çiðli;KEÇÝ (KIL);Küçükbaþ Hayvan;1225;894,3;46113
Ýzmir;Dikili;KEÇÝ (KIL);Küçükbaþ Hayvan;20346;14852,6;46288
Ýzmir;Foça;KEÇÝ (KIL);Küçükbaþ Hayvan;5412;3950,8;46087
Ýzmir;Gaziemir;KEÇÝ (KIL);Küçükbaþ Hayvan;399;291,3;0,5
Ýzmir;Güzelbahçe;KEÇÝ (KIL);Küçükbaþ Hayvan;5273;3849,3;46059
Ýzmir;Karabaðlar;KEÇÝ (KIL);Küçükbaþ Hayvan;4517;3297,4;46086
Ýzmir;Karaburun;KEÇÝ (KIL);Küçükbaþ Hayvan;30277;22102,2;35,5
Ýzmir;Karþýyaka;KEÇÝ (KIL);Küçükbaþ Hayvan;1250;912,5;46143
Ýzmir;Kemalpaþa;KEÇÝ (KIL);Küçükbaþ Hayvan;18538;13532,7;46224
Ýzmir;Kýnýk;KEÇÝ (KIL);Küçükbaþ Hayvan;14750;10767,5;46098
Ýzmir;Kiraz;KEÇÝ (KIL);Küçükbaþ Hayvan;2747;2005,3;46056
Ýzmir;Menderes;KEÇÝ (KIL);Küçükbaþ Hayvan;13326;9728;46188
Ýzmir;Menemen;KEÇÝ (KIL);Küçükbaþ Hayvan;19521;14250,3;46287
Ýzmir;Narlýdere;KEÇÝ (KIL);Küçükbaþ Hayvan;306;223,4;0,4
Ýzmir;Ödemiþ;KEÇÝ (KIL);Küçükbaþ Hayvan;13145;9595,9;46127
Ýzmir;Seferihisar;KEÇÝ (KIL);Küçükbaþ Hayvan;22766;16619,2;46229
Ýzmir;Selçuk;KEÇÝ (KIL);Küçükbaþ Hayvan;5559;4058,1;46148
Ýzmir;Tire;KEÇÝ (KIL);Küçükbaþ Hayvan;9530;6956,9;46064
Ýzmir;Torbalý;KEÇÝ (KIL);Küçükbaþ Hayvan;9735;7106,6;46123
Ýzmir;Urla;KEÇÝ (KIL);Küçükbaþ Hayvan;12107;8838,1;46067
Ýzmir;Bornova;KOYUN (MERÝNOS);Küçükbaþ Hayvan;46;50,4;0,1
Ýzmir;Çiðli;KOYUN (MERÝNOS);Küçükbaþ Hayvan;755;826,7;2
Ýzmir;Foça;KOYUN (MERÝNOS);Küçükbaþ Hayvan;1763;1930,5;46207
Ýzmir;Kýnýk;KOYUN (MERÝNOS);Küçükbaþ Hayvan;141;154,4;0,4
Ýzmir;Menemen;KOYUN (MERÝNOS);Küçükbaþ Hayvan;2720;2978,4;46060
Ýzmir;Narlýdere;KOYUN (MERÝNOS);Küçükbaþ Hayvan;9;46274;0
Ýzmir;Aliaða;KOYUN (YERLÝ);Küçükbaþ Hayvan;34319;37579,3;90,5
Ýzmir;Balçova;KOYUN (YERLÝ);Küçükbaþ Hayvan;1882;2060,8;5
Ýzmir;Bayýndýr;KOYUN (YERLÝ);Küçükbaþ Hayvan;30958;33899;81,7
Ýzmir;Bayraklý;KOYUN (YERLÝ);Küçükbaþ Hayvan;283;309,9;0,7
Ýzmir;Bergama;KOYUN (YERLÝ);Küçükbaþ Hayvan;129500;141802,5;341,6
Ýzmir;Beydað;KOYUN (YERLÝ);Küçükbaþ Hayvan;2450;2682,8;46148
Ýzmir;Bornova;KOYUN (YERLÝ);Küçükbaþ Hayvan;7576;8295,7;20
Ýzmir;Buca;KOYUN (YERLÝ);Küçükbaþ Hayvan;3829;4192,8;46032
Ýzmir;Çeþme;KOYUN (YERLÝ);Küçükbaþ Hayvan;5633;6168,1;46279
Ýzmir;Çiðli;KOYUN (YERLÝ);Küçükbaþ Hayvan;15130;16567,4;39,9
Ýzmir;Dikili;KOYUN (YERLÝ);Küçükbaþ Hayvan;64854;71015,1;171,1
Ýzmir;Foça;KOYUN (YERLÝ);Küçükbaþ Hayvan;19156;20975,8;50,5
Ýzmir;Gaziemir;KOYUN (YERLÝ);Küçükbaþ Hayvan;1140;1248,3;3
Ýzmir;Güzelbahçe;KOYUN (YERLÝ);Küçükbaþ Hayvan;5642;6178;46279
Ýzmir;Karabaðlar;KOYUN (YERLÝ);Küçükbaþ Hayvan;2806;3072,6;46119
Ýzmir;Karaburun;KOYUN (YERLÝ);Küçükbaþ Hayvan;4164;4559,6;11
Ýzmir;Karþýyaka;KOYUN (YERLÝ);Küçükbaþ Hayvan;3000;3285;46272
Ýzmir;Kemalpaþa;KOYUN (YERLÝ);Küçükbaþ Hayvan;26448;28960,6;69,8
Ýzmir;Kýnýk;KOYUN (YERLÝ);Küçükbaþ Hayvan;24850;27210,8;65,6
Ýzmir;Kiraz;KOYUN (YERLÝ);Küçükbaþ Hayvan;30303;33181,8;79,9
Ýzmir;Menderes;KOYUN (YERLÝ);Küçükbaþ Hayvan;32423;35503,2;85,5
Ýzmir;Menemen;KOYUN (YERLÝ);Küçükbaþ Hayvan;37910;41511,5;100
Ýzmir;Narlýdere;KOYUN (YERLÝ);Küçükbaþ Hayvan;100;109,5;0,3
Ýzmir;Ödemiþ;KOYUN (YERLÝ);Küçükbaþ Hayvan;62820;68787,9;165,7
Ýzmir;Seferihisar;KOYUN (YERLÝ);Küçükbaþ Hayvan;31574;34573,5;83,3
Ýzmir;Selçuk;KOYUN (YERLÝ);Küçükbaþ Hayvan;11280;12351,6;46263
Ýzmir;Tire;KOYUN (YERLÝ);Küçükbaþ Hayvan;54462;59635,9;143,7
Ýzmir;Torbalý;KOYUN (YERLÝ);Küçükbaþ Hayvan;23535;25770,8;62,1
Ýzmir;Urla;KOYUN (YERLÝ);Küçükbaþ Hayvan;14499;15876,4;38,2
Ýzmir;Aliaða;ET TAVUÐU;Kanatlý Hayvan;640000;17280;4320,8
Ýzmir;Bayýndýr;ET TAVUÐU;Kanatlý Hayvan;609500;16456,5;4114,9
Ýzmir;Bergama;ET TAVUÐU;Kanatlý Hayvan;1260000;34020;8506,5
Ýzmir;Beydað;ET TAVUÐU;Kanatlý Hayvan;0;0;0
Ýzmir;Bornova;ET TAVUÐU;Kanatlý Hayvan;0;0;0
Ýzmir;Buca;ET TAVUÐU;Kanatlý Hayvan;205000;5535;1384
Ýzmir;Çeþme;ET TAVUÐU;Kanatlý Hayvan;24000;648;162
Ýzmir;Çiðli;ET TAVUÐU;Kanatlý Hayvan;0;0;0
Ýzmir;Dikili;ET TAVUÐU;Kanatlý Hayvan;297000;8019;2005,1
Ýzmir;Foça;ET TAVUÐU;Kanatlý Hayvan;996700;26910,9;6728,9
Ýzmir;Güzelbahçe;ET TAVUÐU;Kanatlý Hayvan;0;0;0
Ýzmir;Karabaðlar;ET TAVUÐU;Kanatlý Hayvan;0;0;0
Ýzmir;Kemalpaþa;ET TAVUÐU;Kanatlý Hayvan;2990000;80730;20186,1
Ýzmir;Kýnýk;ET TAVUÐU;Kanatlý Hayvan;1100000;29700;7426,3
Ýzmir;Kiraz;ET TAVUÐU;Kanatlý Hayvan;43900;1185,3;296,4
Ýzmir;Menderes;ET TAVUÐU;Kanatlý Hayvan;125000;3375;843,9
Ýzmir;Menemen;ET TAVUÐU;Kanatlý Hayvan;372000;10044;2511,5
Ýzmir;Narlýdere;ET TAVUÐU;Kanatlý Hayvan;0;0;0
Ýzmir;Ödemiþ;ET TAVUÐU;Kanatlý Hayvan;456000;12312;3078,6
Ýzmir;Seferihisar;ET TAVUÐU;Kanatlý Hayvan;158000;4266;1066,7
Ýzmir;Selçuk;ET TAVUÐU;Kanatlý Hayvan;76000;2052;513,1
Ýzmir;Tire;ET TAVUÐU;Kanatlý Hayvan;1642469;44346,7;11088,7
Ýzmir;Torbalý;ET TAVUÐU;Kanatlý Hayvan;2892600;78100,2;19528,6
Ýzmir;Urla;ET TAVUÐU;Kanatlý Hayvan;93640;2528,3;632,2
Ýzmir;Aliaða;HÝNDÝ;Kanatlý Hayvan;120;46146;46023
Ýzmir;Bayýndýr;HÝNDÝ;Kanatlý Hayvan;34600;1297,5;324,4
Ýzmir;Bergama;HÝNDÝ;Kanatlý Hayvan;32000;1200;300,1
Ýzmir;Beydað;HÝNDÝ;Kanatlý Hayvan;195;46088;46235
Ýzmir;Bornova;HÝNDÝ;Kanatlý Hayvan;0;0;0
Ýzmir;Buca;HÝNDÝ;Kanatlý Hayvan;140;46086;46082
Ýzmir;Çeþme;HÝNDÝ;Kanatlý Hayvan;10;0,4;0,1
Ýzmir;Çiðli;HÝNDÝ;Kanatlý Hayvan;0;0;0
Ýzmir;Dikili;HÝNDÝ;Kanatlý Hayvan;360;46155;46115
Ýzmir;Foça;HÝNDÝ;Kanatlý Hayvan;0;0;0
Ýzmir;Güzelbahçe;HÝNDÝ;Kanatlý Hayvan;0;0;0
Ýzmir;Karabaðlar;HÝNDÝ;Kanatlý Hayvan;0;0;0
Ýzmir;Kemalpaþa;HÝNDÝ;Kanatlý Hayvan;155000;5812,5;1453,4
Ýzmir;Kýnýk;HÝNDÝ;Kanatlý Hayvan;420;46249;46268
Ýzmir;Kiraz;HÝNDÝ;Kanatlý Hayvan;78200;2932,5;733,3
Ýzmir;Menderes;HÝNDÝ;Kanatlý Hayvan;782;46110;46088
Ýzmir;Menemen;HÝNDÝ;Kanatlý Hayvan;830;46053;46241
Ýzmir;Narlýdere;HÝNDÝ;Kanatlý Hayvan;2;0,1;0
Ýzmir;Ödemiþ;HÝNDÝ;Kanatlý Hayvan;50000;1875;468,8
Ýzmir;Seferihisar;HÝNDÝ;Kanatlý Hayvan;63;46114;0,6
Ýzmir;Selçuk;HÝNDÝ;Kanatlý Hayvan;155;46239;46143
Ýzmir;Tire;HÝNDÝ;Kanatlý Hayvan;39550;1483,1;370,8
Ýzmir;Torbalý;HÝNDÝ;Kanatlý Hayvan;50570;1896,4;474,2
Ýzmir;Urla;HÝNDÝ;Kanatlý Hayvan;6000;225;56,3
Ýzmir;Aliaða;KAZ;Kanatlý Hayvan;150;7;46235
Ýzmir;Bayýndýr;KAZ;Kanatlý Hayvan;50;46083;0,6
Ýzmir;Bergama;KAZ;Kanatlý Hayvan;650;46142;46180
Ýzmir;Beydað;KAZ;Kanatlý Hayvan;38;46235;0,4
Ýzmir;Buca;KAZ;Kanatlý Hayvan;72;46115;0,8
Ýzmir;Çeþme;KAZ;Kanatlý Hayvan;28;46082;0,3
Ýzmir;Çiðli;KAZ;Kanatlý Hayvan;0;0;0
Ýzmir;Dikili;KAZ;Kanatlý Hayvan;0;0;0
Ýzmir;Foça;KAZ;Kanatlý Hayvan;0;0;0
Ýzmir;Güzelbahçe;KAZ;Kanatlý Hayvan;0;0;0
Ýzmir;Karabaðlar;KAZ;Kanatlý Hayvan;0;0;0
Ýzmir;Karþýyaka;KAZ;Kanatlý Hayvan;21;1;0,2
Ýzmir;Kemalpaþa;KAZ;Kanatlý Hayvan;102;46238;46054
Ýzmir;Kýnýk;KAZ;Kanatlý Hayvan;125;46270;46143
Ýzmir;Kiraz;KAZ;Kanatlý Hayvan;28;46082;0,3
Ýzmir;Menderes;KAZ;Kanatlý Hayvan;1054;49,3;46093
Ýzmir;Menemen;KAZ;Kanatlý Hayvan;890;41,7;46122
Ýzmir;Narlýdere;KAZ;Kanatlý Hayvan;1;0;0
Ýzmir;Ödemiþ;KAZ;Kanatlý Hayvan;450;46043;46086
Ýzmir;Seferihisar;KAZ;Kanatlý Hayvan;585;46139;46240
Ýzmir;Selçuk;KAZ;Kanatlý Hayvan;60;46236;0,7
Ýzmir;Tire;KAZ;Kanatlý Hayvan;155;46088;46235
Ýzmir;Torbalý;KAZ;Kanatlý Hayvan;0;0;0
Ýzmir;Urla;KAZ;Kanatlý Hayvan;95;46116;46023
Ýzmir;Aliaða;ÖRDEK;Kanatlý Hayvan;30;46113;0,4
Ýzmir;Bayýndýr;ÖRDEK;Kanatlý Hayvan;30;46113;0,4
Ýzmir;Bergama;ÖRDEK;Kanatlý Hayvan;700;32,8;46061
Ýzmir;Beydað;ÖRDEK;Kanatlý Hayvan;25;46054;0,3
Ýzmir;Bornova;ÖRDEK;Kanatlý Hayvan;120;46178;46113
Ýzmir;Buca;ÖRDEK;Kanatlý Hayvan;115;46117;46082
Ýzmir;Çeþme;ÖRDEK;Kanatlý Hayvan;16;0,7;0,2
Ýzmir;Çiðli;ÖRDEK;Kanatlý Hayvan;0;0;0
Ýzmir;Dikili;ÖRDEK;Kanatlý Hayvan;0;0;0
Ýzmir;Foça;ÖRDEK;Kanatlý Hayvan;20;0,9;0,2
Ýzmir;Güzelbahçe;ÖRDEK;Kanatlý Hayvan;0;0;0
Ýzmir;Karabaðlar;ÖRDEK;Kanatlý Hayvan;0;0;0
Ýzmir;Karþýyaka;ÖRDEK;Kanatlý Hayvan;11;0,5;0,1
Ýzmir;Kemalpaþa;ÖRDEK;Kanatlý Hayvan;75;46145;0,9
Ýzmir;Kýnýk;ÖRDEK;Kanatlý Hayvan;85;4;1
Ýzmir;Kiraz;ÖRDEK;Kanatlý Hayvan;30;46113;0,4
Ýzmir;Menderes;ÖRDEK;Kanatlý Hayvan;1244;58,2;46187
Ýzmir;Menemen;ÖRDEK;Kanatlý Hayvan;885;41,4;46122
Ýzmir;Narlýdere;ÖRDEK;Kanatlý Hayvan;5;0,2;0,1
Ýzmir;Ödemiþ;ÖRDEK;Kanatlý Hayvan;400;46221;46207
Ýzmir;Seferihisar;ÖRDEK;Kanatlý Hayvan;52;46114;0,6
Ýzmir;Selçuk;ÖRDEK;Kanatlý Hayvan;55;46175;0,6
Ýzmir;Tire;ÖRDEK;Kanatlý Hayvan;270;46185;46056
Ýzmir;Torbalý;ÖRDEK;Kanatlý Hayvan;0;0;0
Ýzmir;Urla;ÖRDEK;Kanatlý Hayvan;58;46205;0,7
Ýzmir;Aliaða;YUMURTA TAVUÐU;Kanatlý Hayvan;257740;14111,3;3528,5
Ýzmir;Balçova;YUMURTA TAVUÐU;Kanatlý Hayvan;690;37,8;46121
Ýzmir;Bayýndýr;YUMURTA TAVUÐU;Kanatlý Hayvan;47450;2597,9;649,6
Ýzmir;Bayraklý;YUMURTA TAVUÐU;Kanatlý Hayvan;120;46179;46174
Ýzmir;Bergama;YUMURTA TAVUÐU;Kanatlý Hayvan;13500;739,1;184,8
Ýzmir;Beydað;YUMURTA TAVUÐU;Kanatlý Hayvan;5945;325,5;81,4
Ýzmir;Bornova;YUMURTA TAVUÐU;Kanatlý Hayvan;2000;109,5;46139
Ýzmir;Buca;YUMURTA TAVUÐU;Kanatlý Hayvan;0;0;0
Ýzmir;Çeþme;YUMURTA TAVUÐU;Kanatlý Hayvan;1550;84,9;46074
Ýzmir;Çiðli;YUMURTA TAVUÐU;Kanatlý Hayvan;0;0;0
Ýzmir;Dikili;YUMURTA TAVUÐU;Kanatlý Hayvan;15500;848,6;212,2
Ýzmir;Foça;YUMURTA TAVUÐU;Kanatlý Hayvan;1582000;86614,5;21657,5
Ýzmir;Güzelbahçe;YUMURTA TAVUÐU;Kanatlý Hayvan;1450;79,4;46284
Ýzmir;Karabaðlar;YUMURTA TAVUÐU;Kanatlý Hayvan;0;0;0
Ýzmir;Karþýyaka;YUMURTA TAVUÐU;Kanatlý Hayvan;136;46119;46266
Ýzmir;Kemalpaþa;YUMURTA TAVUÐU;Kanatlý Hayvan;2971000;162662,3;40672,9
Ýzmir;Kýnýk;YUMURTA TAVUÐU;Kanatlý Hayvan;3500;191,6;47,9
Ýzmir;Kiraz;YUMURTA TAVUÐU;Kanatlý Hayvan;12100;662,5;165,6
Ýzmir;Menderes;YUMURTA TAVUÐU;Kanatlý Hayvan;270800;14826,3;3707,2
Ýzmir;Menemen;YUMURTA TAVUÐU;Kanatlý Hayvan;1194100;65377;16347,2
Ýzmir;Narlýdere;YUMURTA TAVUÐU;Kanatlý Hayvan;465;46167;46118
Ýzmir;Ödemiþ;YUMURTA TAVUÐU;Kanatlý Hayvan;91500;5009,6;1252,6
Ýzmir;Seferihisar;YUMURTA TAVUÐU;Kanatlý Hayvan;80650;4415,6;1104,1
Ýzmir;Selçuk;YUMURTA TAVUÐU;Kanatlý Hayvan;9000;492,8;123,2
Ýzmir;Tire;YUMURTA TAVUÐU;Kanatlý Hayvan;333620;18265,7;4567,2
Ýzmir;Torbalý;YUMURTA TAVUÐU;Kanatlý Hayvan;421920;23100,1;5776,1
Ýzmir;Urla;YUMURTA TAVUÐU;Kanatlý Hayvan;241380;13215,6;3304,5
Kars;Akyaka;AT;Büyükbaþ Hayvan;250;1368,8;46088
Kars;Arpaçay;AT;Büyükbaþ Hayvan;1700;9307,5;49,8
Kars;Digor;AT;Büyükbaþ Hayvan;900;4927,5;46138
Kars;Kaðýzman;AT;Büyükbaþ Hayvan;500;2737,5;46217
Kars;Merkez;AT;Büyükbaþ Hayvan;2000;10950;58,6
Kars;Sarýkamýþ;AT;Büyükbaþ Hayvan;1000;5475;46110
Kars;Selim;AT;Büyükbaþ Hayvan;1679;9192,5;49,2
Kars;Susuz;AT;Büyükbaþ Hayvan;250;1368,8;46088
Kars;Akyaka;EÞEK;Büyükbaþ Hayvan;50;136,9;0,4
Kars;Arpaçay;EÞEK;Büyükbaþ Hayvan;300;821,3;46175
Kars;Digor;EÞEK;Büyükbaþ Hayvan;400;1095;46145
Kars;Kaðýzman;EÞEK;Büyükbaþ Hayvan;500;1368,8;46116
Kars;Merkez;EÞEK;Büyükbaþ Hayvan;500;1368,8;46116
Kars;Sarýkamýþ;EÞEK;Büyükbaþ Hayvan;500;1368,8;46116
Kars;Selim;EÞEK;Büyükbaþ Hayvan;250;684,4;46055
Kars;Susuz;EÞEK;Büyükbaþ Hayvan;50;136,9;0,4
Kars;Akyaka;KATIR;Büyükbaþ Hayvan;5;46286;0,1
Kars;Akyaka;MANDA;Büyükbaþ Hayvan;30;219;46174
Kars;Merkez;MANDA;Büyükbaþ Hayvan;10;73;0,5
Kars;Selim;MANDA;Büyükbaþ Hayvan;10;73;0,5
Kars;Akyaka;SIÐIR (KÜLTÜR);Büyükbaþ Hayvan;8652;78949,5;634
Kars;Arpaçay;SIÐIR (KÜLTÜR);Büyükbaþ Hayvan;14079;128470,9;1031,7
Kars;Digor;SIÐIR (KÜLTÜR);Büyükbaþ Hayvan;11856;108186;868,8
Kars;Kaðýzman;SIÐIR (KÜLTÜR);Büyükbaþ Hayvan;11115;101424,4;814,5
Kars;Merkez;SIÐIR (KÜLTÜR);Büyükbaþ Hayvan;27170;247926,3;1990,9
Kars;Sarýkamýþ;SIÐIR (KÜLTÜR);Büyükbaþ Hayvan;15067;137486,4;1104
Kars;Selim;SIÐIR (KÜLTÜR);Büyükbaþ Hayvan;14573;132978,6;1067,9
Kars;Susuz;SIÐIR (KÜLTÜR);Büyükbaþ Hayvan;8645;78885,6;633,5
Kars;Akyaka;SIÐIR (MELEZ);Büyükbaþ Hayvan;23960;157417,2;1011,3
Kars;Arpaçay;SIÐIR (MELEZ);Büyükbaþ Hayvan;38988;256151,2;1645,6
Kars;Digor;SIÐIR (MELEZ);Büyükbaþ Hayvan;32832;215706,2;1385,7
Kars;Kaðýzman;SIÐIR (MELEZ);Büyükbaþ Hayvan;30780;202224,6;1299,1
Kars;Merkez;SIÐIR (MELEZ);Büyükbaþ Hayvan;75260;494458,2;3176,5
Kars;Sarýkamýþ;SIÐIR (MELEZ);Büyükbaþ Hayvan;41724;274126,7;1761
Kars;Selim;SIÐIR (MELEZ);Büyükbaþ Hayvan;40356;265138,9;1703,3
Kars;Susuz;SIÐIR (MELEZ);Büyükbaþ Hayvan;23940;157285,8;1010,4
Kars;Akyaka;SIÐIR (YERLÝ);Büyükbaþ Hayvan;2418;13238,6;70,9
Kars;Arpaçay;SIÐIR (YERLÝ);Büyükbaþ Hayvan;3933;21533,2;115,3
Kars;Digor;SIÐIR (YERLÝ);Büyükbaþ Hayvan;3312;18133,2;97,1
Kars;Kaðýzman;SIÐIR (YERLÝ);Büyükbaþ Hayvan;3105;16999,9;91
Kars;Merkez;SIÐIR (YERLÝ);Büyükbaþ Hayvan;7590;41555,3;222,5
Kars;Sarýkamýþ;SIÐIR (YERLÝ);Büyükbaþ Hayvan;4210;23049,8;123,4
Kars;Selim;SIÐIR (YERLÝ);Büyükbaþ Hayvan;4071;22288,7;119,3
Kars;Susuz;SIÐIR (YERLÝ);Büyükbaþ Hayvan;2415;13222,1;70,8
Kars;Akyaka;KEÇÝ (KIL);Küçükbaþ Hayvan;1000;730;46054
Kars;Arpaçay;KEÇÝ (KIL);Küçükbaþ Hayvan;1500;1095;46235
Kars;Digor;KEÇÝ (KIL);Küçükbaþ Hayvan;7500;5475;46242
Kars;Kaðýzman;KEÇÝ (KIL);Küçükbaþ Hayvan;9000;6570;46183
Kars;Merkez;KEÇÝ (KIL);Küçükbaþ Hayvan;5000;3650;46270
Kars;Sarýkamýþ;KEÇÝ (KIL);Küçükbaþ Hayvan;5000;3650;46270
Kars;Selim;KEÇÝ (KIL);Küçükbaþ Hayvan;3000;2190;46145
Kars;Susuz;KEÇÝ (KIL);Küçükbaþ Hayvan;1000;730;46054
Kars;Akyaka;KOYUN (YERLÝ);Küçükbaþ Hayvan;12000;13140;46234
Kars;Arpaçay;KOYUN (YERLÝ);Küçükbaþ Hayvan;60000;65700;158,3
Kars;Digor;KOYUN (YERLÝ);Küçükbaþ Hayvan;72500;79387,5;191,3
Kars;Kaðýzman;KOYUN (YERLÝ);Küçükbaþ Hayvan;150000;164250;395,7
Kars;Merkez;KOYUN (YERLÝ);Küçükbaþ Hayvan;65000;71175;171,5
Kars;Sarýkamýþ;KOYUN (YERLÝ);Küçükbaþ Hayvan;30000;32850;79,1
Kars;Selim;KOYUN (YERLÝ);Küçükbaþ Hayvan;22000;24090;58
Kars;Susuz;KOYUN (YERLÝ);Küçükbaþ Hayvan;12000;13140;46234
Kars;Akyaka;ET TAVUÐU;Kanatlý Hayvan;0;0;0
Kars;Arpaçay;ET TAVUÐU;Kanatlý Hayvan;0;0;0
Kars;Digor;ET TAVUÐU;Kanatlý Hayvan;0;0;0
Kars;Kaðýzman;ET TAVUÐU;Kanatlý Hayvan;0;0;0
Kars;Merkez;ET TAVUÐU;Kanatlý Hayvan;0;0;0
Kars;Sarýkamýþ;ET TAVUÐU;Kanatlý Hayvan;0;0;0
Kars;Selim;ET TAVUÐU;Kanatlý Hayvan;0;0;0
Kars;Susuz;ET TAVUÐU;Kanatlý Hayvan;0;0;0
Kars;Akyaka;HÝNDÝ;Kanatlý Hayvan;3000;112,5;46050
Kars;Arpaçay;HÝNDÝ;Kanatlý Hayvan;4000;150;37,5
Kars;Digor;HÝNDÝ;Kanatlý Hayvan;1000;37,5;46121
Kars;Kaðýzman;HÝNDÝ;Kanatlý Hayvan;4240;159;39,8
Kars;Merkez;HÝNDÝ;Kanatlý Hayvan;15000;562,5;140,7
Kars;Sarýkamýþ;HÝNDÝ;Kanatlý Hayvan;3000;112,5;46050
Kars;Selim;HÝNDÝ;Kanatlý Hayvan;4520;169,5;42,4
Kars;Susuz;HÝNDÝ;Kanatlý Hayvan;2122;79,6;46284
Kars;Akyaka;KAZ;Kanatlý Hayvan;34500;1614,6;403,7
Kars;Arpaçay;KAZ;Kanatlý Hayvan;52500;2457;614,4
Kars;Digor;KAZ;Kanatlý Hayvan;28500;1333,8;333,5
Kars;Kaðýzman;KAZ;Kanatlý Hayvan;11870;555,5;138,9
Kars;Merkez;KAZ;Kanatlý Hayvan;82500;3861;965,4
Kars;Sarýkamýþ;KAZ;Kanatlý Hayvan;19360;906;226,6
Kars;Selim;KAZ;Kanatlý Hayvan;14280;668,3;167,1
Kars;Susuz;KAZ;Kanatlý Hayvan;30647;1434,3;358,6
Kars;Akyaka;ÖRDEK;Kanatlý Hayvan;1300;60,8;46068
Kars;Arpaçay;ÖRDEK;Kanatlý Hayvan;1450;67,9;17
Kars;Digor;ÖRDEK;Kanatlý Hayvan;200;46121;46083
Kars;Kaðýzman;ÖRDEK;Kanatlý Hayvan;300;14;46145
Kars;Merkez;ÖRDEK;Kanatlý Hayvan;1000;46,8;46214
Kars;Sarýkamýþ;ÖRDEK;Kanatlý Hayvan;0;0;0
Kars;Selim;ÖRDEK;Kanatlý Hayvan;4520;211,5;52,9
Kars;Susuz;ÖRDEK;Kanatlý Hayvan;1592;74,5;46191
Kars;Akyaka;YUMURTA TAVUÐU;Kanatlý Hayvan;9000;492,8;123,2
Kars;Arpaçay;YUMURTA TAVUÐU;Kanatlý Hayvan;37000;2025,8;506,5
Kars;Digor;YUMURTA TAVUÐU;Kanatlý Hayvan;2040;111,7;46292
Kars;Kaðýzman;YUMURTA TAVUÐU;Kanatlý Hayvan;78200;4281,5;1070,6
Kars;Merkez;YUMURTA TAVUÐU;Kanatlý Hayvan;103000;5639,3;1410,1
Kars;Sarýkamýþ;YUMURTA TAVUÐU;Kanatlý Hayvan;7840;429,2;107,3
Kars;Selim;YUMURTA TAVUÐU;Kanatlý Hayvan;11300;618,7;154,7
Kars;Susuz;YUMURTA TAVUÐU;Kanatlý Hayvan;24584;1346;336,6
Kastamonu;Aðlý;AT;Büyükbaþ Hayvan;10;54,8;0,3
Kastamonu;Araç;AT;Büyükbaþ Hayvan;6;32,9;0,2
Kastamonu;Azdavay;AT;Büyükbaþ Hayvan;41;224,5;46054
Kastamonu;Bozkurt;AT;Büyükbaþ Hayvan;7;38,3;0,2
Kastamonu;Çatalzeytin;AT;Büyükbaþ Hayvan;20;109,5;0,6
Kastamonu;Cide;AT;Büyükbaþ Hayvan;80;438;46083
Kastamonu;Daday;AT;Büyükbaþ Hayvan;29;158,8;0,9
Kastamonu;Devrekani;AT;Büyükbaþ Hayvan;105;574,9;46025
Kastamonu;Doðanyurt;AT;Büyükbaþ Hayvan;29;158,8;0,9
Kastamonu;Ýhsangazi;AT;Büyükbaþ Hayvan;182;996,5;46086
Kastamonu;Ýnebolu;AT;Büyükbaþ Hayvan;242;1325;46029
Kastamonu;Küre;AT;Büyükbaþ Hayvan;44;240,9;46082
Kastamonu;Merkez;AT;Büyükbaþ Hayvan;45;246,4;46082
Kastamonu;Pýnarbaþý;AT;Büyükbaþ Hayvan;5;46139;0,1
Kastamonu;Seydiler;AT;Büyükbaþ Hayvan;16;87,6;0,5
Kastamonu;Taþköprü;AT;Büyükbaþ Hayvan;45;246,4;46082
Kastamonu;Tosya;AT;Büyükbaþ Hayvan;8;43,8;0,2
Kastamonu;Abana;EÞEK;Büyükbaþ Hayvan;4;11;0
Kastamonu;Aðlý;EÞEK;Büyükbaþ Hayvan;85;232,7;0,7
Kastamonu;Araç;EÞEK;Büyükbaþ Hayvan;60;164,3;0,5
Kastamonu;Azdavay;EÞEK;Büyükbaþ Hayvan;38;104;0,3
Kastamonu;Bozkurt;EÞEK;Büyükbaþ Hayvan;81;221,7;0,7
Kastamonu;Çatalzeytin;EÞEK;Büyükbaþ Hayvan;80;219;0,7
Kastamonu;Cide;EÞEK;Büyükbaþ Hayvan;770;2107,9;46240
Kastamonu;Daday;EÞEK;Büyükbaþ Hayvan;6;46128;0,1
Kastamonu;Devrekani;EÞEK;Büyükbaþ Hayvan;68;186,2;0,6
Kastamonu;Doðanyurt;EÞEK;Büyükbaþ Hayvan;345;944,4;3
Kastamonu;Hanönü;EÞEK;Büyükbaþ Hayvan;27;73,9;0,2
Kastamonu;Ýhsangazi;EÞEK;Büyükbaþ Hayvan;303;829,5;46205
Kastamonu;Ýnebolu;EÞEK;Büyükbaþ Hayvan;20;54,8;0,2
Kastamonu;Küre;EÞEK;Büyükbaþ Hayvan;212;580,4;46266
Kastamonu;Merkez;EÞEK;Büyükbaþ Hayvan;306;837,7;46205
Kastamonu;Pýnarbaþý;EÞEK;Büyükbaþ Hayvan;17;46,5;0,1
Kastamonu;Þenpazar;EÞEK;Büyükbaþ Hayvan;40;109,5;0,4
Kastamonu;Seydiler;EÞEK;Büyükbaþ Hayvan;70;191,6;0,6
Kastamonu;Taþköprü;EÞEK;Büyükbaþ Hayvan;104;284,7;0,9
Kastamonu;Tosya;EÞEK;Büyükbaþ Hayvan;52;142,4;0,5
Kastamonu;Aðlý;KATIR;Büyükbaþ Hayvan;12;52,6;0,2
Kastamonu;Araç;KATIR;Büyükbaþ Hayvan;6;46107;0,1
Kastamonu;Azdavay;KATIR;Büyükbaþ Hayvan;3;46035;0,1
Kastamonu;Bozkurt;KATIR;Büyükbaþ Hayvan;7;46233;0,1
Kastamonu;Cide;KATIR;Büyükbaþ Hayvan;680;2978,4;46246
Kastamonu;Devrekani;KATIR;Büyükbaþ Hayvan;27;118,3;0,5
Kastamonu;Doðanyurt;KATIR;Büyükbaþ Hayvan;154;674,5;46267
Kastamonu;Ýhsangazi;KATIR;Büyükbaþ Hayvan;45;197,1;0,8
Kastamonu;Ýnebolu;KATIR;Büyükbaþ Hayvan;92;403;46204
Kastamonu;Küre;KATIR;Büyükbaþ Hayvan;64;280,3;46054
Kastamonu;Merkez;KATIR;Büyükbaþ Hayvan;14;61,3;0,3
Kastamonu;Pýnarbaþý;KATIR;Büyükbaþ Hayvan;2;46242;0
Kastamonu;Þenpazar;KATIR;Büyükbaþ Hayvan;132;578,2;46144
Kastamonu;Taþköprü;KATIR;Büyükbaþ Hayvan;19;83,2;0,4
Kastamonu;Tosya;KATIR;Büyükbaþ Hayvan;13;56,9;0,2
Kastamonu;Aðlý;MANDA;Büyükbaþ Hayvan;24;175,2;46082
Kastamonu;Araç;MANDA;Büyükbaþ Hayvan;61;445,3;46084
Kastamonu;Azdavay;MANDA;Büyükbaþ Hayvan;21;153,3;46023
Kastamonu;Bozkurt;MANDA;Büyükbaþ Hayvan;5;36,5;0,3
Kastamonu;Çatalzeytin;MANDA;Büyükbaþ Hayvan;8;58,4;0,4
Kastamonu;Cide;MANDA;Büyükbaþ Hayvan;874;6380,2;47,8
Kastamonu;Daday;MANDA;Büyükbaþ Hayvan;70;511;46237
Kastamonu;Devrekani;MANDA;Büyükbaþ Hayvan;51;372,3;46236
Kastamonu;Hanönü;MANDA;Büyükbaþ Hayvan;19;138,7;1
Kastamonu;Ýhsangazi;MANDA;Büyükbaþ Hayvan;58;423,4;46056
Kastamonu;Merkez;MANDA;Büyükbaþ Hayvan;460;3358;46078
Kastamonu;Pýnarbaþý;MANDA;Büyükbaþ Hayvan;86;627,8;46207
Kastamonu;Seydiler;MANDA;Büyükbaþ Hayvan;40;292;46055
Kastamonu;Taþköprü;MANDA;Büyükbaþ Hayvan;40;292;46055
Kastamonu;Tosya;MANDA;Büyükbaþ Hayvan;107;781,1;46270
Kastamonu;Abana;SIÐIR (KÜLTÜR);Büyükbaþ Hayvan;75;684,4;46147
Kastamonu;Aðlý;SIÐIR (KÜLTÜR);Büyükbaþ Hayvan;3761;34319,1;275,6
Kastamonu;Araç;SIÐIR (KÜLTÜR);Büyükbaþ Hayvan;5057;46145,1;370,6
Kastamonu;Azdavay;SIÐIR (KÜLTÜR);Büyükbaþ Hayvan;3016;27521;221
Kastamonu;Bozkurt;SIÐIR (KÜLTÜR);Büyükbaþ Hayvan;700;6387,5;51,3
Kastamonu;Çatalzeytin;SIÐIR (KÜLTÜR);Büyükbaþ Hayvan;964;8796,5;70,6
Kastamonu;Cide;SIÐIR (KÜLTÜR);Büyükbaþ Hayvan;1200;10950;87,9
Kastamonu;Daday;SIÐIR (KÜLTÜR);Büyükbaþ Hayvan;9565;87280,6;700,9
Kastamonu;Devrekani;SIÐIR (KÜLTÜR);Büyükbaþ Hayvan;29748;271450,5;2179,8
Kastamonu;Doðanyurt;SIÐIR (KÜLTÜR);Büyükbaþ Hayvan;350;3193,8;46198
Kastamonu;Hanönü;SIÐIR (KÜLTÜR);Büyükbaþ Hayvan;2210;20166,3;161,9
Kastamonu;Ýhsangazi;SIÐIR (KÜLTÜR);Büyükbaþ Hayvan;7725;70490,6;566,1
Kastamonu;Ýnebolu;SIÐIR (KÜLTÜR);Büyükbaþ Hayvan;1253;11433,6;91,8
Kastamonu;Küre;SIÐIR (KÜLTÜR);Büyükbaþ Hayvan;2490;22721,3;182,5
Kastamonu;Merkez;SIÐIR (KÜLTÜR);Büyükbaþ Hayvan;59379;541833,4;4351,1
Kastamonu;Pýnarbaþý;SIÐIR (KÜLTÜR);Büyükbaþ Hayvan;925;8440,6;67,8
Kastamonu;Þenpazar;SIÐIR (KÜLTÜR);Büyükbaþ Hayvan;392;3577;46231
Kastamonu;Seydiler;SIÐIR (KÜLTÜR);Büyükbaþ Hayvan;5770;52651,3;422,8
Kastamonu;Taþköprü;SIÐIR (KÜLTÜR);Büyükbaþ Hayvan;28627;261221,4;2097,7
Kastamonu;Tosya;SIÐIR (KÜLTÜR);Büyükbaþ Hayvan;12156;110923,5;890,7
Kastamonu;Abana;SIÐIR (MELEZ);Büyükbaþ Hayvan;132;867,2;46178
Kastamonu;Aðlý;SIÐIR (MELEZ);Büyükbaþ Hayvan;2243;14736,5;94,7
Kastamonu;Araç;SIÐIR (MELEZ);Büyükbaþ Hayvan;8757;57533,5;369,6
Kastamonu;Azdavay;SIÐIR (MELEZ);Büyükbaþ Hayvan;7131;46850,7;301
Kastamonu;Bozkurt;SIÐIR (MELEZ);Büyükbaþ Hayvan;950;6241,5;40,1
Kastamonu;Çatalzeytin;SIÐIR (MELEZ);Büyükbaþ Hayvan;1054;6924,8;44,5
Kastamonu;Cide;SIÐIR (MELEZ);Büyükbaþ Hayvan;3539;23251,2;149,4
Kastamonu;Daday;SIÐIR (MELEZ);Büyükbaþ Hayvan;3484;22889,9;147
Kastamonu;Devrekani;SIÐIR (MELEZ);Büyükbaþ Hayvan;11110;72992,7;468,9
Kastamonu;Doðanyurt;SIÐIR (MELEZ);Büyükbaþ Hayvan;746;4901,2;46173
Kastamonu;Hanönü;SIÐIR (MELEZ);Büyükbaþ Hayvan;2187;14368,6;92,3
Kastamonu;Ýhsangazi;SIÐIR (MELEZ);Büyükbaþ Hayvan;3601;23658,6;152
Kastamonu;Ýnebolu;SIÐIR (MELEZ);Büyükbaþ Hayvan;2030;13337,1;85,7
Kastamonu;Küre;SIÐIR (MELEZ);Büyükbaþ Hayvan;1691;11109,9;71,4
Kastamonu;Merkez;SIÐIR (MELEZ);Büyükbaþ Hayvan;9152;60128,6;386,3
Kastamonu;Pýnarbaþý;SIÐIR (MELEZ);Büyükbaþ Hayvan;2849;18717,9;120,2
Kastamonu;Þenpazar;SIÐIR (MELEZ);Büyükbaþ Hayvan;1338;8790,7;56,5
Kastamonu;Seydiler;SIÐIR (MELEZ);Büyükbaþ Hayvan;2734;17962,4;115,4
Kastamonu;Taþköprü;SIÐIR (MELEZ);Büyükbaþ Hayvan;13523;88846,1;570,8
Kastamonu;Tosya;SIÐIR (MELEZ);Büyükbaþ Hayvan;7976;52402,3;336,6
Kastamonu;Abana;SIÐIR (YERLÝ);Büyükbaþ Hayvan;24;131,4;0,7
Kastamonu;Aðlý;SIÐIR (YERLÝ);Büyükbaþ Hayvan;64;350,4;46266
Kastamonu;Araç;SIÐIR (YERLÝ);Büyükbaþ Hayvan;2686;14705,9;78,7
Kastamonu;Azdavay;SIÐIR (YERLÝ);Büyükbaþ Hayvan;425;2326,9;46154
Kastamonu;Bozkurt;SIÐIR (YERLÝ);Büyükbaþ Hayvan;451;2469,2;46066
Kastamonu;Çatalzeytin;SIÐIR (YERLÝ);Büyükbaþ Hayvan;23;125,9;0,7
Kastamonu;Cide;SIÐIR (YERLÝ);Büyükbaþ Hayvan;2006;10982,9;58,8
Kastamonu;Daday;SIÐIR (YERLÝ);Büyükbaþ Hayvan;775;4243,1;46225
Kastamonu;Devrekani;SIÐIR (YERLÝ);Büyükbaþ Hayvan;1425;7801,9;41,8
Kastamonu;Doðanyurt;SIÐIR (YERLÝ);Büyükbaþ Hayvan;906;4960,4;46199
Kastamonu;Hanönü;SIÐIR (YERLÝ);Büyükbaþ Hayvan;215;1177,1;46087
Kastamonu;Ýhsangazi;SIÐIR (YERLÝ);Büyükbaþ Hayvan;243;1330,4;46029
Kastamonu;Ýnebolu;SIÐIR (YERLÝ);Büyükbaþ Hayvan;975;5338,1;46201
Kastamonu;Küre;SIÐIR (YERLÝ);Büyükbaþ Hayvan;397;2173,6;46184
Kastamonu;Merkez;SIÐIR (YERLÝ);Büyükbaþ Hayvan;344;1883,4;46032
Kastamonu;Pýnarbaþý;SIÐIR (YERLÝ);Büyükbaþ Hayvan;354;1938,2;46122
Kastamonu;Þenpazar;SIÐIR (YERLÝ);Büyükbaþ Hayvan;94;514,7;46236
Kastamonu;Seydiler;SIÐIR (YERLÝ);Büyükbaþ Hayvan;138;755,6;4
Kastamonu;Taþköprü;SIÐIR (YERLÝ);Büyükbaþ Hayvan;7367;40334,3;215,9
Kastamonu;Tosya;SIÐIR (YERLÝ);Büyükbaþ Hayvan;222;1215,5;46148
Kastamonu;Aðlý;KEÇÝ (KIL);Küçükbaþ Hayvan;63;46;0,1
Kastamonu;Araç;KEÇÝ (KIL);Küçükbaþ Hayvan;2495;1821,4;46267
Kastamonu;Azdavay;KEÇÝ (KIL);Küçükbaþ Hayvan;32;46135;0
Kastamonu;Bozkurt;KEÇÝ (KIL);Küçükbaþ Hayvan;218;159,1;0,3
Kastamonu;Çatalzeytin;KEÇÝ (KIL);Küçükbaþ Hayvan;19;46278;0
Kastamonu;Cide;KEÇÝ (KIL);Küçükbaþ Hayvan;146;106,6;0,2
Kastamonu;Daday;KEÇÝ (KIL);Küçükbaþ Hayvan;519;378,9;0,6
Kastamonu;Devrekani;KEÇÝ (KIL);Küçükbaþ Hayvan;743;542,4;0,9
Kastamonu;Doðanyurt;KEÇÝ (KIL);Küçükbaþ Hayvan;65;47,5;0,1
Kastamonu;Hanönü;KEÇÝ (KIL);Küçükbaþ Hayvan;548;400;0,6
Kastamonu;Ýnebolu;KEÇÝ (KIL);Küçükbaþ Hayvan;50;36,5;0,1
Kastamonu;Küre;KEÇÝ (KIL);Küçükbaþ Hayvan;104;75,9;0,1
Kastamonu;Merkez;KEÇÝ (KIL);Küçükbaþ Hayvan;4668;3407,6;46147
Kastamonu;Pýnarbaþý;KEÇÝ (KIL);Küçükbaþ Hayvan;63;46;0,1
Kastamonu;Seydiler;KEÇÝ (KIL);Küçükbaþ Hayvan;24;46159;0
Kastamonu;Taþköprü;KEÇÝ (KIL);Küçükbaþ Hayvan;4440;3241,2;46058
Kastamonu;Tosya;KEÇÝ (KIL);Küçükbaþ Hayvan;6706;4895,4;46272
Kastamonu;Araç;KEÇÝ (TÝFTÝK);Küçükbaþ Hayvan;1505;1098,7;46235
Kastamonu;Daday;KEÇÝ (TÝFTÝK);Küçükbaþ Hayvan;406;296,4;0,5
Kastamonu;Ýhsangazi;KEÇÝ (TÝFTÝK);Küçükbaþ Hayvan;163;119;0,2
Kastamonu;Küre;KEÇÝ (TÝFTÝK);Küçükbaþ Hayvan;60;43,8;0,1
Kastamonu;Merkez;KEÇÝ (TÝFTÝK);Küçükbaþ Hayvan;1640;1197,2;46266
Kastamonu;Pýnarbaþý;KEÇÝ (TÝFTÝK);Küçükbaþ Hayvan;18;46035;0
Kastamonu;Seydiler;KEÇÝ (TÝFTÝK);Küçükbaþ Hayvan;3;46055;0
Kastamonu;Tosya;KEÇÝ (TÝFTÝK);Küçükbaþ Hayvan;46;33,6;0,1
Kastamonu;Abana;KOYUN (MERÝNOS);Küçükbaþ Hayvan;49;53,7;0,1
Kastamonu;Aðlý;KOYUN (MERÝNOS);Küçükbaþ Hayvan;182;199,3;0,5
Kastamonu;Araç;KOYUN (MERÝNOS);Küçükbaþ Hayvan;6770;7413,2;46282
Kastamonu;Azdavay;KOYUN (MERÝNOS);Küçükbaþ Hayvan;121;132,5;0,3
Kastamonu;Bozkurt;KOYUN (MERÝNOS);Küçükbaþ Hayvan;2;46055;0
Kastamonu;Çatalzeytin;KOYUN (MERÝNOS);Küçükbaþ Hayvan;95;104;0,3
Kastamonu;Cide;KOYUN (MERÝNOS);Küçükbaþ Hayvan;364;398,6;1
Kastamonu;Daday;KOYUN (MERÝNOS);Küçükbaþ Hayvan;945;1034,8;46144
Kastamonu;Hanönü;KOYUN (MERÝNOS);Küçükbaþ Hayvan;2309;2528,4;46028
Kastamonu;Ýnebolu;KOYUN (MERÝNOS);Küçükbaþ Hayvan;793;868,3;46024
Kastamonu;Küre;KOYUN (MERÝNOS);Küçükbaþ Hayvan;106;116,1;0,3
Kastamonu;Merkez;KOYUN (MERÝNOS);Küçükbaþ Hayvan;5487;6008,3;46156
Kastamonu;Pýnarbaþý;KOYUN (MERÝNOS);Küçükbaþ Hayvan;28;46233;0,1
Kastamonu;Þenpazar;KOYUN (MERÝNOS);Küçükbaþ Hayvan;89;97,5;0,2
Kastamonu;Seydiler;KOYUN (MERÝNOS);Küçükbaþ Hayvan;353;386,5;0,9
Kastamonu;Taþköprü;KOYUN (MERÝNOS);Küçükbaþ Hayvan;435;476,3;46023
Kastamonu;Tosya;KOYUN (MERÝNOS);Küçükbaþ Hayvan;3596;3937,6;46151
Kastamonu;Abana;KOYUN (YERLÝ);Küçükbaþ Hayvan;146;159,9;0,4
Kastamonu;Aðlý;KOYUN (YERLÝ);Küçükbaþ Hayvan;117;128,1;0,3
Kastamonu;Araç;KOYUN (YERLÝ);Küçükbaþ Hayvan;8230;9011,9;46224
Kastamonu;Azdavay;KOYUN (YERLÝ);Küçükbaþ Hayvan;235;257,3;0,6
Kastamonu;Bozkurt;KOYUN (YERLÝ);Küçükbaþ Hayvan;236;258,4;0,6
Kastamonu;Çatalzeytin;KOYUN (YERLÝ);Küçükbaþ Hayvan;660;722,7;46204
Kastamonu;Cide;KOYUN (YERLÝ);Küçükbaþ Hayvan;673;736,9;46235
Kastamonu;Daday;KOYUN (YERLÝ);Küçükbaþ Hayvan;1262;1381,9;46084
Kastamonu;Devrekani;KOYUN (YERLÝ);Küçükbaþ Hayvan;4526;4956;46276
Kastamonu;Doðanyurt;KOYUN (YERLÝ);Küçükbaþ Hayvan;337;369;0,9
Kastamonu;Hanönü;KOYUN (YERLÝ);Küçükbaþ Hayvan;936;1024,9;46144
Kastamonu;Ýhsangazi;KOYUN (YERLÝ);Küçükbaþ Hayvan;603;660,3;46174
Kastamonu;Ýnebolu;KOYUN (YERLÝ);Küçükbaþ Hayvan;662;724,9;46204
Kastamonu;Küre;KOYUN (YERLÝ);Küçükbaþ Hayvan;423;463,2;46023
Kastamonu;Merkez;KOYUN (YERLÝ);Küçükbaþ Hayvan;8889;9733,5;46135
Kastamonu;Pýnarbaþý;KOYUN (YERLÝ);Küçükbaþ Hayvan;371;406,2;1
Kastamonu;Þenpazar;KOYUN (YERLÝ);Küçükbaþ Hayvan;163;178,5;0,4
Kastamonu;Seydiler;KOYUN (YERLÝ);Küçükbaþ Hayvan;506;554,1;46082
Kastamonu;Taþköprü;KOYUN (YERLÝ);Küçükbaþ Hayvan;12530;13720,4;33,1
Kastamonu;Tosya;KOYUN (YERLÝ);Küçükbaþ Hayvan;2442;2674;46118
Kastamonu;Abana;ET TAVUÐU;Kanatlý Hayvan;0;0;0
Kastamonu;Araç;ET TAVUÐU;Kanatlý Hayvan;300000;8100;2025,4
Kastamonu;Azdavay;ET TAVUÐU;Kanatlý Hayvan;0;0;0
Kastamonu;Bozkurt;ET TAVUÐU;Kanatlý Hayvan;0;0;0
Kastamonu;Çatalzeytin;ET TAVUÐU;Kanatlý Hayvan;0;0;0
Kastamonu;Cide;ET TAVUÐU;Kanatlý Hayvan;0;0;0
Kastamonu;Daday;ET TAVUÐU;Kanatlý Hayvan;0;0;0
Kastamonu;Devrekani;ET TAVUÐU;Kanatlý Hayvan;0;0;0
Kastamonu;Doðanyurt;ET TAVUÐU;Kanatlý Hayvan;0;0;0
Kastamonu;Hanönü;ET TAVUÐU;Kanatlý Hayvan;0;0;0
Kastamonu;Ýhsangazi;ET TAVUÐU;Kanatlý Hayvan;45000;1215;303,8
Kastamonu;Ýnebolu;ET TAVUÐU;Kanatlý Hayvan;0;0;0
Kastamonu;Küre;ET TAVUÐU;Kanatlý Hayvan;0;0;0
Kastamonu;Merkez;ET TAVUÐU;Kanatlý Hayvan;40000;1080;270
Kastamonu;Pýnarbaþý;ET TAVUÐU;Kanatlý Hayvan;0;0;0
Kastamonu;Þenpazar;ET TAVUÐU;Kanatlý Hayvan;0;0;0
Kastamonu;Seydiler;ET TAVUÐU;Kanatlý Hayvan;0;0;0
Kastamonu;Taþköprü;ET TAVUÐU;Kanatlý Hayvan;9500;256,5;64,1
Kastamonu;Tosya;ET TAVUÐU;Kanatlý Hayvan;48600;1312,2;328,1
Kastamonu;Abana;HÝNDÝ;Kanatlý Hayvan;18;0,7;0,2
Kastamonu;Aðlý;HÝNDÝ;Kanatlý Hayvan;480;18;46146
Kastamonu;Araç;HÝNDÝ;Kanatlý Hayvan;910;34,1;46150
Kastamonu;Azdavay;HÝNDÝ;Kanatlý Hayvan;112;46057;46023
Kastamonu;Bozkurt;HÝNDÝ;Kanatlý Hayvan;;0;0
Kastamonu;Çatalzeytin;HÝNDÝ;Kanatlý Hayvan;31;46054;0,3
Kastamonu;Cide;HÝNDÝ;Kanatlý Hayvan;150;46178;46113
Kastamonu;Daday;HÝNDÝ;Kanatlý Hayvan;210;46272;2
Kastamonu;Devrekani;HÝNDÝ;Kanatlý Hayvan;3350;125,6;31,4
Kastamonu;Doðanyurt;HÝNDÝ;Kanatlý Hayvan;20;0,8;0,2
Kastamonu;Hanönü;HÝNDÝ;Kanatlý Hayvan;60;46083;0,6
Kastamonu;Ýhsangazi;HÝNDÝ;Kanatlý Hayvan;600;46164;46178
Kastamonu;Ýnebolu;HÝNDÝ;Kanatlý Hayvan;300;46092;46236
Kastamonu;Küre;HÝNDÝ;Kanatlý Hayvan;150;46178;46113
Kastamonu;Merkez;HÝNDÝ;Kanatlý Hayvan;4912;184,2;46,1
Kastamonu;Pýnarbaþý;HÝNDÝ;Kanatlý Hayvan;240;9;46083
Kastamonu;Þenpazar;HÝNDÝ;Kanatlý Hayvan;0;0;0
Kastamonu;Seydiler;HÝNDÝ;Kanatlý Hayvan;300;46092;46236
Kastamonu;Taþköprü;HÝNDÝ;Kanatlý Hayvan;1150;43,1;46244
Kastamonu;Tosya;HÝNDÝ;Kanatlý Hayvan;1127;42,3;46183
Kastamonu;Abana;KAZ;Kanatlý Hayvan;10;0,5;0,1
Kastamonu;Aðlý;KAZ;Kanatlý Hayvan;30;46113;0,4
Kastamonu;Araç;KAZ;Kanatlý Hayvan;180;46120;46024
Kastamonu;Azdavay;KAZ;Kanatlý Hayvan;30;46113;0,4
Kastamonu;Bozkurt;KAZ;Kanatlý Hayvan;0;0;0
Kastamonu;Çatalzeytin;KAZ;Kanatlý Hayvan;110;46027;46082
Kastamonu;Cide;KAZ;Kanatlý Hayvan;205;46182;46114
Kastamonu;Daday;KAZ;Kanatlý Hayvan;40;46266;0,5
Kastamonu;Devrekani;KAZ;Kanatlý Hayvan;170;8;2
Kastamonu;Doðanyurt;KAZ;Kanatlý Hayvan;10;0,5;0,1
Kastamonu;Hanönü;KAZ;Kanatlý Hayvan;45;46024;0,5
Kastamonu;Ýhsangazi;KAZ;Kanatlý Hayvan;300;14;46145
Kastamonu;Ýnebolu;KAZ;Kanatlý Hayvan;40;46266;0,5
Kastamonu;Küre;KAZ;Kanatlý Hayvan;55;46175;0,6
Kastamonu;Merkez;KAZ;Kanatlý Hayvan;2121;99,3;46258
Kastamonu;Pýnarbaþý;KAZ;Kanatlý Hayvan;26;46054;0,3
Kastamonu;Þenpazar;KAZ;Kanatlý Hayvan;0;0;0
Kastamonu;Seydiler;KAZ;Kanatlý Hayvan;60;46236;0,7
Kastamonu;Taþköprü;KAZ;Kanatlý Hayvan;420;46222;46269
Kastamonu;Tosya;KAZ;Kanatlý Hayvan;810;37,9;46151
Kastamonu;Abana;ÖRDEK;Kanatlý Hayvan;11;0,5;0,1
Kastamonu;Aðlý;ÖRDEK;Kanatlý Hayvan;20;0,9;0,2
Kastamonu;Araç;ÖRDEK;Kanatlý Hayvan;65;3;0,8
Kastamonu;Azdavay;ÖRDEK;Kanatlý Hayvan;37;46204;0,4
Kastamonu;Bozkurt;ÖRDEK;Kanatlý Hayvan;0;0;0
Kastamonu;Çatalzeytin;ÖRDEK;Kanatlý Hayvan;115;46117;46082
Kastamonu;Cide;ÖRDEK;Kanatlý Hayvan;142;46179;46204
Kastamonu;Daday;ÖRDEK;Kanatlý Hayvan;;0;0
Kastamonu;Devrekani;ÖRDEK;Kanatlý Hayvan;188;46242;46055
Kastamonu;Doðanyurt;ÖRDEK;Kanatlý Hayvan;20;0,9;0,2
Kastamonu;Hanönü;ÖRDEK;Kanatlý Hayvan;5;0,2;0,1
Kastamonu;Ýhsangazi;ÖRDEK;Kanatlý Hayvan;160;46149;46266
Kastamonu;Ýnebolu;ÖRDEK;Kanatlý Hayvan;100;46207;46054
Kastamonu;Küre;ÖRDEK;Kanatlý Hayvan;35;46174;0,4
Kastamonu;Merkez;ÖRDEK;Kanatlý Hayvan;665;46053;46241
Kastamonu;Pýnarbaþý;ÖRDEK;Kanatlý Hayvan;24;46023;0,3
Kastamonu;Þenpazar;ÖRDEK;Kanatlý Hayvan;0;0;0
Kastamonu;Seydiler;ÖRDEK;Kanatlý Hayvan;40;46266;0,5
Kastamonu;Taþköprü;ÖRDEK;Kanatlý Hayvan;440;46193;46027
Kastamonu;Tosya;ÖRDEK;Kanatlý Hayvan;405;19;46207
Kastamonu;Abana;YUMURTA TAVUÐU;Kanatlý Hayvan;995;54,5;46186
Kastamonu;Aðlý;YUMURTA TAVUÐU;Kanatlý Hayvan;1100;60,2;46037
Kastamonu;Araç;YUMURTA TAVUÐU;Kanatlý Hayvan;7600;416,1;104
Kastamonu;Azdavay;YUMURTA TAVUÐU;Kanatlý Hayvan;4620;252,9;63,2
Kastamonu;Bozkurt;YUMURTA TAVUÐU;Kanatlý Hayvan;5000;273,8;68,4
Kastamonu;Çatalzeytin;YUMURTA TAVUÐU;Kanatlý Hayvan;1275;69,8;46159
Kastamonu;Cide;YUMURTA TAVUÐU;Kanatlý Hayvan;20100;1100,5;275,2
Kastamonu;Daday;YUMURTA TAVUÐU;Kanatlý Hayvan;8300;454,4;113,6
Kastamonu;Devrekani;YUMURTA TAVUÐU;Kanatlý Hayvan;90500;4954,9;1238,9
Kastamonu;Doðanyurt;YUMURTA TAVUÐU;Kanatlý Hayvan;6400;350,4;87,6
Kastamonu;Hanönü;YUMURTA TAVUÐU;Kanatlý Hayvan;4200;230;57,5
Kastamonu;Ýhsangazi;YUMURTA TAVUÐU;Kanatlý Hayvan;13000;711,8;178
Kastamonu;Ýnebolu;YUMURTA TAVUÐU;Kanatlý Hayvan;3310;181,2;45,3
Kastamonu;Küre;YUMURTA TAVUÐU;Kanatlý Hayvan;1850;101,3;46106
Kastamonu;Merkez;YUMURTA TAVUÐU;Kanatlý Hayvan;52100;2852,5;713,2
Kastamonu;Pýnarbaþý;YUMURTA TAVUÐU;Kanatlý Hayvan;1915;104,8;46079
Kastamonu;Þenpazar;YUMURTA TAVUÐU;Kanatlý Hayvan;750;41,1;46091
Kastamonu;Seydiler;YUMURTA TAVUÐU;Kanatlý Hayvan;3200;175,2;43,8
Kastamonu;Taþköprü;YUMURTA TAVUÐU;Kanatlý Hayvan;8000;438;109,5
Kastamonu;Tosya;YUMURTA TAVUÐU;Kanatlý Hayvan;6000;328,5;82,1
Kayseri;Akkýþla;AT;Büyükbaþ Hayvan;19;104;0,6
Kayseri;Bünyan;AT;Büyükbaþ Hayvan;14;76,7;0,4
Kayseri;Develi;AT;Büyükbaþ Hayvan;230;1259,3;46209
Kayseri;Felahiye;AT;Büyükbaþ Hayvan;5;46139;0,1
Kayseri;Hacýlar;AT;Büyükbaþ Hayvan;166;908,9;46269
Kayseri;Ýncesu;AT;Büyükbaþ Hayvan;30;164,3;0,9
Kayseri;Kocasinan;AT;Büyükbaþ Hayvan;63;344,9;46235
Kayseri;Melikgazi;AT;Büyükbaþ Hayvan;43;235,4;46082
Kayseri;Pýnarbaþý;AT;Büyükbaþ Hayvan;93;509,2;46205
Kayseri;Sarýoðlan;AT;Büyükbaþ Hayvan;14;76,7;0,4
Kayseri;Sarýz;AT;Büyükbaþ Hayvan;38;208,1;46023
Kayseri;Talas;AT;Büyükbaþ Hayvan;49;268,3;46113
Kayseri;Tomarza;AT;Büyükbaþ Hayvan;9;49,3;0,3
Kayseri;Yahyalý;AT;Büyükbaþ Hayvan;61;334;46235
Kayseri;Yeþilhisar;AT;Büyükbaþ Hayvan;8;43,8;0,2
Kayseri;Akkýþla;EÞEK;Büyükbaþ Hayvan;275;752,8;46114
Kayseri;Bünyan;EÞEK;Büyükbaþ Hayvan;79;216,3;0,7
Kayseri;Develi;EÞEK;Büyükbaþ Hayvan;1190;3257,6;46152
Kayseri;Felahiye;EÞEK;Büyükbaþ Hayvan;23;63;0,2
Kayseri;Hacýlar;EÞEK;Büyükbaþ Hayvan;21;57,5;0,2
Kayseri;Ýncesu;EÞEK;Büyükbaþ Hayvan;246;673,4;46055
Kayseri;Kocasinan;EÞEK;Büyükbaþ Hayvan;221;605;46266
Kayseri;Melikgazi;EÞEK;Büyükbaþ Hayvan;75;205,3;0,7
Kayseri;Özvatan;EÞEK;Büyükbaþ Hayvan;48;131,4;0,4
Kayseri;Pýnarbaþý;EÞEK;Büyükbaþ Hayvan;368;1007,4;46056
Kayseri;Sarýoðlan;EÞEK;Büyükbaþ Hayvan;110;301,1;1
Kayseri;Sarýz;EÞEK;Büyükbaþ Hayvan;110;301,1;1
Kayseri;Talas;EÞEK;Büyükbaþ Hayvan;72;197,1;0,6
Kayseri;Tomarza;EÞEK;Büyükbaþ Hayvan;180;492,8;46174
Kayseri;Yahyalý;EÞEK;Büyükbaþ Hayvan;182;498,2;46174
Kayseri;Yeþilhisar;EÞEK;Büyükbaþ Hayvan;38;104;0,3
Kayseri;Bünyan;KATIR;Büyükbaþ Hayvan;10;43,8;0,2
Kayseri;Develi;KATIR;Büyükbaþ Hayvan;7;46233;0,1
Kayseri;Ýncesu;KATIR;Büyükbaþ Hayvan;9;39,4;0,2
Kayseri;Kocasinan;KATIR;Büyükbaþ Hayvan;9;39,4;0,2
Kayseri;Sarýz;KATIR;Büyükbaþ Hayvan;1;46116;0
Kayseri;Yahyalý;KATIR;Büyükbaþ Hayvan;221;968;46026
Kayseri;Bünyan;MANDA;Büyükbaþ Hayvan;70;511;46237
Kayseri;Develi;MANDA;Büyükbaþ Hayvan;1343;9803,9;73,5
Kayseri;Felahiye;MANDA;Büyükbaþ Hayvan;2;46187;0,1
Kayseri;Hacýlar;MANDA;Büyükbaþ Hayvan;1387;10125,1;75,9
Kayseri;Ýncesu;MANDA;Büyükbaþ Hayvan;1270;9271;69,5
Kayseri;Kocasinan;MANDA;Büyükbaþ Hayvan;1426;10409,8;78
Kayseri;Melikgazi;MANDA;Büyükbaþ Hayvan;477;3482,1;46048
Kayseri;Özvatan;MANDA;Büyükbaþ Hayvan;5;36,5;0,3
Kayseri;Pýnarbaþý;MANDA;Büyükbaþ Hayvan;25;182,5;46113
Kayseri;Sarýoðlan;MANDA;Büyükbaþ Hayvan;88;642,4;46238
Kayseri;Talas;MANDA;Büyükbaþ Hayvan;11;80,3;0,6
Kayseri;Tomarza;MANDA;Büyükbaþ Hayvan;65;474,5;46176
Kayseri;Yeþilhisar;MANDA;Büyükbaþ Hayvan;53;386,9;46267
Kayseri;Akkýþla;SIÐIR (KÜLTÜR);Büyükbaþ Hayvan;7160;65335;524,7
Kayseri;Bünyan;SIÐIR (KÜLTÜR);Büyükbaþ Hayvan;4920;44895;360,5
Kayseri;Develi;SIÐIR (KÜLTÜR);Büyükbaþ Hayvan;27831;253957,9;2039,3
Kayseri;Felahiye;SIÐIR (KÜLTÜR);Büyükbaþ Hayvan;2225;20303,1;163
Kayseri;Hacýlar;SIÐIR (KÜLTÜR);Büyükbaþ Hayvan;1606;14654,8;117,7
Kayseri;Ýncesu;SIÐIR (KÜLTÜR);Büyükbaþ Hayvan;8304;75774;608,5
Kayseri;Kocasinan;SIÐIR (KÜLTÜR);Büyükbaþ Hayvan;35589;324749,6;2607,8
Kayseri;Melikgazi;SIÐIR (KÜLTÜR);Büyükbaþ Hayvan;11529;105202,1;844,8
Kayseri;Özvatan;SIÐIR (KÜLTÜR);Büyükbaþ Hayvan;1260;11497,5;92,3
Kayseri;Pýnarbaþý;SIÐIR (KÜLTÜR);Büyükbaþ Hayvan;11541;105311,6;845,7
Kayseri;Sarýoðlan;SIÐIR (KÜLTÜR);Büyükbaþ Hayvan;11311;103212,9;828,8
Kayseri;Sarýz;SIÐIR (KÜLTÜR);Büyükbaþ Hayvan;6242;56958,3;457,4
Kayseri;Talas;SIÐIR (KÜLTÜR);Büyükbaþ Hayvan;8454;77142,8;619,5
Kayseri;Tomarza;SIÐIR (KÜLTÜR);Büyükbaþ Hayvan;8848;80738;648,3
Kayseri;Yahyalý;SIÐIR (KÜLTÜR);Büyükbaþ Hayvan;8588;78365,5;629,3
Kayseri;Yeþilhisar;SIÐIR (KÜLTÜR);Büyükbaþ Hayvan;6314;57615,3;462,7
Kayseri;Akkýþla;SIÐIR (MELEZ);Büyükbaþ Hayvan;670;4401,9;46109
Kayseri;Bünyan;SIÐIR (MELEZ);Büyükbaþ Hayvan;29440;193420,8;1242,6
Kayseri;Develi;SIÐIR (MELEZ);Büyükbaþ Hayvan;19632;128982,2;828,6
Kayseri;Felahiye;SIÐIR (MELEZ);Büyükbaþ Hayvan;2280;14979,6;96,2
Kayseri;Hacýlar;SIÐIR (MELEZ);Büyükbaþ Hayvan;2528;16609;106,7
Kayseri;Ýncesu;SIÐIR (MELEZ);Büyükbaþ Hayvan;8995;59097,2;379,7
Kayseri;Kocasinan;SIÐIR (MELEZ);Büyükbaþ Hayvan;23020;151241,4;971,6
Kayseri;Melikgazi;SIÐIR (MELEZ);Büyükbaþ Hayvan;11858;77907,1;500,5
Kayseri;Özvatan;SIÐIR (MELEZ);Büyükbaþ Hayvan;798;5242,9;33,7
Kayseri;Pýnarbaþý;SIÐIR (MELEZ);Büyükbaþ Hayvan;19351;127136,1;816,7
Kayseri;Sarýoðlan;SIÐIR (MELEZ);Büyükbaþ Hayvan;5419;35602,8;228,7
Kayseri;Sarýz;SIÐIR (MELEZ);Büyükbaþ Hayvan;10029;65890,5;423,3
Kayseri;Talas;SIÐIR (MELEZ);Büyükbaþ Hayvan;4203;27613,7;177,4
Kayseri;Tomarza;SIÐIR (MELEZ);Büyükbaþ Hayvan;13863;91079,9;585,1
Kayseri;Yahyalý;SIÐIR (MELEZ);Büyükbaþ Hayvan;6702;44032,1;282,9
Kayseri;Yeþilhisar;SIÐIR (MELEZ);Büyükbaþ Hayvan;4312;28329,8;182
Kayseri;Akkýþla;SIÐIR (YERLÝ);Büyükbaþ Hayvan;74;405,2;46055
Kayseri;Bünyan;SIÐIR (YERLÝ);Büyükbaþ Hayvan;102;558,5;3
Kayseri;Develi;SIÐIR (YERLÝ);Büyükbaþ Hayvan;2542;13917,5;74,5
Kayseri;Felahiye;SIÐIR (YERLÝ);Büyükbaþ Hayvan;77;421,6;46083
Kayseri;Hacýlar;SIÐIR (YERLÝ);Büyükbaþ Hayvan;208;1138,8;46028
Kayseri;Ýncesu;SIÐIR (YERLÝ);Büyükbaþ Hayvan;1627;8907,8;47,7
Kayseri;Kocasinan;SIÐIR (YERLÝ);Büyükbaþ Hayvan;1310;7172,3;38,4
Kayseri;Melikgazi;SIÐIR (YERLÝ);Büyükbaþ Hayvan;2319;12696,5;68
Kayseri;Pýnarbaþý;SIÐIR (YERLÝ);Büyükbaþ Hayvan;1130;6186,8;33,1
Kayseri;Sarýz;SIÐIR (YERLÝ);Büyükbaþ Hayvan;204;1116,9;6
Kayseri;Talas;SIÐIR (YERLÝ);Büyükbaþ Hayvan;178;974,6;46058
Kayseri;Tomarza;SIÐIR (YERLÝ);Büyükbaþ Hayvan;3362;18407;98,5
Kayseri;Yahyalý;SIÐIR (YERLÝ);Büyükbaþ Hayvan;5472;29959,2;160,4
Kayseri;Yeþilhisar;SIÐIR (YERLÝ);Büyükbaþ Hayvan;47;257,3;46113
Kayseri;Akkýþla;KEÇÝ (KIL);Küçükbaþ Hayvan;2950;2153,5;46145
Kayseri;Bünyan;KEÇÝ (KIL);Küçükbaþ Hayvan;3961;2891,5;46177
Kayseri;Develi;KEÇÝ (KIL);Küçükbaþ Hayvan;9950;7263,5;46214
Kayseri;Felahiye;KEÇÝ (KIL);Küçükbaþ Hayvan;2210;1613,3;46175
Kayseri;Hacýlar;KEÇÝ (KIL);Küçükbaþ Hayvan;780;569,4;0,9
Kayseri;Ýncesu;KEÇÝ (KIL);Küçükbaþ Hayvan;7084;5171,3;46089
Kayseri;Kocasinan;KEÇÝ (KIL);Küçükbaþ Hayvan;2103;1535,2;46144
Kayseri;Melikgazi;KEÇÝ (KIL);Küçükbaþ Hayvan;2158;1575,3;46144
Kayseri;Özvatan;KEÇÝ (KIL);Küçükbaþ Hayvan;1140;832,2;46082
Kayseri;Pýnarbaþý;KEÇÝ (KIL);Küçükbaþ Hayvan;3750;2737,5;46116
Kayseri;Sarýoðlan;KEÇÝ (KIL);Küçükbaþ Hayvan;641;467,9;0,8
Kayseri;Sarýz;KEÇÝ (KIL);Küçükbaþ Hayvan;970;708,1;46023
Kayseri;Talas;KEÇÝ (KIL);Küçükbaþ Hayvan;1304;951,9;46143
Kayseri;Tomarza;KEÇÝ (KIL);Küçükbaþ Hayvan;2743;2002,4;46056
Kayseri;Yahyalý;KEÇÝ (KIL);Küçükbaþ Hayvan;21547;15729,3;46106
Kayseri;Yeþilhisar;KEÇÝ (KIL);Küçükbaþ Hayvan;3988;2911,2;46207
Kayseri;Akkýþla;KOYUN (MERÝNOS);Küçükbaþ Hayvan;225;246,4;0,6
Kayseri;Bünyan;KOYUN (MERÝNOS);Küçükbaþ Hayvan;856;937,3;46083
Kayseri;Melikgazi;KOYUN (MERÝNOS);Küçükbaþ Hayvan;62;67,9;0,2
Kayseri;Sarýoðlan;KOYUN (MERÝNOS);Küçükbaþ Hayvan;327;358,1;0,9
Kayseri;Sarýz;KOYUN (MERÝNOS);Küçükbaþ Hayvan;116;127;0,3
Kayseri;Talas;KOYUN (MERÝNOS);Küçükbaþ Hayvan;711;778,5;46266
Kayseri;Akkýþla;KOYUN (YERLÝ);Küçükbaþ Hayvan;80485;88131,1;212,3
Kayseri;Bünyan;KOYUN (YERLÝ);Küçükbaþ Hayvan;40646;44507,4;107,2
Kayseri;Develi;KOYUN (YERLÝ);Küçükbaþ Hayvan;53900;59020,5;142,2
Kayseri;Felahiye;KOYUN (YERLÝ);Küçükbaþ Hayvan;12800;14016;33,8
Kayseri;Hacýlar;KOYUN (YERLÝ);Küçükbaþ Hayvan;7530;8245,4;46284
Kayseri;Ýncesu;KOYUN (YERLÝ);Küçükbaþ Hayvan;40730;44599,4;107,4
Kayseri;Kocasinan;KOYUN (YERLÝ);Küçükbaþ Hayvan;57297;62740,2;151,1
Kayseri;Melikgazi;KOYUN (YERLÝ);Küçükbaþ Hayvan;13270;14530,7;35
Kayseri;Özvatan;KOYUN (YERLÝ);Küçükbaþ Hayvan;6350;6953,3;46250
Kayseri;Pýnarbaþý;KOYUN (YERLÝ);Küçükbaþ Hayvan;107756;117992,8;284,3
Kayseri;Sarýoðlan;KOYUN (YERLÝ);Küçükbaþ Hayvan;12859;14080,6;33,9
Kayseri;Sarýz;KOYUN (YERLÝ);Küçükbaþ Hayvan;15786;17285,7;41,6
Kayseri;Talas;KOYUN (YERLÝ);Küçükbaþ Hayvan;16328;17879,2;43,1
Kayseri;Tomarza;KOYUN (YERLÝ);Küçükbaþ Hayvan;25201;27595,1;66,5
Kayseri;Yahyalý;KOYUN (YERLÝ);Küçükbaþ Hayvan;50614;55422,3;133,5
Kayseri;Yeþilhisar;KOYUN (YERLÝ);Küçükbaþ Hayvan;35965;39381,7;94,9
Kayseri;Develi;ET TAVUÐU;Kanatlý Hayvan;0;0;0
Kayseri;Felahiye;ET TAVUÐU;Kanatlý Hayvan;0;0;0
Kayseri;Hacýlar;ET TAVUÐU;Kanatlý Hayvan;0;0;0
Kayseri;Ýncesu;ET TAVUÐU;Kanatlý Hayvan;0;0;0
Kayseri;Kocasinan;ET TAVUÐU;Kanatlý Hayvan;0;0;0
Kayseri;Melikgazi;ET TAVUÐU;Kanatlý Hayvan;0;0;0
Kayseri;Özvatan;ET TAVUÐU;Kanatlý Hayvan;0;0;0
Kayseri;Pýnarbaþý;ET TAVUÐU;Kanatlý Hayvan;0;0;0
Kayseri;Sarýoðlan;ET TAVUÐU;Kanatlý Hayvan;0;0;0
Kayseri;Sarýz;ET TAVUÐU;Kanatlý Hayvan;0;0;0
Kayseri;Talas;ET TAVUÐU;Kanatlý Hayvan;0;0;0
Kayseri;Tomarza;ET TAVUÐU;Kanatlý Hayvan;0;0;0
Kayseri;Yeþilhisar;ET TAVUÐU;Kanatlý Hayvan;0;0;0
Kayseri;Akkýþla;HÝNDÝ;Kanatlý Hayvan;500;46252;46207
Kayseri;Bünyan;HÝNDÝ;Kanatlý Hayvan;240;9;46083
Kayseri;Develi;HÝNDÝ;Kanatlý Hayvan;600;46164;46178
Kayseri;Felahiye;HÝNDÝ;Kanatlý Hayvan;225;46120;46024
Kayseri;Hacýlar;HÝNDÝ;Kanatlý Hayvan;26;1;0,2
Kayseri;Ýncesu;HÝNDÝ;Kanatlý Hayvan;75;46236;0,7
Kayseri;Kocasinan;HÝNDÝ;Kanatlý Hayvan;343;46277;46056
Kayseri;Melikgazi;HÝNDÝ;Kanatlý Hayvan;102;46237;1
Kayseri;Özvatan;HÝNDÝ;Kanatlý Hayvan;35;46082;0,3
Kayseri;Pýnarbaþý;HÝNDÝ;Kanatlý Hayvan;2900;108,8;46080
Kayseri;Sarýoðlan;HÝNDÝ;Kanatlý Hayvan;387;46156;46176
Kayseri;Sarýz;HÝNDÝ;Kanatlý Hayvan;247;46090;46083
Kayseri;Talas;HÝNDÝ;Kanatlý Hayvan;65;46114;0,6
Kayseri;Tomarza;HÝNDÝ;Kanatlý Hayvan;712;46229;46209
Kayseri;Yahyalý;HÝNDÝ;Kanatlý Hayvan;1627;61;46096
Kayseri;Yeþilhisar;HÝNDÝ;Kanatlý Hayvan;315;46245;3
Kayseri;Akkýþla;KAZ;Kanatlý Hayvan;155;46088;46235
Kayseri;Bünyan;KAZ;Kanatlý Hayvan;215;46032;46144
Kayseri;Develi;KAZ;Kanatlý Hayvan;685;32,1;8
Kayseri;Felahiye;KAZ;Kanatlý Hayvan;320;15;46206
Kayseri;Hacýlar;KAZ;Kanatlý Hayvan;46;46055;0,5
Kayseri;Ýncesu;KAZ;Kanatlý Hayvan;92;46085;46023
Kayseri;Kocasinan;KAZ;Kanatlý Hayvan;239;46064;46236
Kayseri;Melikgazi;KAZ;Kanatlý Hayvan;48;46055;0,6
Kayseri;Özvatan;KAZ;Kanatlý Hayvan;75;46145;0,9
Kayseri;Pýnarbaþý;KAZ;Kanatlý Hayvan;495;46076;46239
Kayseri;Sarýoðlan;KAZ;Kanatlý Hayvan;199;46090;46083
Kayseri;Sarýz;KAZ;Kanatlý Hayvan;327;46096;46237
Kayseri;Talas;KAZ;Kanatlý Hayvan;154;46060;46235
Kayseri;Tomarza;KAZ;Kanatlý Hayvan;435;46132;46027
Kayseri;Yahyalý;KAZ;Kanatlý Hayvan;378;46220;46116
Kayseri;Yeþilhisar;KAZ;Kanatlý Hayvan;352;46158;46026
Kayseri;Akkýþla;ÖRDEK;Kanatlý Hayvan;80;46206;0,9
Kayseri;Bünyan;ÖRDEK;Kanatlý Hayvan;152;46029;46235
Kayseri;Develi;ÖRDEK;Kanatlý Hayvan;239;46064;46236
Kayseri;Felahiye;ÖRDEK;Kanatlý Hayvan;240;46064;46236
Kayseri;Hacýlar;ÖRDEK;Kanatlý Hayvan;24;46023;0,3
Kayseri;Ýncesu;ÖRDEK;Kanatlý Hayvan;51;46114;0,6
Kayseri;Kocasinan;ÖRDEK;Kanatlý Hayvan;72;46115;0,8
Kayseri;Melikgazi;ÖRDEK;Kanatlý Hayvan;55;46175;0,6
Kayseri;Özvatan;ÖRDEK;Kanatlý Hayvan;25;46054;0,3
Kayseri;Pýnarbaþý;ÖRDEK;Kanatlý Hayvan;250;46214;46267
Kayseri;Sarýoðlan;ÖRDEK;Kanatlý Hayvan;118;46147;46113
Kayseri;Sarýz;ÖRDEK;Kanatlý Hayvan;48;46055;0,6
Kayseri;Talas;ÖRDEK;Kanatlý Hayvan;85;4;1
Kayseri;Tomarza;ÖRDEK;Kanatlý Hayvan;160;46149;46266
Kayseri;Yahyalý;ÖRDEK;Kanatlý Hayvan;151;46029;46235
Kayseri;Yeþilhisar;ÖRDEK;Kanatlý Hayvan;434;46101;46027
Kayseri;Akkýþla;YUMURTA TAVUÐU;Kanatlý Hayvan;2500;136,9;34,2
Kayseri;Bünyan;YUMURTA TAVUÐU;Kanatlý Hayvan;10560;578,2;144,6
Kayseri;Develi;YUMURTA TAVUÐU;Kanatlý Hayvan;9855;539,6;134,9
Kayseri;Felahiye;YUMURTA TAVUÐU;Kanatlý Hayvan;6250;342,2;85,6
Kayseri;Hacýlar;YUMURTA TAVUÐU;Kanatlý Hayvan;1594;87,3;46255
Kayseri;Ýncesu;YUMURTA TAVUÐU;Kanatlý Hayvan;30000;1642,5;410,7
Kayseri;Kocasinan;YUMURTA TAVUÐU;Kanatlý Hayvan;3684639;201734;50442,6
Kayseri;Melikgazi;YUMURTA TAVUÐU;Kanatlý Hayvan;330500;18094,9;4524,5
Kayseri;Özvatan;YUMURTA TAVUÐU;Kanatlý Hayvan;1100;60,2;46037
Kayseri;Pýnarbaþý;YUMURTA TAVUÐU;Kanatlý Hayvan;17200;941,7;235,5
Kayseri;Sarýoðlan;YUMURTA TAVUÐU;Kanatlý Hayvan;1873;102,5;46198
Kayseri;Sarýz;YUMURTA TAVUÐU;Kanatlý Hayvan;5930;324,7;81,2
Kayseri;Talas;YUMURTA TAVUÐU;Kanatlý Hayvan;145500;7966,1;1991,9
Kayseri;Tomarza;YUMURTA TAVUÐU;Kanatlý Hayvan;21103;1155,4;288,9
Kayseri;Yahyalý;YUMURTA TAVUÐU;Kanatlý Hayvan;9927;543,5;135,9
Kayseri;Yeþilhisar;YUMURTA TAVUÐU;Kanatlý Hayvan;547000;29948,3;7488,4
Kýrklareli;Babaeski;AT;Büyükbaþ Hayvan;64;350,4;46266
Kýrklareli;Demirköy;AT;Büyükbaþ Hayvan;14;76,7;0,4
Kýrklareli;Kofçaz;AT;Büyükbaþ Hayvan;6;32,9;0,2
Kýrklareli;Lüleburgaz;AT;Büyükbaþ Hayvan;160;876;46207
Kýrklareli;Merkez;AT;Büyükbaþ Hayvan;288;1576,8;46120
Kýrklareli;Pehlivanköy;AT;Büyükbaþ Hayvan;4;46286;0,1
Kýrklareli;Pýnarhisar;AT;Büyükbaþ Hayvan;35;191,6;1
Kýrklareli;Vize;AT;Büyükbaþ Hayvan;20;109,5;0,6
Kýrklareli;Babaeski;EÞEK;Büyükbaþ Hayvan;230;629,6;2
Kýrklareli;Demirköy;EÞEK;Büyükbaþ Hayvan;8;46286;0,1
Kýrklareli;Kofçaz;EÞEK;Büyükbaþ Hayvan;40;109,5;0,4
Kýrklareli;Lüleburgaz;EÞEK;Büyükbaþ Hayvan;93;254,6;0,8
Kýrklareli;Merkez;EÞEK;Büyükbaþ Hayvan;411;1125,1;46176
Kýrklareli;Pehlivanköy;EÞEK;Büyükbaþ Hayvan;6;46128;0,1
Kýrklareli;Pýnarhisar;EÞEK;Büyükbaþ Hayvan;89;243,6;0,8
Kýrklareli;Vize;EÞEK;Büyükbaþ Hayvan;26;71,2;0,2
Kýrklareli;Merkez;KATIR;Büyükbaþ Hayvan;94;411,7;46235
Kýrklareli;Pýnarhisar;KATIR;Büyükbaþ Hayvan;3;46035;0,1
Kýrklareli;Vize;KATIR;Büyükbaþ Hayvan;8;35;0,2
Kýrklareli;Babaeski;MANDA;Büyükbaþ Hayvan;11;80,3;0,6
Kýrklareli;Demirköy;MANDA;Büyükbaþ Hayvan;113;824,9;46059
Kýrklareli;Lüleburgaz;MANDA;Büyükbaþ Hayvan;13;94,9;0,7
Kýrklareli;Merkez;MANDA;Büyükbaþ Hayvan;346;2525,8;46283
Kýrklareli;Pýnarhisar;MANDA;Büyükbaþ Hayvan;2;46187;0,1
Kýrklareli;Vize;MANDA;Büyükbaþ Hayvan;968;7066,4;53
Kýrklareli;Babaeski;SIÐIR (KÜLTÜR);Büyükbaþ Hayvan;24564;224146,5;1800
Kýrklareli;Demirköy;SIÐIR (KÜLTÜR);Büyükbaþ Hayvan;1577;14390,1;115,6
Kýrklareli;Kofçaz;SIÐIR (KÜLTÜR);Büyükbaþ Hayvan;3118;28451,8;228,5
Kýrklareli;Lüleburgaz;SIÐIR (KÜLTÜR);Büyükbaþ Hayvan;43449;396472,1;3183,8
Kýrklareli;Merkez;SIÐIR (KÜLTÜR);Büyükbaþ Hayvan;34042;310633,3;2494,5
Kýrklareli;Pehlivanköy;SIÐIR (KÜLTÜR);Büyükbaþ Hayvan;3037;27712,6;222,5
Kýrklareli;Pýnarhisar;SIÐIR (KÜLTÜR);Büyükbaþ Hayvan;6565;59905,6;481,1
Kýrklareli;Vize;SIÐIR (KÜLTÜR);Büyükbaþ Hayvan;8419;76823,4;616,9
Kýrklareli;Babaeski;SIÐIR (MELEZ);Büyükbaþ Hayvan;3343;21963,5;141,1
Kýrklareli;Demirköy;SIÐIR (MELEZ);Büyükbaþ Hayvan;2971;19519,5;125,4
Kýrklareli;Kofçaz;SIÐIR (MELEZ);Büyükbaþ Hayvan;608;3994,6;46228
Kýrklareli;Lüleburgaz;SIÐIR (MELEZ);Büyükbaþ Hayvan;2793;18350;117,9
Kýrklareli;Merkez;SIÐIR (MELEZ);Büyükbaþ Hayvan;7053;46338,2;297,7
Kýrklareli;Pýnarhisar;SIÐIR (MELEZ);Büyükbaþ Hayvan;895;5880,2;37,8
Kýrklareli;Vize;SIÐIR (MELEZ);Büyükbaþ Hayvan;4125;27101,3;174,1
Kýrklareli;Demirköy;SIÐIR (YERLÝ);Büyükbaþ Hayvan;1385;7582,9;40,6
Kýrklareli;Lüleburgaz;SIÐIR (YERLÝ);Büyükbaþ Hayvan;4;46286;0,1
Kýrklareli;Merkez;SIÐIR (YERLÝ);Büyükbaþ Hayvan;136;744,6;4
Kýrklareli;Pýnarhisar;SIÐIR (YERLÝ);Büyükbaþ Hayvan;3;46128;0,1
Kýrklareli;Vize;SIÐIR (YERLÝ);Büyükbaþ Hayvan;36;197,1;46023
Kýrklareli;Babaeski;KEÇÝ (KIL);Küçükbaþ Hayvan;1877;1370,2;46055
Kýrklareli;Demirköy;KEÇÝ (KIL);Küçükbaþ Hayvan;798;582,5;0,9
Kýrklareli;Kofçaz;KEÇÝ (KIL);Küçükbaþ Hayvan;5514;4025,2;46148
Kýrklareli;Lüleburgaz;KEÇÝ (KIL);Küçükbaþ Hayvan;2405;1755,7;46236
Kýrklareli;Merkez;KEÇÝ (KIL);Küçükbaþ Hayvan;29045;21202,9;34,1
Kýrklareli;Pehlivanköy;KEÇÝ (KIL);Küçükbaþ Hayvan;52;38;0,1
Kýrklareli;Pýnarhisar;KEÇÝ (KIL);Küçükbaþ Hayvan;16562;12090,3;46131
Kýrklareli;Vize;KEÇÝ (KIL);Küçükbaþ Hayvan;11121;8118,3;13
Kýrklareli;Demirköy;KOYUN (MERÝNOS);Küçükbaþ Hayvan;1227;1343,6;46056
Kýrklareli;Kofçaz;KOYUN (MERÝNOS);Küçükbaþ Hayvan;608;665,8;46174
Kýrklareli;Lüleburgaz;KOYUN (MERÝNOS);Küçükbaþ Hayvan;6309;6908,4;46189
Kýrklareli;Pýnarhisar;KOYUN (MERÝNOS);Küçükbaþ Hayvan;2126;2328;46178
Kýrklareli;Babaeski;KOYUN (YERLÝ);Küçükbaþ Hayvan;26927;29485,1;71
Kýrklareli;Demirköy;KOYUN (YERLÝ);Küçükbaþ Hayvan;9000;9855;46226
Kýrklareli;Kofçaz;KOYUN (YERLÝ);Küçükbaþ Hayvan;30528;33428,2;80,5
Kýrklareli;Lüleburgaz;KOYUN (YERLÝ);Küçükbaþ Hayvan;43790;47950,1;115,5
Kýrklareli;Merkez;KOYUN (YERLÝ);Küçükbaþ Hayvan;110370;120855,2;291,1
Kýrklareli;Pehlivanköy;KOYUN (YERLÝ);Küçükbaþ Hayvan;4898;5363,3;46277
Kýrklareli;Pýnarhisar;KOYUN (YERLÝ);Küçükbaþ Hayvan;33076;36218,2;87,3
Kýrklareli;Vize;KOYUN (YERLÝ);Küçükbaþ Hayvan;25338;27745,1;66,8
Kýrklareli;Babaeski;ET TAVUÐU;Kanatlý Hayvan;0;0;0
Kýrklareli;Demirköy;ET TAVUÐU;Kanatlý Hayvan;0;0;0
Kýrklareli;Kofçaz;ET TAVUÐU;Kanatlý Hayvan;1490;40,2;46032
Kýrklareli;Lüleburgaz;ET TAVUÐU;Kanatlý Hayvan;900;46105;46028
Kýrklareli;Merkez;ET TAVUÐU;Kanatlý Hayvan;0;0;0
Kýrklareli;Pehlivanköy;ET TAVUÐU;Kanatlý Hayvan;0;0;0
Kýrklareli;Pýnarhisar;ET TAVUÐU;Kanatlý Hayvan;0;0;0
Kýrklareli;Vize;ET TAVUÐU;Kanatlý Hayvan;0;0;0
Kýrklareli;Babaeski;HÝNDÝ;Kanatlý Hayvan;2367;88,8;46075
Kýrklareli;Demirköy;HÝNDÝ;Kanatlý Hayvan;30;46023;0,3
Kýrklareli;Kofçaz;HÝNDÝ;Kanatlý Hayvan;45;46204;0,4
Kýrklareli;Lüleburgaz;HÝNDÝ;Kanatlý Hayvan;705;46138;46179
Kýrklareli;Merkez;HÝNDÝ;Kanatlý Hayvan;198;46119;46266
Kýrklareli;Pehlivanköy;HÝNDÝ;Kanatlý Hayvan;160;6;46143
Kýrklareli;Pýnarhisar;HÝNDÝ;Kanatlý Hayvan;172;46148;46174
Kýrklareli;Vize;HÝNDÝ;Kanatlý Hayvan;65;46114;0,6
Kýrklareli;Babaeski;KAZ;Kanatlý Hayvan;3110;145,5;36,4
Kýrklareli;Demirköy;KAZ;Kanatlý Hayvan;302;46036;46145
Kýrklareli;Kofçaz;KAZ;Kanatlý Hayvan;64;3;0,7
Kýrklareli;Lüleburgaz;KAZ;Kanatlý Hayvan;884;41,4;46091
Kýrklareli;Merkez;KAZ;Kanatlý Hayvan;1440;67,4;46281
Kýrklareli;Pehlivanköy;KAZ;Kanatlý Hayvan;145;46240;46204
Kýrklareli;Pýnarhisar;KAZ;Kanatlý Hayvan;119;46178;46113
Kýrklareli;Vize;KAZ;Kanatlý Hayvan;235;11;46205
Kýrklareli;Babaeski;ÖRDEK;Kanatlý Hayvan;3945;184,6;46,2
Kýrklareli;Demirköy;ÖRDEK;Kanatlý Hayvan;118;46147;46113
Kýrklareli;Kofçaz;ÖRDEK;Kanatlý Hayvan;91;46085;46023
Kýrklareli;Lüleburgaz;ÖRDEK;Kanatlý Hayvan;1771;82,9;46223
Kýrklareli;Merkez;ÖRDEK;Kanatlý Hayvan;862;40,3;46032
Kýrklareli;Pehlivanköy;ÖRDEK;Kanatlý Hayvan;300;14;46145
Kýrklareli;Pýnarhisar;ÖRDEK;Kanatlý Hayvan;236;11;46236
Kýrklareli;Vize;ÖRDEK;Kanatlý Hayvan;140;46179;46174
Kýrklareli;Babaeski;YUMURTA TAVUÐU;Kanatlý Hayvan;39100;2140,7;535,3
Kýrklareli;Demirköy;YUMURTA TAVUÐU;Kanatlý Hayvan;26600;1456,4;364,2
Kýrklareli;Kofçaz;YUMURTA TAVUÐU;Kanatlý Hayvan;4202;230,1;57,5
Kýrklareli;Lüleburgaz;YUMURTA TAVUÐU;Kanatlý Hayvan;153082;8381,2;2095,7
Kýrklareli;Merkez;YUMURTA TAVUÐU;Kanatlý Hayvan;317890;17404,5;4351,9
Kýrklareli;Pehlivanköy;YUMURTA TAVUÐU;Kanatlý Hayvan;6504;356,1;89
Kýrklareli;Pýnarhisar;YUMURTA TAVUÐU;Kanatlý Hayvan;10331;565,6;141,4
Kýrklareli;Vize;YUMURTA TAVUÐU;Kanatlý Hayvan;8800;481,8;120,5
Kýrþehir;Akçakent;AT;Büyükbaþ Hayvan;2;11;0,1
Kýrþehir;Akpýnar;AT;Büyükbaþ Hayvan;36;197,1;46023
Kýrþehir;Boztepe;AT;Büyükbaþ Hayvan;15;82,1;0,4
Kýrþehir;Kaman;AT;Büyükbaþ Hayvan;18;98,6;0,5
Kýrþehir;Merkez;AT;Büyükbaþ Hayvan;95;520,1;46236
Kýrþehir;Mucur;AT;Büyükbaþ Hayvan;3;46128;0,1
Kýrþehir;Akçakent;EÞEK;Büyükbaþ Hayvan;50;136,9;0,4
Kýrþehir;Akpýnar;EÞEK;Büyükbaþ Hayvan;572;1565,9;5
Kýrþehir;Boztepe;EÞEK;Büyükbaþ Hayvan;45;123,2;0,4
Kýrþehir;Çiçekdaðý;EÞEK;Büyükbaþ Hayvan;190;520,1;46204
Kýrþehir;Kaman;EÞEK;Büyükbaþ Hayvan;300;821,3;46175
Kýrþehir;Merkez;EÞEK;Büyükbaþ Hayvan;502;1374,2;46116
Kýrþehir;Mucur;EÞEK;Büyükbaþ Hayvan;123;336,7;46023
Kýrþehir;Akpýnar;MANDA;Büyükbaþ Hayvan;60;438;46084
Kýrþehir;Çiçekdaðý;MANDA;Büyükbaþ Hayvan;60;438;46084
Kýrþehir;Kaman;MANDA;Büyükbaþ Hayvan;16;116,8;0,9
Kýrþehir;Merkez;MANDA;Büyükbaþ Hayvan;72;525,6;46268
Kýrþehir;Akçakent;SIÐIR (KÜLTÜR);Büyükbaþ Hayvan;4560;41610;334,1
Kýrþehir;Akpýnar;SIÐIR (KÜLTÜR);Büyükbaþ Hayvan;3940;35952,5;288,7
Kýrþehir;Boztepe;SIÐIR (KÜLTÜR);Büyükbaþ Hayvan;26600;242725;1949,1
Kýrþehir;Çiçekdaðý;SIÐIR (KÜLTÜR);Büyükbaþ Hayvan;8640;78840;633,1
Kýrþehir;Kaman;SIÐIR (KÜLTÜR);Büyükbaþ Hayvan;16250;148281,3;1190,7
Kýrþehir;Merkez;SIÐIR (KÜLTÜR);Büyükbaþ Hayvan;51405;469070,6;3766,8
Kýrþehir;Mucur;SIÐIR (KÜLTÜR);Büyükbaþ Hayvan;15400;140525;1128,5
Kýrþehir;Akçakent;SIÐIR (MELEZ);Büyükbaþ Hayvan;2925;19217,3;123,5
Kýrþehir;Akpýnar;SIÐIR (MELEZ);Büyükbaþ Hayvan;1914;12575;80,8
Kýrþehir;Boztepe;SIÐIR (MELEZ);Büyükbaþ Hayvan;8625;56666,3;364
Kýrþehir;Çiçekdaðý;SIÐIR (MELEZ);Büyükbaþ Hayvan;10815;71054,6;456,5
Kýrþehir;Kaman;SIÐIR (MELEZ);Büyükbaþ Hayvan;8310;54596,7;350,7
Kýrþehir;Merkez;SIÐIR (MELEZ);Büyükbaþ Hayvan;37698;247675,9;1591,1
Kýrþehir;Mucur;SIÐIR (MELEZ);Büyükbaþ Hayvan;8025;52724,3;338,7
Kýrþehir;Akçakent;SIÐIR (YERLÝ);Büyükbaþ Hayvan;1320;7227;38,7
Kýrþehir;Akpýnar;SIÐIR (YERLÝ);Büyükbaþ Hayvan;3905;21379,9;114,5
Kýrþehir;Boztepe;SIÐIR (YERLÝ);Büyükbaþ Hayvan;85;465,4;46144
Kýrþehir;Çiçekdaðý;SIÐIR (YERLÝ);Büyükbaþ Hayvan;1565;8568,4;45,9
Kýrþehir;Kaman;SIÐIR (YERLÝ);Büyükbaþ Hayvan;535;2929,1;46218
Kýrþehir;Merkez;SIÐIR (YERLÝ);Büyükbaþ Hayvan;10420;57049,5;305,4
Kýrþehir;Akçakent;KEÇÝ (KIL);Küçükbaþ Hayvan;4500;3285;46086
Kýrþehir;Akpýnar;KEÇÝ (KIL);Küçükbaþ Hayvan;3336;2435,3;46268
Kýrþehir;Boztepe;KEÇÝ (KIL);Küçükbaþ Hayvan;530;386,9;0,6
Kýrþehir;Çiçekdaðý;KEÇÝ (KIL);Küçükbaþ Hayvan;11110;8110,3;13
Kýrþehir;Kaman;KEÇÝ (KIL);Küçükbaþ Hayvan;4600;3358;46117
Kýrþehir;Merkez;KEÇÝ (KIL);Küçükbaþ Hayvan;7848;5729;46062
Kýrþehir;Mucur;KEÇÝ (KIL);Küçükbaþ Hayvan;1533;1119,1;46235
Kýrþehir;Akçakent;KOYUN (MERÝNOS);Küçükbaþ Hayvan;20;46286;0,1
Kýrþehir;Boztepe;KOYUN (MERÝNOS);Küçükbaþ Hayvan;140;153,3;0,4
Kýrþehir;Merkez;KOYUN (MERÝNOS);Küçükbaþ Hayvan;9737;10662;46228
Kýrþehir;Mucur;KOYUN (MERÝNOS);Küçükbaþ Hayvan;223;244,2;0,6
Kýrþehir;Akçakent;KOYUN (YERLÝ);Küçükbaþ Hayvan;6860;7511,7;46040
Kýrþehir;Akpýnar;KOYUN (YERLÝ);Küçükbaþ Hayvan;15212;16657,1;40,1
Kýrþehir;Boztepe;KOYUN (YERLÝ);Küçükbaþ Hayvan;15300;16753,5;40,4
Kýrþehir;Çiçekdaðý;KOYUN (YERLÝ);Küçükbaþ Hayvan;35273;38623,9;93
Kýrþehir;Kaman;KOYUN (YERLÝ);Küçükbaþ Hayvan;47600;52122;125,6
Kýrþehir;Merkez;KOYUN (YERLÝ);Küçükbaþ Hayvan;84632;92672;223,3
Kýrþehir;Mucur;KOYUN (YERLÝ);Küçükbaþ Hayvan;28716;31444;75,8
Kýrþehir;Boztepe;ET TAVUÐU;Kanatlý Hayvan;0;0;0
Kýrþehir;Çiçekdaðý;ET TAVUÐU;Kanatlý Hayvan;0;0;0
Kýrþehir;Merkez;ET TAVUÐU;Kanatlý Hayvan;0;0;0
Kýrþehir;Mucur;ET TAVUÐU;Kanatlý Hayvan;0;0;0
Kýrþehir;Akçakent;HÝNDÝ;Kanatlý Hayvan;45;46204;0,4
Kýrþehir;Akpýnar;HÝNDÝ;Kanatlý Hayvan;2510;94,1;46165
Kýrþehir;Boztepe;HÝNDÝ;Kanatlý Hayvan;3000;112,5;46050
Kýrþehir;Çiçekdaðý;HÝNDÝ;Kanatlý Hayvan;3200;120;30
Kýrþehir;Kaman;HÝNDÝ;Kanatlý Hayvan;850;31,9;8
Kýrþehir;Merkez;HÝNDÝ;Kanatlý Hayvan;3100;116,3;46051
Kýrþehir;Mucur;HÝNDÝ;Kanatlý Hayvan;560;21;46086
Kýrþehir;Akçakent;KAZ;Kanatlý Hayvan;15;0,7;0,2
Kýrþehir;Akpýnar;KAZ;Kanatlý Hayvan;1025;48;12
Kýrþehir;Boztepe;KAZ;Kanatlý Hayvan;400;46221;46207
Kýrþehir;Çiçekdaðý;KAZ;Kanatlý Hayvan;4500;210,6;52,7
Kýrþehir;Kaman;KAZ;Kanatlý Hayvan;700;32,8;46061
Kýrþehir;Merkez;KAZ;Kanatlý Hayvan;1530;71,6;46282
Kýrþehir;Mucur;KAZ;Kanatlý Hayvan;544;46167;46118
Kýrþehir;Akçakent;ÖRDEK;Kanatlý Hayvan;20;0,9;0,2
Kýrþehir;Akpýnar;ÖRDEK;Kanatlý Hayvan;592;46230;46271
Kýrþehir;Boztepe;ÖRDEK;Kanatlý Hayvan;80;46206;0,9
Kýrþehir;Çiçekdaðý;ÖRDEK;Kanatlý Hayvan;350;46128;46026
Kýrþehir;Kaman;ÖRDEK;Kanatlý Hayvan;300;14;46145
Kýrþehir;Merkez;ÖRDEK;Kanatlý Hayvan;1020;47,7;46276
Kýrþehir;Mucur;ÖRDEK;Kanatlý Hayvan;359;46250;46057
Kýrþehir;Akçakent;YUMURTA TAVUÐU;Kanatlý Hayvan;6400;350,4;87,6
Kýrþehir;Akpýnar;YUMURTA TAVUÐU;Kanatlý Hayvan;9960;545,3;136,4
Kýrþehir;Boztepe;YUMURTA TAVUÐU;Kanatlý Hayvan;260000;14235;3559,4
Kýrþehir;Çiçekdaðý;YUMURTA TAVUÐU;Kanatlý Hayvan;9800;536,6;134,2
Kýrþehir;Kaman;YUMURTA TAVUÐU;Kanatlý Hayvan;50000;2737,5;684,5
Kýrþehir;Merkez;YUMURTA TAVUÐU;Kanatlý Hayvan;312000;17082;4271,3
Kýrþehir;Mucur;YUMURTA TAVUÐU;Kanatlý Hayvan;349483;19134,2;4784,4
Kocaeli;Çayýrova;AT;Büyükbaþ Hayvan;14;76,7;0,4
Kocaeli;Darýca;AT;Büyükbaþ Hayvan;2;11;0,1
Kocaeli;Dilovasý;AT;Büyükbaþ Hayvan;12;65,7;0,4
Kocaeli;Gebze;AT;Büyükbaþ Hayvan;47;257,3;46113
Kocaeli;Gölcük;AT;Büyükbaþ Hayvan;115;629,6;46115
Kocaeli;Ýzmit;AT;Büyükbaþ Hayvan;360;1971;46183
Kocaeli;Kandýra;AT;Büyükbaþ Hayvan;3;46128;0,1
Kocaeli;Karamürsel;AT;Büyükbaþ Hayvan;8;43,8;0,2
Kocaeli;Kartepe;AT;Büyükbaþ Hayvan;198;1084,1;46239
Kocaeli;Kartepe;DEVE;Büyükbaþ Hayvan;3;46233;0,2
Kocaeli;Dilovasý;EÞEK;Büyükbaþ Hayvan;7;46072;0,1
Kocaeli;Gebze;EÞEK;Büyükbaþ Hayvan;4;11;0
Kocaeli;Karamürsel;EÞEK;Büyükbaþ Hayvan;5;46216;0
Kocaeli;Kartepe;EÞEK;Büyükbaþ Hayvan;6;46128;0,1
Kocaeli;Dilovasý;KATIR;Büyükbaþ Hayvan;3;46035;0,1
Kocaeli;Çayýrova;MANDA;Büyükbaþ Hayvan;29;211,7;46174
Kocaeli;Dilovasý;MANDA;Büyükbaþ Hayvan;15;109,5;0,8
Kocaeli;Gebze;MANDA;Büyükbaþ Hayvan;55;401,5;3
Kocaeli;Ýzmit;MANDA;Büyükbaþ Hayvan;344;2511,2;46252
Kocaeli;Kandýra;MANDA;Büyükbaþ Hayvan;1623;11847,9;88,8
Kocaeli;Karamürsel;MANDA;Büyükbaþ Hayvan;4;29,2;0,2
Kocaeli;Kartepe;MANDA;Büyükbaþ Hayvan;124;905,2;46240
Kocaeli;Körfez;MANDA;Büyükbaþ Hayvan;35;255,5;46266
Kocaeli;Baþiskele;SIÐIR (KÜLTÜR);Büyükbaþ Hayvan;1022;9325,8;74,9
Kocaeli;Çayýrova;SIÐIR (KÜLTÜR);Büyükbaþ Hayvan;51;465,4;46206
Kocaeli;Darýca;SIÐIR (KÜLTÜR);Büyükbaþ Hayvan;317;2892,6;46076
Kocaeli;Derince;SIÐIR (KÜLTÜR);Büyükbaþ Hayvan;1861;16981,6;136,4
Kocaeli;Dilovasý;SIÐIR (KÜLTÜR);Büyükbaþ Hayvan;1787;16306,4;130,9
Kocaeli;Gebze;SIÐIR (KÜLTÜR);Büyükbaþ Hayvan;1580;14417,5;115,8
Kocaeli;Gölcük;SIÐIR (KÜLTÜR);Büyükbaþ Hayvan;2593;23661,1;190
Kocaeli;Ýzmit;SIÐIR (KÜLTÜR);Büyükbaþ Hayvan;5861;53481,6;429,5
Kocaeli;Kandýra;SIÐIR (KÜLTÜR);Büyükbaþ Hayvan;13552;123662;993
Kocaeli;Karamürsel;SIÐIR (KÜLTÜR);Büyükbaþ Hayvan;2185;19938,1;160,1
Kocaeli;Kartepe;SIÐIR (KÜLTÜR);Büyükbaþ Hayvan;3856;35186;282,6
Kocaeli;Körfez;SIÐIR (KÜLTÜR);Büyükbaþ Hayvan;3550;32393,8;260,1
Kocaeli;Baþiskele;SIÐIR (MELEZ);Büyükbaþ Hayvan;2366;15544,6;99,9
Kocaeli;Çayýrova;SIÐIR (MELEZ);Büyükbaþ Hayvan;81;532,2;46115
Kocaeli;Darýca;SIÐIR (MELEZ);Büyükbaþ Hayvan;229;1504,5;46212
Kocaeli;Derince;SIÐIR (MELEZ);Büyükbaþ Hayvan;5860;38500,2;247,3
Kocaeli;Dilovasý;SIÐIR (MELEZ);Büyükbaþ Hayvan;2096;13770,7;88,5
Kocaeli;Gebze;SIÐIR (MELEZ);Büyükbaþ Hayvan;10825;71120,3;456,9
Kocaeli;Gölcük;SIÐIR (MELEZ);Büyükbaþ Hayvan;5475;35970,8;231,1
Kocaeli;Ýzmit;SIÐIR (MELEZ);Büyükbaþ Hayvan;10130;66554,1;427,6
Kocaeli;Kandýra;SIÐIR (MELEZ);Büyükbaþ Hayvan;19897;130723,3;839,8
Kocaeli;Karamürsel;SIÐIR (MELEZ);Büyükbaþ Hayvan;3199;21017,4;135
Kocaeli;Kartepe;SIÐIR (MELEZ);Büyükbaþ Hayvan;3310;21746,7;139,7
Kocaeli;Körfez;SIÐIR (MELEZ);Büyükbaþ Hayvan;4234;27817,4;178,7
Kocaeli;Baþiskele;SIÐIR (YERLÝ);Büyükbaþ Hayvan;454;2485,7;46094
Kocaeli;Çayýrova;SIÐIR (YERLÝ);Büyükbaþ Hayvan;5;46139;0,1
Kocaeli;Darýca;SIÐIR (YERLÝ);Büyükbaþ Hayvan;253;1385,2;46119
Kocaeli;Dilovasý;SIÐIR (YERLÝ);Büyükbaþ Hayvan;1101;6028;32,3
Kocaeli;Gölcük;SIÐIR (YERLÝ);Büyükbaþ Hayvan;632;3460,2;46160
Kocaeli;Ýzmit;SIÐIR (YERLÝ);Büyükbaþ Hayvan;2795;15302,6;81,9
Kocaeli;Kandýra;SIÐIR (YERLÝ);Büyükbaþ Hayvan;1131;6192,2;33,2
Kocaeli;Karamürsel;SIÐIR (YERLÝ);Büyükbaþ Hayvan;424;2321,4;46124
Kocaeli;Kartepe;SIÐIR (YERLÝ);Büyükbaþ Hayvan;678;3712,1;46284
Kocaeli;Körfez;SIÐIR (YERLÝ);Büyükbaþ Hayvan;592;3241,2;46129
Kocaeli;Baþiskele;KEÇÝ (KIL);Küçükbaþ Hayvan;360;262,8;0,4
Kocaeli;Çayýrova;KEÇÝ (KIL);Küçükbaþ Hayvan;89;65;0,1
Kocaeli;Darýca;KEÇÝ (KIL);Küçükbaþ Hayvan;82;59,9;0,1
Kocaeli;Derince;KEÇÝ (KIL);Küçükbaþ Hayvan;465;339,5;0,5
Kocaeli;Dilovasý;KEÇÝ (KIL);Küçükbaþ Hayvan;1650;1204,5;46266
Kocaeli;Gebze;KEÇÝ (KIL);Küçükbaþ Hayvan;7899;5766,3;46090
Kocaeli;Gölcük;KEÇÝ (KIL);Küçükbaþ Hayvan;89;65;0,1
Kocaeli;Ýzmit;KEÇÝ (KIL);Küçükbaþ Hayvan;2017;1472,4;46114
Kocaeli;Kandýra;KEÇÝ (KIL);Küçükbaþ Hayvan;2139;1561,5;46144
Kocaeli;Karamürsel;KEÇÝ (KIL);Küçükbaþ Hayvan;4502;3286,5;46086
Kocaeli;Kartepe;KEÇÝ (KIL);Küçükbaþ Hayvan;685;500,1;0,8
Kocaeli;Körfez;KEÇÝ (KIL);Küçükbaþ Hayvan;3363;2455;46268
Kocaeli;Derince;KOYUN (MERÝNOS);Küçükbaþ Hayvan;885;969,1;46083
Kocaeli;Dilovasý;KOYUN (MERÝNOS);Küçükbaþ Hayvan;6402;7010,2;46281
Kocaeli;Gebze;KOYUN (MERÝNOS);Küçükbaþ Hayvan;2428;2658,7;46118
Kocaeli;Ýzmit;KOYUN (MERÝNOS);Küçükbaþ Hayvan;419;458,8;46023
Kocaeli;Kartepe;KOYUN (MERÝNOS);Küçükbaþ Hayvan;250;273,8;0,7
Kocaeli;Baþiskele;KOYUN (YERLÝ);Küçükbaþ Hayvan;580;635,1;46143
Kocaeli;Çayýrova;KOYUN (YERLÝ);Küçükbaþ Hayvan;59;64,6;0,2
Kocaeli;Darýca;KOYUN (YERLÝ);Küçükbaþ Hayvan;615;673,4;46174
Kocaeli;Derince;KOYUN (YERLÝ);Küçükbaþ Hayvan;2275;2491,1;6
Kocaeli;Dilovasý;KOYUN (YERLÝ);Küçükbaþ Hayvan;1202;1316,2;46056
Kocaeli;Gebze;KOYUN (YERLÝ);Küçükbaþ Hayvan;15826;17329,5;41,7
Kocaeli;Gölcük;KOYUN (YERLÝ);Küçükbaþ Hayvan;1605;1757,5;46057
Kocaeli;Ýzmit;KOYUN (YERLÝ);Küçükbaþ Hayvan;10218;11188,7;27
Kocaeli;Kandýra;KOYUN (YERLÝ);Küçükbaþ Hayvan;12070;13216,7;46265
Kocaeli;Karamürsel;KOYUN (YERLÝ);Küçükbaþ Hayvan;12590;13786,1;33,2
Kocaeli;Kartepe;KOYUN (YERLÝ);Küçükbaþ Hayvan;2690;2945,6;46029
Kocaeli;Körfez;KOYUN (YERLÝ);Küçükbaþ Hayvan;5226;5722,5;46247
Kocaeli;Baþiskele;ET TAVUÐU;Kanatlý Hayvan;125500;3388,5;847,3
Kocaeli;Çayýrova;ET TAVUÐU;Kanatlý Hayvan;0;0;0
Kocaeli;Darýca;ET TAVUÐU;Kanatlý Hayvan;0;0;0
Kocaeli;Derince;ET TAVUÐU;Kanatlý Hayvan;878500;23719,5;5930,9
Kocaeli;Dilovasý;ET TAVUÐU;Kanatlý Hayvan;530000;14310;3578,1
Kocaeli;Gebze;ET TAVUÐU;Kanatlý Hayvan;71560;1932,1;483,1
Kocaeli;Gölcük;ET TAVUÐU;Kanatlý Hayvan;18700;504,9;126,2
Kocaeli;Ýzmit;ET TAVUÐU;Kanatlý Hayvan;1752016;47304,4;11828,2
Kocaeli;Kandýra;ET TAVUÐU;Kanatlý Hayvan;850000;22950;5738,5
Kocaeli;Karamürsel;ET TAVUÐU;Kanatlý Hayvan;52000;1404;351,1
Kocaeli;Kartepe;ET TAVUÐU;Kanatlý Hayvan;257000;6939;1735,1
Kocaeli;Körfez;ET TAVUÐU;Kanatlý Hayvan;1005800;27156,6;6790,4
Kocaeli;Baþiskele;HÝNDÝ;Kanatlý Hayvan;0;0;0
Kocaeli;Çayýrova;HÝNDÝ;Kanatlý Hayvan;0;0;0
Kocaeli;Darýca;HÝNDÝ;Kanatlý Hayvan;0;0;0
Kocaeli;Derince;HÝNDÝ;Kanatlý Hayvan;560;21;46086
Kocaeli;Dilovasý;HÝNDÝ;Kanatlý Hayvan;120;46146;46023
Kocaeli;Gebze;HÝNDÝ;Kanatlý Hayvan;12340;462,8;115,7
Kocaeli;Gölcük;HÝNDÝ;Kanatlý Hayvan;30;46023;0,3
Kocaeli;Ýzmit;HÝNDÝ;Kanatlý Hayvan;10000;375;93,8
Kocaeli;Kandýra;HÝNDÝ;Kanatlý Hayvan;77000;2887,5;722
Kocaeli;Karamürsel;HÝNDÝ;Kanatlý Hayvan;25;0,9;0,2
Kocaeli;Kartepe;HÝNDÝ;Kanatlý Hayvan;10;0,4;0,1
Kocaeli;Körfez;HÝNDÝ;Kanatlý Hayvan;320;12;3
Kocaeli;Baþiskele;KAZ;Kanatlý Hayvan;0;0;0
Kocaeli;Çayýrova;KAZ;Kanatlý Hayvan;20;0,9;0,2
Kocaeli;Darýca;KAZ;Kanatlý Hayvan;0;0;0
Kocaeli;Derince;KAZ;Kanatlý Hayvan;700;32,8;46061
Kocaeli;Dilovasý;KAZ;Kanatlý Hayvan;95;46116;46023
Kocaeli;Gebze;KAZ;Kanatlý Hayvan;0;0;0
Kocaeli;Gölcük;KAZ;Kanatlý Hayvan;17;0,8;0,2
Kocaeli;Ýzmit;KAZ;Kanatlý Hayvan;230;46244;46205
Kocaeli;Kandýra;KAZ;Kanatlý Hayvan;515;46046;6
Kocaeli;Karamürsel;KAZ;Kanatlý Hayvan;34;46174;0,4
Kocaeli;Kartepe;KAZ;Kanatlý Hayvan;80;46206;0,9
Kocaeli;Körfez;KAZ;Kanatlý Hayvan;90;46057;46023
Kocaeli;Baþiskele;ÖRDEK;Kanatlý Hayvan;35;46174;0,4
Kocaeli;Çayýrova;ÖRDEK;Kanatlý Hayvan;7;0,3;0,1
Kocaeli;Darýca;ÖRDEK;Kanatlý Hayvan;0;0;0
Kocaeli;Derince;ÖRDEK;Kanatlý Hayvan;70;46084;0,8
Kocaeli;Dilovasý;ÖRDEK;Kanatlý Hayvan;171;8;2
Kocaeli;Gebze;ÖRDEK;Kanatlý Hayvan;0;0;0
Kocaeli;Gölcük;ÖRDEK;Kanatlý Hayvan;32;46143;0,4
Kocaeli;Ýzmit;ÖRDEK;Kanatlý Hayvan;640;30;46149
Kocaeli;Kandýra;ÖRDEK;Kanatlý Hayvan;515;46046;6
Kocaeli;Karamürsel;ÖRDEK;Kanatlý Hayvan;27;46082;0,3
Kocaeli;Kartepe;ÖRDEK;Kanatlý Hayvan;25;46054;0,3
Kocaeli;Körfez;ÖRDEK;Kanatlý Hayvan;29;46113;0,3
Kocaeli;Baþiskele;YUMURTA TAVUÐU;Kanatlý Hayvan;22000;1204,5;301,2
Kocaeli;Çayýrova;YUMURTA TAVUÐU;Kanatlý Hayvan;54000;2956,5;739,3
Kocaeli;Darýca;YUMURTA TAVUÐU;Kanatlý Hayvan;0;0;0
Kocaeli;Derince;YUMURTA TAVUÐU;Kanatlý Hayvan;63700;3487,6;872,1
Kocaeli;Dilovasý;YUMURTA TAVUÐU;Kanatlý Hayvan;3250;177,9;44,5
Kocaeli;Gebze;YUMURTA TAVUÐU;Kanatlý Hayvan;3200;175,2;43,8
Kocaeli;Gölcük;YUMURTA TAVUÐU;Kanatlý Hayvan;3490;191,1;47,8
Kocaeli;Ýzmit;YUMURTA TAVUÐU;Kanatlý Hayvan;32500;1779,4;444,9
Kocaeli;Kandýra;YUMURTA TAVUÐU;Kanatlý Hayvan;110000;6022,5;1505,9
Kocaeli;Karamürsel;YUMURTA TAVUÐU;Kanatlý Hayvan;65335;3577,1;894,4
Kocaeli;Kartepe;YUMURTA TAVUÐU;Kanatlý Hayvan;25000;1368,8;342,2
Kocaeli;Körfez;YUMURTA TAVUÐU;Kanatlý Hayvan;19420;1063,2;265,9
Konya;Akören;AT;Büyükbaþ Hayvan;30;164,3;0,9
Konya;Akþehir;AT;Büyükbaþ Hayvan;26;142,4;0,8
Konya;Altýnekin;AT;Büyükbaþ Hayvan;15;82,1;0,4
Konya;Beyþehir;AT;Büyükbaþ Hayvan;45;246,4;46082
Konya;Bozkýr;AT;Büyükbaþ Hayvan;50;273,8;46143
Konya;Çeltik;AT;Büyükbaþ Hayvan;4;46286;0,1
Konya;Cihanbeyli;AT;Büyükbaþ Hayvan;27;147,8;0,8
Konya;Çumra;AT;Büyükbaþ Hayvan;66;361,4;46266
Konya;Derbent;AT;Büyükbaþ Hayvan;4;46286;0,1
Konya;Derebucak;AT;Büyükbaþ Hayvan;6;32,9;0,2
Konya;Doðanhisar;AT;Büyükbaþ Hayvan;33;180,7;1
Konya;Emirgazi;AT;Büyükbaþ Hayvan;54;295,7;46174
Konya;Ereðli;AT;Büyükbaþ Hayvan;191;1045,7;46178
Konya;Hadim;AT;Büyükbaþ Hayvan;50;273,8;46143
Konya;Halkapýnar;AT;Büyükbaþ Hayvan;20;109,5;0,6
Konya;Hüyük;AT;Büyükbaþ Hayvan;3;46128;0,1
Konya;Ilgýn;AT;Büyükbaþ Hayvan;115;629,6;46115
Konya;Kadýnhaný;AT;Büyükbaþ Hayvan;14;76,7;0,4
Konya;Karapýnar;AT;Büyükbaþ Hayvan;22;120,5;0,6
Konya;Karatay;AT;Büyükbaþ Hayvan;24;131,4;0,7
Konya;Kulu;AT;Büyükbaþ Hayvan;57;312,1;46204
Konya;Meram;AT;Büyükbaþ Hayvan;209;1144,3;46028
Konya;Sarayönü;AT;Büyükbaþ Hayvan;20;109,5;0,6
Konya;Selçuklu;AT;Büyükbaþ Hayvan;50;273,8;46143
Konya;Seydiþehir;AT;Büyükbaþ Hayvan;106;580,4;46025
Konya;Taþkent;AT;Büyükbaþ Hayvan;54;295,7;46174
Konya;Tuzlukçu;AT;Büyükbaþ Hayvan;10;54,8;0,3
Konya;Yunak;AT;Büyükbaþ Hayvan;24;131,4;0,7
Konya;Ahýrlý;EÞEK;Büyükbaþ Hayvan;71;194,4;0,6
Konya;Akören;EÞEK;Büyükbaþ Hayvan;145;396,9;46082
Konya;Akþehir;EÞEK;Büyükbaþ Hayvan;34;93,1;0,3
Konya;Altýnekin;EÞEK;Büyükbaþ Hayvan;120;328,5;46023
Konya;Beyþehir;EÞEK;Büyükbaþ Hayvan;370;1012,9;46084
Konya;Bozkýr;EÞEK;Büyükbaþ Hayvan;200;547,5;46235
Konya;Çeltik;EÞEK;Büyükbaþ Hayvan;31;84,9;0,3
Konya;Cihanbeyli;EÞEK;Büyükbaþ Hayvan;278;761;46114
Konya;Çumra;EÞEK;Büyükbaþ Hayvan;300;821,3;46175
Konya;Derbent;EÞEK;Büyükbaþ Hayvan;178;487,3;46174
Konya;Derebucak;EÞEK;Büyükbaþ Hayvan;128;350,4;46023
Konya;Doðanhisar;EÞEK;Büyükbaþ Hayvan;226;618,7;2
Konya;Emirgazi;EÞEK;Büyükbaþ Hayvan;211;577,6;46266
Konya;Ereðli;EÞEK;Büyükbaþ Hayvan;142;388,7;46054
Konya;Güneysýnýr;EÞEK;Büyükbaþ Hayvan;20;54,8;0,2
Konya;Hadim;EÞEK;Büyükbaþ Hayvan;240;657;46024
Konya;Halkapýnar;EÞEK;Büyükbaþ Hayvan;160;438;46113
Konya;Hüyük;EÞEK;Büyükbaþ Hayvan;35;95,8;0,3
Konya;Ilgýn;EÞEK;Büyükbaþ Hayvan;388;1062,2;46115
Konya;Kadýnhaný;EÞEK;Büyükbaþ Hayvan;380;1040,3;46084
Konya;Karapýnar;EÞEK;Büyükbaþ Hayvan;213;583,1;46266
Konya;Karatay;EÞEK;Büyükbaþ Hayvan;455;1245,6;4
Konya;Kulu;EÞEK;Büyükbaþ Hayvan;609;1667,1;46117
Konya;Meram;EÞEK;Büyükbaþ Hayvan;477;1305,8;46057
Konya;Sarayönü;EÞEK;Büyükbaþ Hayvan;65;177,9;0,6
Konya;Selçuklu;EÞEK;Büyükbaþ Hayvan;180;492,8;46174
Konya;Seydiþehir;EÞEK;Büyükbaþ Hayvan;213;583,1;46266
Konya;Taþkent;EÞEK;Büyükbaþ Hayvan;90;246,4;0,8
Konya;Tuzlukçu;EÞEK;Büyükbaþ Hayvan;15;41,1;0,1
Konya;Yalýhüyük;EÞEK;Büyükbaþ Hayvan;2;46147;0
Konya;Yunak;EÞEK;Büyükbaþ Hayvan;262;717,2;46083
Konya;Akþehir;KATIR;Büyükbaþ Hayvan;9;39,4;0,2
Konya;Beyþehir;KATIR;Büyükbaþ Hayvan;5;46286;0,1
Konya;Bozkýr;KATIR;Büyükbaþ Hayvan;119;521,2;46055
Konya;Çumra;KATIR;Büyükbaþ Hayvan;49;214,6;0,9
Konya;Derebucak;KATIR;Büyükbaþ Hayvan;3;46035;0,1
Konya;Doðanhisar;KATIR;Büyükbaþ Hayvan;29;127;0,5
Konya;Emirgazi;KATIR;Büyükbaþ Hayvan;15;65,7;0,3
Konya;Ereðli;KATIR;Büyükbaþ Hayvan;9;39,4;0,2
Konya;Güneysýnýr;KATIR;Büyükbaþ Hayvan;7;46233;0,1
Konya;Hadim;KATIR;Büyükbaþ Hayvan;215;941,7;4
Konya;Halkapýnar;KATIR;Büyükbaþ Hayvan;3;46035;0,1
Konya;Kadýnhaný;KATIR;Büyükbaþ Hayvan;5;46286;0,1
Konya;Meram;KATIR;Büyükbaþ Hayvan;37;162,1;0,7
Konya;Selçuklu;KATIR;Büyükbaþ Hayvan;20;87,6;0,4
Konya;Seydiþehir;KATIR;Büyükbaþ Hayvan;90;394,2;46204
Konya;Taþkent;KATIR;Büyükbaþ Hayvan;40;175,2;0,8
Konya;Tuzlukçu;KATIR;Büyükbaþ Hayvan;10;43,8;0,2
Konya;Beyþehir;MANDA;Büyükbaþ Hayvan;400;2920;46286
Konya;Bozkýr;MANDA;Büyükbaþ Hayvan;5;36,5;0,3
Konya;Çumra;MANDA;Büyükbaþ Hayvan;17;124,1;0,9
Konya;Doðanhisar;MANDA;Büyükbaþ Hayvan;11;80,3;0,6
Konya;Hüyük;MANDA;Büyükbaþ Hayvan;21;153,3;46023
Konya;Ilgýn;MANDA;Büyükbaþ Hayvan;57;416,1;46025
Konya;Karapýnar;MANDA;Büyükbaþ Hayvan;2;46187;0,1
Konya;Karatay;MANDA;Büyükbaþ Hayvan;114;832,2;46059
Konya;Kulu;MANDA;Büyükbaþ Hayvan;9;65,7;0,5
Konya;Meram;MANDA;Büyükbaþ Hayvan;190;1387;46122
Konya;Ahýrlý;SIÐIR (KÜLTÜR);Büyükbaþ Hayvan;6023;54959,9;441,3
Konya;Akören;SIÐIR (KÜLTÜR);Büyükbaþ Hayvan;5489;50087,1;402,2
Konya;Akþehir;SIÐIR (KÜLTÜR);Büyükbaþ Hayvan;26140;238527,5;1915,4
Konya;Altýnekin;SIÐIR (KÜLTÜR);Büyükbaþ Hayvan;5025;45853,1;368,2
Konya;Beyþehir;SIÐIR (KÜLTÜR);Büyükbaþ Hayvan;20460;186697,5;1499,2
Konya;Bozkýr;SIÐIR (KÜLTÜR);Büyükbaþ Hayvan;9009;82207,1;660,1
Konya;Çeltik;SIÐIR (KÜLTÜR);Büyükbaþ Hayvan;2230;20348,8;163,4
Konya;Cihanbeyli;SIÐIR (KÜLTÜR);Büyükbaþ Hayvan;17895;163291,9;1311,3
Konya;Çumra;SIÐIR (KÜLTÜR);Büyükbaþ Hayvan;76270;695963,8;5588,8
Konya;Derbent;SIÐIR (KÜLTÜR);Büyükbaþ Hayvan;4085;37275,6;299,3
Konya;Derebucak;SIÐIR (KÜLTÜR);Büyükbaþ Hayvan;1583;14444,9;116
Konya;Doðanhisar;SIÐIR (KÜLTÜR);Büyükbaþ Hayvan;6508;59385,5;476,9
Konya;Emirgazi;SIÐIR (KÜLTÜR);Büyükbaþ Hayvan;28509;260144,6;2089
Konya;Ereðli;SIÐIR (KÜLTÜR);Büyükbaþ Hayvan;154718;1411801,8;11337,1
Konya;Güneysýnýr;SIÐIR (KÜLTÜR);Büyükbaþ Hayvan;7045;64285,6;516,2
Konya;Hadim;SIÐIR (KÜLTÜR);Büyükbaþ Hayvan;1453;13258,6;106,5
Konya;Halkapýnar;SIÐIR (KÜLTÜR);Büyükbaþ Hayvan;5733;52313,6;420,1
Konya;Hüyük;SIÐIR (KÜLTÜR);Büyükbaþ Hayvan;7719;70435,9;565,6
Konya;Ilgýn;SIÐIR (KÜLTÜR);Büyükbaþ Hayvan;21630;197373,8;1585
Konya;Kadýnhaný;SIÐIR (KÜLTÜR);Büyükbaþ Hayvan;29554;269680,3;2165,6
Konya;Karapýnar;SIÐIR (KÜLTÜR);Büyükbaþ Hayvan;54350;495943,8;3982,6
Konya;Karatay;SIÐIR (KÜLTÜR);Büyükbaþ Hayvan;30940;282327,5;2267,2
Konya;Kulu;SIÐIR (KÜLTÜR);Büyükbaþ Hayvan;8707;79451,4;638
Konya;Meram;SIÐIR (KÜLTÜR);Büyükbaþ Hayvan;64191;585742,9;4703,7
Konya;Sarayönü;SIÐIR (KÜLTÜR);Büyükbaþ Hayvan;24500;223562,5;1795,3
Konya;Selçuklu;SIÐIR (KÜLTÜR);Büyükbaþ Hayvan;10932;99754,5;801,1
Konya;Seydiþehir;SIÐIR (KÜLTÜR);Büyükbaþ Hayvan;21392;195202;1567,5
Konya;Taþkent;SIÐIR (KÜLTÜR);Büyükbaþ Hayvan;402;3668,3;46171
Konya;Tuzlukçu;SIÐIR (KÜLTÜR);Büyükbaþ Hayvan;7378;67324,3;540,6
Konya;Yalýhüyük;SIÐIR (KÜLTÜR);Büyükbaþ Hayvan;581;5301,6;42,6
Konya;Yunak;SIÐIR (KÜLTÜR);Büyükbaþ Hayvan;9734;88822,8;713,3
Konya;Ahýrlý;SIÐIR (MELEZ);Büyükbaþ Hayvan;1180;7752,6;49,8
Konya;Akören;SIÐIR (MELEZ);Büyükbaþ Hayvan;1228;8068;51,8
Konya;Akþehir;SIÐIR (MELEZ);Büyükbaþ Hayvan;8170;53676,9;344,8
Konya;Altýnekin;SIÐIR (MELEZ);Büyükbaþ Hayvan;8475;55680,8;357,7
Konya;Beyþehir;SIÐIR (MELEZ);Büyükbaþ Hayvan;10230;67211,1;431,8
Konya;Bozkýr;SIÐIR (MELEZ);Büyükbaþ Hayvan;2419;15892,8;102,1
Konya;Çeltik;SIÐIR (MELEZ);Büyükbaþ Hayvan;949;6234,9;40,1
Konya;Cihanbeyli;SIÐIR (MELEZ);Büyükbaþ Hayvan;22830;149993,1;963,6
Konya;Çumra;SIÐIR (MELEZ);Büyükbaþ Hayvan;13124;86224,7;553,9
Konya;Derbent;SIÐIR (MELEZ);Büyükbaþ Hayvan;671;4408,5;46109
Konya;Derebucak;SIÐIR (MELEZ);Büyükbaþ Hayvan;468;3074,8;46253
Konya;Doðanhisar;SIÐIR (MELEZ);Büyükbaþ Hayvan;2781;18271,2;117,4
Konya;Emirgazi;SIÐIR (MELEZ);Büyükbaþ Hayvan;1505;9887,9;63,5
Konya;Ereðli;SIÐIR (MELEZ);Büyükbaþ Hayvan;12911;84825,3;544,9
Konya;Güneysýnýr;SIÐIR (MELEZ);Büyükbaþ Hayvan;1005;6602,9;42,4
Konya;Hadim;SIÐIR (MELEZ);Büyükbaþ Hayvan;500;3285;46043
Konya;Halkapýnar;SIÐIR (MELEZ);Büyükbaþ Hayvan;1116;7332,1;47,1
Konya;Hüyük;SIÐIR (MELEZ);Büyükbaþ Hayvan;1029;6760,5;43,4
Konya;Ilgýn;SIÐIR (MELEZ);Büyükbaþ Hayvan;17840;117208,8;753
Konya;Kadýnhaný;SIÐIR (MELEZ);Büyükbaþ Hayvan;4230;27791,1;178,5
Konya;Karapýnar;SIÐIR (MELEZ);Büyükbaþ Hayvan;20920;137444,4;883
Konya;Karatay;SIÐIR (MELEZ);Büyükbaþ Hayvan;43330;284678,1;1828,8
Konya;Kulu;SIÐIR (MELEZ);Büyükbaþ Hayvan;8463;55601,9;357,2
Konya;Meram;SIÐIR (MELEZ);Büyükbaþ Hayvan;16115;105875,6;680,2
Konya;Sarayönü;SIÐIR (MELEZ);Büyükbaþ Hayvan;4150;27265,5;175,2
Konya;Selçuklu;SIÐIR (MELEZ);Büyükbaþ Hayvan;2331;15314,7;98,4
Konya;Seydiþehir;SIÐIR (MELEZ);Büyükbaþ Hayvan;7627;50109,4;321,9
Konya;Taþkent;SIÐIR (MELEZ);Büyükbaþ Hayvan;227;1491,4;46182
Konya;Tuzlukçu;SIÐIR (MELEZ);Büyükbaþ Hayvan;2859;18783,6;120,7
Konya;Yalýhüyük;SIÐIR (MELEZ);Büyükbaþ Hayvan;76;499,3;46056
Konya;Yunak;SIÐIR (MELEZ);Büyükbaþ Hayvan;3748;24624,4;158,2
Konya;Ahýrlý;SIÐIR (YERLÝ);Büyükbaþ Hayvan;202;1106;46270
Konya;Akören;SIÐIR (YERLÝ);Büyükbaþ Hayvan;74;405,2;46055
Konya;Akþehir;SIÐIR (YERLÝ);Büyükbaþ Hayvan;295;1615,1;46181
Konya;Altýnekin;SIÐIR (YERLÝ);Büyükbaþ Hayvan;12;65,7;0,4
Konya;Beyþehir;SIÐIR (YERLÝ);Büyükbaþ Hayvan;3420;18724,5;100,2
Konya;Bozkýr;SIÐIR (YERLÝ);Büyükbaþ Hayvan;172;941,7;5
Konya;Cihanbeyli;SIÐIR (YERLÝ);Büyükbaþ Hayvan;1705;9334,9;50
Konya;Çumra;SIÐIR (YERLÝ);Büyükbaþ Hayvan;1465;8020,9;42,9
Konya;Derbent;SIÐIR (YERLÝ);Büyükbaþ Hayvan;5;46139;0,1
Konya;Derebucak;SIÐIR (YERLÝ);Büyükbaþ Hayvan;167;914,3;46269
Konya;Doðanhisar;SIÐIR (YERLÝ);Büyükbaþ Hayvan;73;399,7;46024
Konya;Emirgazi;SIÐIR (YERLÝ);Büyükbaþ Hayvan;40;219;46054
Konya;Ereðli;SIÐIR (YERLÝ);Büyükbaþ Hayvan;1872;10249,2;54,9
Konya;Hadim;SIÐIR (YERLÝ);Büyükbaþ Hayvan;418;2288,6;46093
Konya;Hüyük;SIÐIR (YERLÝ);Büyükbaþ Hayvan;93;509,2;46205
Konya;Ilgýn;SIÐIR (YERLÝ);Büyükbaþ Hayvan;518;2836,1;46068
Konya;Kadýnhaný;SIÐIR (YERLÝ);Büyükbaþ Hayvan;747;4089,8;46286
Konya;Karapýnar;SIÐIR (YERLÝ);Büyükbaþ Hayvan;360;1971;46183
Konya;Karatay;SIÐIR (YERLÝ);Büyükbaþ Hayvan;5095;27895,1;149,3
Konya;Kulu;SIÐIR (YERLÝ);Büyükbaþ Hayvan;5819;31859;170,6
Konya;Meram;SIÐIR (YERLÝ);Büyükbaþ Hayvan;1679;9192,5;49,2
Konya;Sarayönü;SIÐIR (YERLÝ);Büyükbaþ Hayvan;150;821,3;46116
Konya;Selçuklu;SIÐIR (YERLÝ);Büyükbaþ Hayvan;85;465,4;46144
Konya;Seydiþehir;SIÐIR (YERLÝ);Büyükbaþ Hayvan;2472;13534,2;72,5
Konya;Taþkent;SIÐIR (YERLÝ);Büyükbaþ Hayvan;178;974,6;46058
Konya;Tuzlukçu;SIÐIR (YERLÝ);Büyükbaþ Hayvan;15;82,1;0,4
Konya;Yalýhüyük;SIÐIR (YERLÝ);Büyükbaþ Hayvan;3;46128;0,1
Konya;Yunak;SIÐIR (YERLÝ);Büyükbaþ Hayvan;920;5037;27
Konya;Ahýrlý;KEÇÝ (KIL);Küçükbaþ Hayvan;8000;5840;46121
Konya;Akören;KEÇÝ (KIL);Küçükbaþ Hayvan;5464;3988,7;46118
Konya;Akþehir;KEÇÝ (KIL);Küçükbaþ Hayvan;2650;1934,5;46025
Konya;Altýnekin;KEÇÝ (KIL);Küçükbaþ Hayvan;1711;1249;2
Konya;Beyþehir;KEÇÝ (KIL);Küçükbaþ Hayvan;17400;12702;46132
Konya;Bozkýr;KEÇÝ (KIL);Küçükbaþ Hayvan;18800;13724;22
Konya;Çeltik;KEÇÝ (KIL);Küçükbaþ Hayvan;1783;1301,6;46024
Konya;Cihanbeyli;KEÇÝ (KIL);Küçükbaþ Hayvan;7360;5372,8;46181
Konya;Çumra;KEÇÝ (KIL);Küçükbaþ Hayvan;10033;7324,1;46245
Konya;Derbent;KEÇÝ (KIL);Küçükbaþ Hayvan;1543;1126,4;46235
Konya;Derebucak;KEÇÝ (KIL);Küçükbaþ Hayvan;11905;8690,7;14
Konya;Doðanhisar;KEÇÝ (KIL);Küçükbaþ Hayvan;1493;1089,9;46235
Konya;Emirgazi;KEÇÝ (KIL);Küçükbaþ Hayvan;3476;2537,5;46026
Konya;Ereðli;KEÇÝ (KIL);Küçükbaþ Hayvan;9057;6611,6;46183
Konya;Güneysýnýr;KEÇÝ (KIL);Küçükbaþ Hayvan;13816;10085,7;46069
Konya;Hadim;KEÇÝ (KIL);Küçükbaþ Hayvan;17258;12598,3;46073
Konya;Halkapýnar;KEÇÝ (KIL);Küçükbaþ Hayvan;2731;1993,6;46056
Konya;Hüyük;KEÇÝ (KIL);Küçükbaþ Hayvan;1926;1406;46083
Konya;Ilgýn;KEÇÝ (KIL);Küçükbaþ Hayvan;11334;8273,8;46094
Konya;Kadýnhaný;KEÇÝ (KIL);Küçükbaþ Hayvan;9050;6606,5;46183
Konya;Karapýnar;KEÇÝ (KIL);Küçükbaþ Hayvan;15360;11212,8;18
Konya;Karatay;KEÇÝ (KIL);Küçükbaþ Hayvan;4960;3620,8;46239
Konya;Kulu;KEÇÝ (KIL);Küçükbaþ Hayvan;3710;2708,3;46085
Konya;Meram;KEÇÝ (KIL);Küçükbaþ Hayvan;17900;13067;21
Konya;Sarayönü;KEÇÝ (KIL);Küçükbaþ Hayvan;4025;2938,3;46207
Konya;Selçuklu;KEÇÝ (KIL);Küçükbaþ Hayvan;11546;8428,6;46155
Konya;Seydiþehir;KEÇÝ (KIL);Küçükbaþ Hayvan;19818;14467,1;46076
Konya;Taþkent;KEÇÝ (KIL);Küçükbaþ Hayvan;14142;10323,7;46189
Konya;Tuzlukçu;KEÇÝ (KIL);Küçükbaþ Hayvan;672;490,6;0,8
Konya;Yunak;KEÇÝ (KIL);Küçükbaþ Hayvan;1498;1093,5;46235
Konya;Beyþehir;KEÇÝ (TÝFTÝK);Küçükbaþ Hayvan;100;73;0,1
Konya;Çumra;KEÇÝ (TÝFTÝK);Küçükbaþ Hayvan;13;46151;0
Konya;Ilgýn;KEÇÝ (TÝFTÝK);Küçükbaþ Hayvan;265;193,5;0,3
Konya;Karapýnar;KEÇÝ (TÝFTÝK);Küçükbaþ Hayvan;194;141,6;0,2
Konya;Kulu;KEÇÝ (TÝFTÝK);Küçükbaþ Hayvan;202;147,5;0,2
Konya;Selçuklu;KEÇÝ (TÝFTÝK);Küçükbaþ Hayvan;256;186,9;0,3
Konya;Ahýrlý;KOYUN (MERÝNOS);Küçükbaþ Hayvan;4000;4380;46183
Konya;Akþehir;KOYUN (MERÝNOS);Küçükbaþ Hayvan;6300;6898,5;46189
Konya;Altýnekin;KOYUN (MERÝNOS);Küçükbaþ Hayvan;11200;12264;46171
Konya;Beyþehir;KOYUN (MERÝNOS);Küçükbaþ Hayvan;200;219;0,5
Konya;Çeltik;KOYUN (MERÝNOS);Küçükbaþ Hayvan;15635;17120,3;41,2
Konya;Cihanbeyli;KOYUN (MERÝNOS);Küçükbaþ Hayvan;5065;5546,2;46125
Konya;Çumra;KOYUN (MERÝNOS);Küçükbaþ Hayvan;11470;12559,7;46111
Konya;Derbent;KOYUN (MERÝNOS);Küçükbaþ Hayvan;252;275,9;0,7
Konya;Doðanhisar;KOYUN (MERÝNOS);Küçükbaþ Hayvan;1905;2086;5
Konya;Hadim;KOYUN (MERÝNOS);Küçükbaþ Hayvan;889;973,5;46083
Konya;Hüyük;KOYUN (MERÝNOS);Küçükbaþ Hayvan;1003;1098,3;46175
Konya;Ilgýn;KOYUN (MERÝNOS);Küçükbaþ Hayvan;14820;16227,9;39,1
Konya;Kadýnhaný;KOYUN (MERÝNOS);Küçükbaþ Hayvan;24475;26800,1;64,6
Konya;Karapýnar;KOYUN (MERÝNOS);Küçükbaþ Hayvan;154650;169341,8;408
Konya;Karatay;KOYUN (MERÝNOS);Küçükbaþ Hayvan;15540;17016,3;41
Konya;Kulu;KOYUN (MERÝNOS);Küçükbaþ Hayvan;54;59,1;0,1
Konya;Meram;KOYUN (MERÝNOS);Küçükbaþ Hayvan;7643;8369,1;46073
Konya;Sarayönü;KOYUN (MERÝNOS);Küçükbaþ Hayvan;2710;2967,5;46029
Konya;Selçuklu;KOYUN (MERÝNOS);Küçükbaþ Hayvan;657;719,4;46204
Konya;Seydiþehir;KOYUN (MERÝNOS);Küçükbaþ Hayvan;3376;3696,7;46273
Konya;Tuzlukçu;KOYUN (MERÝNOS);Küçükbaþ Hayvan;10169;11135,1;46260
Konya;Yalýhüyük;KOYUN (MERÝNOS);Küçükbaþ Hayvan;320;350,4;0,8
Konya;Yunak;KOYUN (MERÝNOS);Küçükbaþ Hayvan;5505;6028;46156
Konya;Ahýrlý;KOYUN (YERLÝ);Küçükbaþ Hayvan;8000;8760;46043
Konya;Akören;KOYUN (YERLÝ);Küçükbaþ Hayvan;17869;19566,6;47,1
Konya;Akþehir;KOYUN (YERLÝ);Küçükbaþ Hayvan;22200;24309;58,6
Konya;Altýnekin;KOYUN (YERLÝ);Küçükbaþ Hayvan;50450;55242,8;133,1
Konya;Beyþehir;KOYUN (YERLÝ);Küçükbaþ Hayvan;15600;17082;41,2
Konya;Bozkýr;KOYUN (YERLÝ);Küçükbaþ Hayvan;11800;12921;46053
Konya;Çeltik;KOYUN (YERLÝ);Küçükbaþ Hayvan;14990;16414,1;39,5
Konya;Cihanbeyli;KOYUN (YERLÝ);Küçükbaþ Hayvan;153250;167808,8;404,3
Konya;Çumra;KOYUN (YERLÝ);Küçükbaþ Hayvan;126290;138287,6;333,1
Konya;Derbent;KOYUN (YERLÝ);Küçükbaþ Hayvan;3551;3888,3;46121
Konya;Derebucak;KOYUN (YERLÝ);Küçükbaþ Hayvan;2447;2679,5;46148
Konya;Doðanhisar;KOYUN (YERLÝ);Küçükbaþ Hayvan;5653;6190;46279
Konya;Emirgazi;KOYUN (YERLÝ);Küçükbaþ Hayvan;82327;90148,1;217,2
Konya;Ereðli;KOYUN (YERLÝ);Küçükbaþ Hayvan;180014;197115,3;474,9
Konya;Güneysýnýr;KOYUN (YERLÝ);Küçükbaþ Hayvan;11561;12659,3;46172
Konya;Hadim;KOYUN (YERLÝ);Küçükbaþ Hayvan;8398;9195,8;46075
Konya;Halkapýnar;KOYUN (YERLÝ);Küçükbaþ Hayvan;15351;16809,3;40,5
Konya;Hüyük;KOYUN (YERLÝ);Küçükbaþ Hayvan;7505;8218;46253
Konya;Ilgýn;KOYUN (YERLÝ);Küçükbaþ Hayvan;64900;71065,5;171,2
Konya;Kadýnhaný;KOYUN (YERLÝ);Küçükbaþ Hayvan;76775;84068,6;202,5
Konya;Karapýnar;KOYUN (YERLÝ);Küçükbaþ Hayvan;148075;162142,1;390,6
Konya;Karatay;KOYUN (YERLÝ);Küçükbaþ Hayvan;163300;178813,5;430,8
Konya;Kulu;KOYUN (YERLÝ);Küçükbaþ Hayvan;113032;123770;298,2
Konya;Meram;KOYUN (YERLÝ);Küçükbaþ Hayvan;114214;125064,3;301,3
Konya;Sarayönü;KOYUN (YERLÝ);Küçükbaþ Hayvan;82325;90145,9;217,2
Konya;Selçuklu;KOYUN (YERLÝ);Küçükbaþ Hayvan;89071;97532,7;235
Konya;Seydiþehir;KOYUN (YERLÝ);Küçükbaþ Hayvan;30995;33939,5;81,8
Konya;Taþkent;KOYUN (YERLÝ);Küçükbaþ Hayvan;9858;10794,5;26
Konya;Tuzlukçu;KOYUN (YERLÝ);Küçükbaþ Hayvan;14047;15381,5;37,1
Konya;Yalýhüyük;KOYUN (YERLÝ);Küçükbaþ Hayvan;330;361,4;0,9
Konya;Yunak;KOYUN (YERLÝ);Küçükbaþ Hayvan;58994;64598,4;155,6
Konya;Ahýrlý;ET TAVUÐU;Kanatlý Hayvan;0;0;0
Konya;Akören;ET TAVUÐU;Kanatlý Hayvan;0;0;0
Konya;Akþehir;ET TAVUÐU;Kanatlý Hayvan;307800;8310,6;2078
Konya;Altýnekin;ET TAVUÐU;Kanatlý Hayvan;0;0;0
Konya;Beyþehir;ET TAVUÐU;Kanatlý Hayvan;0;0;0
Konya;Bozkýr;ET TAVUÐU;Kanatlý Hayvan;0;0;0
Konya;Çeltik;ET TAVUÐU;Kanatlý Hayvan;0;0;0
Konya;Cihanbeyli;ET TAVUÐU;Kanatlý Hayvan;0;0;0
Konya;Çumra;ET TAVUÐU;Kanatlý Hayvan;0;0;0
Konya;Derebucak;ET TAVUÐU;Kanatlý Hayvan;0;0;0
Konya;Doðanhisar;ET TAVUÐU;Kanatlý Hayvan;0;0;0
Konya;Emirgazi;ET TAVUÐU;Kanatlý Hayvan;0;0;0
Konya;Ereðli;ET TAVUÐU;Kanatlý Hayvan;0;0;0
Konya;Hadim;ET TAVUÐU;Kanatlý Hayvan;0;0;0
Konya;Halkapýnar;ET TAVUÐU;Kanatlý Hayvan;0;0;0
Konya;Ilgýn;ET TAVUÐU;Kanatlý Hayvan;0;0;0
Konya;Kadýnhaný;ET TAVUÐU;Kanatlý Hayvan;0;0;0
Konya;Karapýnar;ET TAVUÐU;Kanatlý Hayvan;0;0;0
Konya;Karatay;ET TAVUÐU;Kanatlý Hayvan;0;0;0
Konya;Kulu;ET TAVUÐU;Kanatlý Hayvan;0;0;0
Konya;Meram;ET TAVUÐU;Kanatlý Hayvan;0;0;0
Konya;Selçuklu;ET TAVUÐU;Kanatlý Hayvan;0;0;0
Konya;Seydiþehir;ET TAVUÐU;Kanatlý Hayvan;0;0;0
Konya;Taþkent;ET TAVUÐU;Kanatlý Hayvan;0;0;0
Konya;Tuzlukçu;ET TAVUÐU;Kanatlý Hayvan;0;0;0
Konya;Yalýhüyük;ET TAVUÐU;Kanatlý Hayvan;0;0;0
Konya;Yunak;ET TAVUÐU;Kanatlý Hayvan;0;0;0
Konya;Ahýrlý;HÝNDÝ;Kanatlý Hayvan;230;46181;46055
Konya;Akören;HÝNDÝ;Kanatlý Hayvan;280;46152;46175
Konya;Akþehir;HÝNDÝ;Kanatlý Hayvan;3129;117,3;46110
Konya;Altýnekin;HÝNDÝ;Kanatlý Hayvan;300;46092;46236
Konya;Beyþehir;HÝNDÝ;Kanatlý Hayvan;585;46286;46147
Konya;Bozkýr;HÝNDÝ;Kanatlý Hayvan;220;46089;46024
Konya;Çeltik;HÝNDÝ;Kanatlý Hayvan;147;46147;46113
Konya;Cihanbeyli;HÝNDÝ;Kanatlý Hayvan;5475;205,3;51,3
Konya;Çumra;HÝNDÝ;Kanatlý Hayvan;5615;210,6;52,7
Konya;Derbent;HÝNDÝ;Kanatlý Hayvan;230;46181;46055
Konya;Derebucak;HÝNDÝ;Kanatlý Hayvan;;0;0
Konya;Doðanhisar;HÝNDÝ;Kanatlý Hayvan;620;46104;46239
Konya;Emirgazi;HÝNDÝ;Kanatlý Hayvan;510;46041;46238
Konya;Ereðli;HÝNDÝ;Kanatlý Hayvan;2550;95,6;46288
Konya;Güneysýnýr;HÝNDÝ;Kanatlý Hayvan;940;35,3;46242
Konya;Hadim;HÝNDÝ;Kanatlý Hayvan;25;0,9;0,2
Konya;Halkapýnar;HÝNDÝ;Kanatlý Hayvan;35;46082;0,3
Konya;Hüyük;HÝNDÝ;Kanatlý Hayvan;720;27;46240
Konya;Ilgýn;HÝNDÝ;Kanatlý Hayvan;4080;153;38,3
Konya;Kadýnhaný;HÝNDÝ;Kanatlý Hayvan;4050;151,9;38
Konya;Karapýnar;HÝNDÝ;Kanatlý Hayvan;1150;43,1;46244
Konya;Karatay;HÝNDÝ;Kanatlý Hayvan;3010;112,9;46081
Konya;Kulu;HÝNDÝ;Kanatlý Hayvan;4000;150;37,5
Konya;Meram;HÝNDÝ;Kanatlý Hayvan;2012;75,5;46283
Konya;Sarayönü;HÝNDÝ;Kanatlý Hayvan;1140;42,8;46213
Konya;Selçuklu;HÝNDÝ;Kanatlý Hayvan;492;46160;46177
Konya;Seydiþehir;HÝNDÝ;Kanatlý Hayvan;1310;49,1;46093
Konya;Taþkent;HÝNDÝ;Kanatlý Hayvan;70;46175;0,7
Konya;Tuzlukçu;HÝNDÝ;Kanatlý Hayvan;390;46187;46206
Konya;Yalýhüyük;HÝNDÝ;Kanatlý Hayvan;42;46174;0,4
Konya;Yunak;HÝNDÝ;Kanatlý Hayvan;1550;58,1;46156
Konya;Ahýrlý;KAZ;Kanatlý Hayvan;42;2;0,5
Konya;Akören;KAZ;Kanatlý Hayvan;140;46179;46174
Konya;Akþehir;KAZ;Kanatlý Hayvan;2982;139,6;34,9
Konya;Altýnekin;KAZ;Kanatlý Hayvan;650;46142;46180
Konya;Beyþehir;KAZ;Kanatlý Hayvan;350;46128;46026
Konya;Bozkýr;KAZ;Kanatlý Hayvan;237;46033;46236
Konya;Çeltik;KAZ;Kanatlý Hayvan;52;46114;0,6
Konya;Cihanbeyli;KAZ;Kanatlý Hayvan;585;46139;46240
Konya;Çumra;KAZ;Kanatlý Hayvan;3225;150,9;37,7
Konya;Derbent;KAZ;Kanatlý Hayvan;13;0,6;0,2
Konya;Derebucak;KAZ;Kanatlý Hayvan;40;46266;0,5
Konya;Doðanhisar;KAZ;Kanatlý Hayvan;55;46175;0,6
Konya;Emirgazi;KAZ;Kanatlý Hayvan;75;46145;0,9
Konya;Ereðli;KAZ;Kanatlý Hayvan;320;15;46206
Konya;Güneysýnýr;KAZ;Kanatlý Hayvan;290;46186;46115
Konya;Hadim;KAZ;Kanatlý Hayvan;0;0;0
Konya;Halkapýnar;KAZ;Kanatlý Hayvan;15;0,7;0,2
Konya;Hüyük;KAZ;Kanatlý Hayvan;85;4;1
Konya;Ilgýn;KAZ;Kanatlý Hayvan;300;14;46145
Konya;Kadýnhaný;KAZ;Kanatlý Hayvan;2450;114,7;46231
Konya;Karapýnar;KAZ;Kanatlý Hayvan;150;7;46235
Konya;Karatay;KAZ;Kanatlý Hayvan;710;33,2;46089
Konya;Kulu;KAZ;Kanatlý Hayvan;2120;99,2;46258
Konya;Meram;KAZ;Kanatlý Hayvan;621;46051;46088
Konya;Sarayönü;KAZ;Kanatlý Hayvan;430;46042;5
Konya;Selçuklu;KAZ;Kanatlý Hayvan;180;46120;46024
Konya;Seydiþehir;KAZ;Kanatlý Hayvan;825;38,6;46212
Konya;Taþkent;KAZ;Kanatlý Hayvan;17;0,8;0,2
Konya;Tuzlukçu;KAZ;Kanatlý Hayvan;198;46090;46083
Konya;Yalýhüyük;KAZ;Kanatlý Hayvan;28;46082;0,3
Konya;Yunak;KAZ;Kanatlý Hayvan;1150;53,8;46155
Konya;Ahýrlý;ÖRDEK;Kanatlý Hayvan;19;0,9;0,2
Konya;Akören;ÖRDEK;Kanatlý Hayvan;70;46084;0,8
Konya;Akþehir;ÖRDEK;Kanatlý Hayvan;1645;77;46072
Konya;Altýnekin;ÖRDEK;Kanatlý Hayvan;250;46214;46267
Konya;Beyþehir;ÖRDEK;Kanatlý Hayvan;240;46064;46236
Konya;Bozkýr;ÖRDEK;Kanatlý Hayvan;136;46118;46174
Konya;Çeltik;ÖRDEK;Kanatlý Hayvan;43;2;0,5
Konya;Cihanbeyli;ÖRDEK;Kanatlý Hayvan;480;46164;46178
Konya;Çumra;ÖRDEK;Kanatlý Hayvan;640;30;46149
Konya;Derbent;ÖRDEK;Kanatlý Hayvan;40;46266;0,5
Konya;Derebucak;ÖRDEK;Kanatlý Hayvan;30;46113;0,4
Konya;Doðanhisar;ÖRDEK;Kanatlý Hayvan;170;8;2
Konya;Emirgazi;ÖRDEK;Kanatlý Hayvan;41;46266;0,5
Konya;Ereðli;ÖRDEK;Kanatlý Hayvan;255;46276;3
Konya;Güneysýnýr;ÖRDEK;Kanatlý Hayvan;72;46115;0,8
Konya;Hadim;ÖRDEK;Kanatlý Hayvan;;0;0
Konya;Halkapýnar;ÖRDEK;Kanatlý Hayvan;20;0,9;0,2
Konya;Hüyük;ÖRDEK;Kanatlý Hayvan;105;46269;46054
Konya;Ilgýn;ÖRDEK;Kanatlý Hayvan;105;46269;46054
Konya;Kadýnhaný;ÖRDEK;Kanatlý Hayvan;990;46,3;46184
Konya;Karapýnar;ÖRDEK;Kanatlý Hayvan;100;46207;46054
Konya;Karatay;ÖRDEK;Kanatlý Hayvan;305;46095;46176
Konya;Kulu;ÖRDEK;Kanatlý Hayvan;430;46042;5
Konya;Meram;ÖRDEK;Kanatlý Hayvan;185;46211;46055
Konya;Sarayönü;ÖRDEK;Kanatlý Hayvan;290;46186;46115
Konya;Selçuklu;ÖRDEK;Kanatlý Hayvan;850;39,8;46274
Konya;Seydiþehir;ÖRDEK;Kanatlý Hayvan;1350;63,2;46249
Konya;Taþkent;ÖRDEK;Kanatlý Hayvan;14;0,7;0,2
Konya;Tuzlukçu;ÖRDEK;Kanatlý Hayvan;98;46177;46023
Konya;Yalýhüyük;ÖRDEK;Kanatlý Hayvan;35;46174;0,4
Konya;Yunak;ÖRDEK;Kanatlý Hayvan;670;31,4;46241
Konya;Ahýrlý;YUMURTA TAVUÐU;Kanatlý Hayvan;3000;164,3;41,1
Konya;Akören;YUMURTA TAVUÐU;Kanatlý Hayvan;29000;1587,8;397
Konya;Akþehir;YUMURTA TAVUÐU;Kanatlý Hayvan;206810;11322,8;2831,2
Konya;Altýnekin;YUMURTA TAVUÐU;Kanatlý Hayvan;235000;12866,3;3217,1
Konya;Beyþehir;YUMURTA TAVUÐU;Kanatlý Hayvan;17500;958,1;239,6
Konya;Bozkýr;YUMURTA TAVUÐU;Kanatlý Hayvan;3000;164,3;41,1
Konya;Çeltik;YUMURTA TAVUÐU;Kanatlý Hayvan;3600;197,1;49,3
Konya;Cihanbeyli;YUMURTA TAVUÐU;Kanatlý Hayvan;28100;1538,5;384,7
Konya;Çumra;YUMURTA TAVUÐU;Kanatlý Hayvan;2043585;111886,3;27976,6
Konya;Derbent;YUMURTA TAVUÐU;Kanatlý Hayvan;3000;164,3;41,1
Konya;Derebucak;YUMURTA TAVUÐU;Kanatlý Hayvan;2750;150,6;37,6
Konya;Doðanhisar;YUMURTA TAVUÐU;Kanatlý Hayvan;5900;323;80,8
Konya;Emirgazi;YUMURTA TAVUÐU;Kanatlý Hayvan;4800;262,8;65,7
Konya;Ereðli;YUMURTA TAVUÐU;Kanatlý Hayvan;350000;19162,5;4791,5
Konya;Güneysýnýr;YUMURTA TAVUÐU;Kanatlý Hayvan;50000;2737,5;684,5
Konya;Hadim;YUMURTA TAVUÐU;Kanatlý Hayvan;2500;136,9;34,2
Konya;Halkapýnar;YUMURTA TAVUÐU;Kanatlý Hayvan;2000;109,5;46139
Konya;Hüyük;YUMURTA TAVUÐU;Kanatlý Hayvan;6800;372,3;93,1
Konya;Ilgýn;YUMURTA TAVUÐU;Kanatlý Hayvan;40500;2217,4;554,4
Konya;Kadýnhaný;YUMURTA TAVUÐU;Kanatlý Hayvan;10100;553;138,3
Konya;Karapýnar;YUMURTA TAVUÐU;Kanatlý Hayvan;15100;826,7;206,7
Konya;Karatay;YUMURTA TAVUÐU;Kanatlý Hayvan;2810000;153847,5;38468,8
Konya;Kulu;YUMURTA TAVUÐU;Kanatlý Hayvan;540000;29565;7392,6
Konya;Meram;YUMURTA TAVUÐU;Kanatlý Hayvan;4974785;272369,5;68104,6
Konya;Sarayönü;YUMURTA TAVUÐU;Kanatlý Hayvan;825000;45168,8;11294,2
Konya;Selçuklu;YUMURTA TAVUÐU;Kanatlý Hayvan;846132;46325,7;11583,5
Konya;Seydiþehir;YUMURTA TAVUÐU;Kanatlý Hayvan;11900;651,5;162,9
Konya;Taþkent;YUMURTA TAVUÐU;Kanatlý Hayvan;685;37,5;46121
Konya;Tuzlukçu;YUMURTA TAVUÐU;Kanatlý Hayvan;8500;465,4;116,4
Konya;Yalýhüyük;YUMURTA TAVUÐU;Kanatlý Hayvan;3200;175,2;43,8
Konya;Yunak;YUMURTA TAVUÐU;Kanatlý Hayvan;6775;370,9;92,7
Kütahya;Altýntaþ;AT;Büyükbaþ Hayvan;42;230;46054
Kütahya;Aslanapa;AT;Büyükbaþ Hayvan;227;1242,8;46209
Kütahya;Çavdarhisar;AT;Büyükbaþ Hayvan;11;60,2;0,3
Kütahya;Domaniç;AT;Büyükbaþ Hayvan;4;46286;0,1
Kütahya;Dumlupýnar;AT;Büyükbaþ Hayvan;61;334;46235
Kütahya;Emet;AT;Büyükbaþ Hayvan;21;115;0,6
Kütahya;Gediz;AT;Büyükbaþ Hayvan;74;405,2;46055
Kütahya;Hisarcýk;AT;Büyükbaþ Hayvan;64;350,4;46266
Kütahya;Merkez;AT;Büyükbaþ Hayvan;200;1095;46270
Kütahya;Þaphane;AT;Büyükbaþ Hayvan;2;11;0,1
Kütahya;Simav;AT;Büyükbaþ Hayvan;240;1314;7
Kütahya;Tavþanlý;AT;Büyükbaþ Hayvan;52;284,7;46143
Kütahya;Altýntaþ;EÞEK;Büyükbaþ Hayvan;252;689,9;46055
Kütahya;Aslanapa;EÞEK;Büyükbaþ Hayvan;265;725,4;46083
Kütahya;Çavdarhisar;EÞEK;Büyükbaþ Hayvan;285;780,2;46144
Kütahya;Domaniç;EÞEK;Büyükbaþ Hayvan;8;46286;0,1
Kütahya;Dumlupýnar;EÞEK;Büyükbaþ Hayvan;139;380,5;46054
Kütahya;Emet;EÞEK;Büyükbaþ Hayvan;135;369,6;46054
Kütahya;Gediz;EÞEK;Büyükbaþ Hayvan;512;1401,6;46146
Kütahya;Hisarcýk;EÞEK;Büyükbaþ Hayvan;128;350,4;46023
Kütahya;Merkez;EÞEK;Büyükbaþ Hayvan;460;1259,3;4
Kütahya;Pazarlar;EÞEK;Büyükbaþ Hayvan;220;602,3;46266
Kütahya;Þaphane;EÞEK;Büyükbaþ Hayvan;46;125,9;0,4
Kütahya;Simav;EÞEK;Büyükbaþ Hayvan;1100;3011,3;46212
Kütahya;Tavþanlý;EÞEK;Büyükbaþ Hayvan;310;848,6;46205
Kütahya;Altýntaþ;KATIR;Büyükbaþ Hayvan;3;46035;0,1
Kütahya;Aslanapa;KATIR;Büyükbaþ Hayvan;9;39,4;0,2
Kütahya;Çavdarhisar;KATIR;Büyükbaþ Hayvan;14;61,3;0,3
Kütahya;Domaniç;KATIR;Büyükbaþ Hayvan;4;46159;0,1
Kütahya;Emet;KATIR;Büyükbaþ Hayvan;8;35;0,2
Kütahya;Gediz;KATIR;Büyükbaþ Hayvan;120;525,6;46083
Kütahya;Hisarcýk;KATIR;Büyükbaþ Hayvan;24;105,1;0,5
Kütahya;Merkez;KATIR;Büyükbaþ Hayvan;20;87,6;0,4
Kütahya;Þaphane;KATIR;Büyükbaþ Hayvan;2;46242;0
Kütahya;Simav;KATIR;Büyükbaþ Hayvan;55;240,9;1
Kütahya;Tavþanlý;KATIR;Büyükbaþ Hayvan;2;46242;0
Kütahya;Altýntaþ;MANDA;Büyükbaþ Hayvan;390;2847;46102
Kütahya;Aslanapa;MANDA;Büyükbaþ Hayvan;12;87,6;0,7
Kütahya;Çavdarhisar;MANDA;Büyükbaþ Hayvan;10;73;0,5
Kütahya;Domaniç;MANDA;Büyükbaþ Hayvan;12;87,6;0,7
Kütahya;Emet;MANDA;Büyükbaþ Hayvan;5;36,5;0,3
Kütahya;Hisarcýk;MANDA;Büyükbaþ Hayvan;13;94,9;0,7
Kütahya;Merkez;MANDA;Büyükbaþ Hayvan;1970;14381;107,8
Kütahya;Simav;MANDA;Büyükbaþ Hayvan;35;255,5;46266
Kütahya;Tavþanlý;MANDA;Büyükbaþ Hayvan;1500;10950;82,1
Kütahya;Altýntaþ;SIÐIR (KÜLTÜR);Büyükbaþ Hayvan;9899;90328,4;725,4
Kütahya;Aslanapa;SIÐIR (KÜLTÜR);Büyükbaþ Hayvan;2929;26727,1;214,6
Kütahya;Çavdarhisar;SIÐIR (KÜLTÜR);Büyükbaþ Hayvan;5661;51656,6;414,8
Kütahya;Domaniç;SIÐIR (KÜLTÜR);Büyükbaþ Hayvan;5150;46993,8;377,4
Kütahya;Dumlupýnar;SIÐIR (KÜLTÜR);Büyükbaþ Hayvan;1950;17793,8;142,9
Kütahya;Emet;SIÐIR (KÜLTÜR);Büyükbaþ Hayvan;7917;72242,6;580,1
Kütahya;Gediz;SIÐIR (KÜLTÜR);Büyükbaþ Hayvan;11100;101287,5;813,4
Kütahya;Hisarcýk;SIÐIR (KÜLTÜR);Büyükbaþ Hayvan;3974;36262,8;291,2
Kütahya;Merkez;SIÐIR (KÜLTÜR);Büyükbaþ Hayvan;31350;286068,8;2297,2
Kütahya;Pazarlar;SIÐIR (KÜLTÜR);Büyükbaþ Hayvan;1957;17857,6;143,4
Kütahya;Þaphane;SIÐIR (KÜLTÜR);Büyükbaþ Hayvan;2456;22411;180
Kütahya;Simav;SIÐIR (KÜLTÜR);Büyükbaþ Hayvan;16823;153509,9;1232,7
Kütahya;Tavþanlý;SIÐIR (KÜLTÜR);Büyükbaþ Hayvan;25003;228152,4;1832,1
Kütahya;Altýntaþ;SIÐIR (MELEZ);Büyükbaþ Hayvan;6772;44492;285,8
Kütahya;Aslanapa;SIÐIR (MELEZ);Büyükbaþ Hayvan;6956;45700,9;293,6
Kütahya;Çavdarhisar;SIÐIR (MELEZ);Büyükbaþ Hayvan;942;6188,9;39,8
Kütahya;Domaniç;SIÐIR (MELEZ);Büyükbaþ Hayvan;1620;10643,4;68,4
Kütahya;Dumlupýnar;SIÐIR (MELEZ);Büyükbaþ Hayvan;371;2437,5;46218
Kütahya;Emet;SIÐIR (MELEZ);Büyükbaþ Hayvan;2004;13166,3;84,6
Kütahya;Gediz;SIÐIR (MELEZ);Büyükbaþ Hayvan;2300;15111;97,1
Kütahya;Hisarcýk;SIÐIR (MELEZ);Büyükbaþ Hayvan;935;6143;39,5
Kütahya;Merkez;SIÐIR (MELEZ);Büyükbaþ Hayvan;5110;33572,7;215,7
Kütahya;Pazarlar;SIÐIR (MELEZ);Büyükbaþ Hayvan;393;2582;46189
Kütahya;Þaphane;SIÐIR (MELEZ);Büyükbaþ Hayvan;438;2877,7;46160
Kütahya;Simav;SIÐIR (MELEZ);Büyükbaþ Hayvan;15122;99351,5;638,3
Kütahya;Tavþanlý;SIÐIR (MELEZ);Büyükbaþ Hayvan;9601;63078,6;405,2
Kütahya;Altýntaþ;SIÐIR (YERLÝ);Büyükbaþ Hayvan;95;520,1;46236
Kütahya;Aslanapa;SIÐIR (YERLÝ);Büyükbaþ Hayvan;1503;8228,9;44,1
Kütahya;Çavdarhisar;SIÐIR (YERLÝ);Büyükbaþ Hayvan;255;1396,1;46149
Kütahya;Domaniç;SIÐIR (YERLÝ);Büyükbaþ Hayvan;180;985,5;46086
Kütahya;Emet;SIÐIR (YERLÝ);Büyükbaþ Hayvan;613;3356,2;18
Kütahya;Hisarcýk;SIÐIR (YERLÝ);Büyükbaþ Hayvan;773;4232,2;46225
Kütahya;Merkez;SIÐIR (YERLÝ);Büyükbaþ Hayvan;246;1346,9;46060
Kütahya;Pazarlar;SIÐIR (YERLÝ);Büyükbaþ Hayvan;53;290,2;46174
Kütahya;Þaphane;SIÐIR (YERLÝ);Büyükbaþ Hayvan;20;109,5;0,6
Kütahya;Simav;SIÐIR (YERLÝ);Büyükbaþ Hayvan;7724;42288,9;226,4
Kütahya;Tavþanlý;SIÐIR (YERLÝ);Büyükbaþ Hayvan;1997;10933,6;58,5
Kütahya;Altýntaþ;KEÇÝ (KIL);Küçükbaþ Hayvan;4209;3072,6;46269
Kütahya;Aslanapa;KEÇÝ (KIL);Küçükbaþ Hayvan;14933;10901,1;46159
Kütahya;Çavdarhisar;KEÇÝ (KIL);Küçükbaþ Hayvan;4457;3253,6;46058
Kütahya;Domaniç;KEÇÝ (KIL);Küçükbaþ Hayvan;2220;1620,6;46175
Kütahya;Dumlupýnar;KEÇÝ (KIL);Küçükbaþ Hayvan;265;193,5;0,3
Kütahya;Emet;KEÇÝ (KIL);Küçükbaþ Hayvan;19923;14543,8;46135
Kütahya;Gediz;KEÇÝ (KIL);Küçükbaþ Hayvan;16200;11826;19
Kütahya;Hisarcýk;KEÇÝ (KIL);Küçükbaþ Hayvan;6374;4653;46149
Kütahya;Merkez;KEÇÝ (KIL);Küçükbaþ Hayvan;27523;20091,8;32,3
Kütahya;Pazarlar;KEÇÝ (KIL);Küçükbaþ Hayvan;2101;1533,7;46144
Kütahya;Þaphane;KEÇÝ (KIL);Küçükbaþ Hayvan;3828;2794,4;46146
Kütahya;Simav;KEÇÝ (KIL);Küçükbaþ Hayvan;19829;14475,2;46076
Kütahya;Tavþanlý;KEÇÝ (KIL);Küçükbaþ Hayvan;17853;13032,7;46285
Kütahya;Merkez;KEÇÝ (TÝFTÝK);Küçükbaþ Hayvan;430;313,9;0,5
Kütahya;Altýntaþ;KOYUN (MERÝNOS);Küçükbaþ Hayvan;255;279,2;0,7
Kütahya;Aslanapa;KOYUN (MERÝNOS);Küçükbaþ Hayvan;12896;14121,1;34
Kütahya;Çavdarhisar;KOYUN (MERÝNOS);Küçükbaþ Hayvan;277;303,3;0,7
Kütahya;Dumlupýnar;KOYUN (MERÝNOS);Küçükbaþ Hayvan;70;76,7;0,2
Kütahya;Gediz;KOYUN (MERÝNOS);Küçükbaþ Hayvan;2850;3120,8;46149
Kütahya;Merkez;KOYUN (MERÝNOS);Küçükbaþ Hayvan;600;657;46174
Kütahya;Pazarlar;KOYUN (MERÝNOS);Küçükbaþ Hayvan;690;755,6;46235
Kütahya;Þaphane;KOYUN (MERÝNOS);Küçükbaþ Hayvan;322;352,6;0,8
Kütahya;Simav;KOYUN (MERÝNOS);Küçükbaþ Hayvan;1346;1473,9;46176
Kütahya;Altýntaþ;KOYUN (YERLÝ);Küçükbaþ Hayvan;31235;34202,3;82,4
Kütahya;Aslanapa;KOYUN (YERLÝ);Küçükbaþ Hayvan;34007;37237,7;89,7
Kütahya;Çavdarhisar;KOYUN (YERLÝ);Küçükbaþ Hayvan;12287;13454,3;32,4
Kütahya;Domaniç;KOYUN (YERLÝ);Küçükbaþ Hayvan;11740;12855,3;31
Kütahya;Dumlupýnar;KOYUN (YERLÝ);Küçükbaþ Hayvan;7075;7747,1;46221
Kütahya;Emet;KOYUN (YERLÝ);Küçükbaþ Hayvan;13049;14288,7;34,4
Kütahya;Gediz;KOYUN (YERLÝ);Küçükbaþ Hayvan;22600;24747;59,6
Kütahya;Hisarcýk;KOYUN (YERLÝ);Küçükbaþ Hayvan;9222;10098,1;46105
Kütahya;Merkez;KOYUN (YERLÝ);Küçükbaþ Hayvan;71642;78448;189
Kütahya;Pazarlar;KOYUN (YERLÝ);Küçükbaþ Hayvan;2745;3005,8;46060
Kütahya;Þaphane;KOYUN (YERLÝ);Küçükbaþ Hayvan;8931;9779,4;46196
Kütahya;Simav;KOYUN (YERLÝ);Küçükbaþ Hayvan;59376;65016,7;156,6
Kütahya;Tavþanlý;KOYUN (YERLÝ);Küçükbaþ Hayvan;40316;44146;106,4
Kütahya;Altýntaþ;ET TAVUÐU;Kanatlý Hayvan;75000;2025;506,3
Kütahya;Aslanapa;ET TAVUÐU;Kanatlý Hayvan;0;0;0
Kütahya;Çavdarhisar;ET TAVUÐU;Kanatlý Hayvan;0;0;0
Kütahya;Domaniç;ET TAVUÐU;Kanatlý Hayvan;29500;796,5;199,2
Kütahya;Dumlupýnar;ET TAVUÐU;Kanatlý Hayvan;0;0;0
Kütahya;Emet;ET TAVUÐU;Kanatlý Hayvan;0;0;0
Kütahya;Gediz;ET TAVUÐU;Kanatlý Hayvan;50700;1368,9;342,3
Kütahya;Hisarcýk;ET TAVUÐU;Kanatlý Hayvan;0;0;0
Kütahya;Merkez;ET TAVUÐU;Kanatlý Hayvan;166000;4482;1120,7
Kütahya;Pazarlar;ET TAVUÐU;Kanatlý Hayvan;0;0;0
Kütahya;Þaphane;ET TAVUÐU;Kanatlý Hayvan;0;0;0
Kütahya;Simav;ET TAVUÐU;Kanatlý Hayvan;0;0;0
Kütahya;Tavþanlý;ET TAVUÐU;Kanatlý Hayvan;0;0;0
Kütahya;Altýntaþ;HÝNDÝ;Kanatlý Hayvan;3574;134;33,5
Kütahya;Aslanapa;HÝNDÝ;Kanatlý Hayvan;6151;230,7;57,7
Kütahya;Çavdarhisar;HÝNDÝ;Kanatlý Hayvan;450;46281;46057
Kütahya;Domaniç;HÝNDÝ;Kanatlý Hayvan;260;46243;46114
Kütahya;Dumlupýnar;HÝNDÝ;Kanatlý Hayvan;445;46219;46057
Kütahya;Emet;HÝNDÝ;Kanatlý Hayvan;528;46253;5
Kütahya;Gediz;HÝNDÝ;Kanatlý Hayvan;750;46050;7
Kütahya;Hisarcýk;HÝNDÝ;Kanatlý Hayvan;485;46071;46146
Kütahya;Merkez;HÝNDÝ;Kanatlý Hayvan;41900;1571,3;392,9
Kütahya;Pazarlar;HÝNDÝ;Kanatlý Hayvan;40;46143;0,4
Kütahya;Þaphane;HÝNDÝ;Kanatlý Hayvan;140;46086;46082
Kütahya;Simav;HÝNDÝ;Kanatlý Hayvan;315;46245;3
Kütahya;Tavþanlý;HÝNDÝ;Kanatlý Hayvan;1213;45,5;46123
Kütahya;Altýntaþ;KAZ;Kanatlý Hayvan;25062;1172,9;293,3
Kütahya;Aslanapa;KAZ;Kanatlý Hayvan;12357;578,3;144,6
Kütahya;Çavdarhisar;KAZ;Kanatlý Hayvan;670;31,4;46241
Kütahya;Domaniç;KAZ;Kanatlý Hayvan;60;46236;0,7
Kütahya;Dumlupýnar;KAZ;Kanatlý Hayvan;450;46043;46086
Kütahya;Emet;KAZ;Kanatlý Hayvan;183;46181;46024
Kütahya;Gediz;KAZ;Kanatlý Hayvan;200;46121;46083
Kütahya;Hisarcýk;KAZ;Kanatlý Hayvan;60;46236;0,7
Kütahya;Merkez;KAZ;Kanatlý Hayvan;2000;93,6;46135
Kütahya;Pazarlar;KAZ;Kanatlý Hayvan;20;0,9;0,2
Kütahya;Þaphane;KAZ;Kanatlý Hayvan;39;46235;0,5
Kütahya;Simav;KAZ;Kanatlý Hayvan;226;46183;46175
Kütahya;Tavþanlý;KAZ;Kanatlý Hayvan;884;41,4;46091
Kütahya;Altýntaþ;ÖRDEK;Kanatlý Hayvan;3341;156,4;39,1
Kütahya;Aslanapa;ÖRDEK;Kanatlý Hayvan;1336;62,5;46188
Kütahya;Çavdarhisar;ÖRDEK;Kanatlý Hayvan;90;46057;46023
Kütahya;Domaniç;ÖRDEK;Kanatlý Hayvan;40;46266;0,5
Kütahya;Dumlupýnar;ÖRDEK;Kanatlý Hayvan;140;46179;46174
Kütahya;Emet;ÖRDEK;Kanatlý Hayvan;71;46084;0,8
Kütahya;Gediz;ÖRDEK;Kanatlý Hayvan;190;46273;46055
Kütahya;Hisarcýk;ÖRDEK;Kanatlý Hayvan;156;46088;46235
Kütahya;Merkez;ÖRDEK;Kanatlý Hayvan;855;40;10
Kütahya;Pazarlar;ÖRDEK;Kanatlý Hayvan;25;46054;0,3
Kütahya;Þaphane;ÖRDEK;Kanatlý Hayvan;29;46113;0,3
Kütahya;Simav;ÖRDEK;Kanatlý Hayvan;440;46193;46027
Kütahya;Tavþanlý;ÖRDEK;Kanatlý Hayvan;236;11;46236
Kütahya;Altýntaþ;YUMURTA TAVUÐU;Kanatlý Hayvan;20000;1095;273,8
Kütahya;Aslanapa;YUMURTA TAVUÐU;Kanatlý Hayvan;5449;298,3;74,6
Kütahya;Çavdarhisar;YUMURTA TAVUÐU;Kanatlý Hayvan;2502;137;34,3
Kütahya;Domaniç;YUMURTA TAVUÐU;Kanatlý Hayvan;7000;383,3;95,8
Kütahya;Dumlupýnar;YUMURTA TAVUÐU;Kanatlý Hayvan;3250;177,9;44,5
Kütahya;Emet;YUMURTA TAVUÐU;Kanatlý Hayvan;2625;143,7;35,9
Kütahya;Gediz;YUMURTA TAVUÐU;Kanatlý Hayvan;27000;1478,3;369,6
Kütahya;Hisarcýk;YUMURTA TAVUÐU;Kanatlý Hayvan;4000;219;54,8
Kütahya;Merkez;YUMURTA TAVUÐU;Kanatlý Hayvan;13700;750,1;187,6
Kütahya;Pazarlar;YUMURTA TAVUÐU;Kanatlý Hayvan;1650;90,3;46195
Kütahya;Þaphane;YUMURTA TAVUÐU;Kanatlý Hayvan;7665;419,7;104,9
Kütahya;Simav;YUMURTA TAVUÐU;Kanatlý Hayvan;19500;1067,6;267
Kütahya;Tavþanlý;YUMURTA TAVUÐU;Kanatlý Hayvan;1000000;54750;13690
Malatya;Akçadað;AT;Büyükbaþ Hayvan;397;2173,6;46184
Malatya;Arapkir;AT;Büyükbaþ Hayvan;63;344,9;46235
Malatya;Arguvan;AT;Büyükbaþ Hayvan;91;498,2;46205
Malatya;Battalgazi;AT;Büyükbaþ Hayvan;51;279,2;46143
Malatya;Darende;AT;Büyükbaþ Hayvan;13;71,2;0,4
Malatya;Doðanþehir;AT;Büyükbaþ Hayvan;70;383,3;46024
Malatya;Doðanyol;AT;Büyükbaþ Hayvan;38;208,1;46023
Malatya;Hekimhan;AT;Büyükbaþ Hayvan;19;104;0,6
Malatya;Kale;AT;Büyükbaþ Hayvan;2;11;0,1
Malatya;Kuluncak;AT;Büyükbaþ Hayvan;22;120,5;0,6
Malatya;Pötürge;AT;Büyükbaþ Hayvan;236;1292,1;46271
Malatya;Yazýhan;AT;Büyükbaþ Hayvan;29;158,8;0,9
Malatya;Yeþilyurt;AT;Büyükbaþ Hayvan;90;492,8;46175
Malatya;Akçadað;EÞEK;Büyükbaþ Hayvan;19;52;0,2
Malatya;Arapkir;EÞEK;Büyükbaþ Hayvan;214;585,8;46266
Malatya;Arguvan;EÞEK;Büyükbaþ Hayvan;120;328,5;46023
Malatya;Battalgazi;EÞEK;Büyükbaþ Hayvan;31;84,9;0,3
Malatya;Darende;EÞEK;Büyükbaþ Hayvan;43;117,7;0,4
Malatya;Doðanþehir;EÞEK;Büyükbaþ Hayvan;42;115;0,4
Malatya;Doðanyol;EÞEK;Büyükbaþ Hayvan;23;63;0,2
Malatya;Hekimhan;EÞEK;Büyükbaþ Hayvan;107;292,9;0,9
Malatya;Kale;EÞEK;Büyükbaþ Hayvan;5;46216;0
Malatya;Kuluncak;EÞEK;Büyükbaþ Hayvan;130;355,9;46023
Malatya;Pötürge;EÞEK;Büyükbaþ Hayvan;380;1040,3;46084
Malatya;Yeþilyurt;EÞEK;Büyükbaþ Hayvan;46;125,9;0,4
Malatya;Arapkir;KATIR;Büyükbaþ Hayvan;21;92;0,4
Malatya;Arguvan;KATIR;Büyükbaþ Hayvan;40;175,2;0,8
Malatya;Darende;KATIR;Büyükbaþ Hayvan;8;35;0,2
Malatya;Doðanþehir;KATIR;Büyükbaþ Hayvan;16;70,1;0,3
Malatya;Doðanyol;KATIR;Büyükbaþ Hayvan;12;52,6;0,2
Malatya;Hekimhan;KATIR;Büyükbaþ Hayvan;32;140,2;0,6
Malatya;Kuluncak;KATIR;Büyükbaþ Hayvan;4;46159;0,1
Malatya;Pötürge;KATIR;Büyükbaþ Hayvan;335;1467,3;46087
Malatya;Yeþilyurt;KATIR;Büyükbaþ Hayvan;20;87,6;0,4
Malatya;Akçadað;MANDA;Büyükbaþ Hayvan;13;94,9;0,7
Malatya;Akçadað;SIÐIR (KÜLTÜR);Büyükbaþ Hayvan;12900;117712,5;945,3
Malatya;Arapkir;SIÐIR (KÜLTÜR);Büyükbaþ Hayvan;1118;10201,8;81,9
Malatya;Arguvan;SIÐIR (KÜLTÜR);Büyükbaþ Hayvan;3235;29519,4;237
Malatya;Battalgazi;SIÐIR (KÜLTÜR);Büyükbaþ Hayvan;17915;163474,4;1312,7
Malatya;Darende;SIÐIR (KÜLTÜR);Büyükbaþ Hayvan;2455;22401,9;179,9
Malatya;Doðanþehir;SIÐIR (KÜLTÜR);Büyükbaþ Hayvan;4304;39274;315,4
Malatya;Doðanyol;SIÐIR (KÜLTÜR);Büyükbaþ Hayvan;818;7464,3;59,9
Malatya;Hekimhan;SIÐIR (KÜLTÜR);Büyükbaþ Hayvan;3520;32120;257,9
Malatya;Kale;SIÐIR (KÜLTÜR);Büyükbaþ Hayvan;1042;9508,3;76,4
Malatya;Kuluncak;SIÐIR (KÜLTÜR);Büyükbaþ Hayvan;2895;26416,9;212,1
Malatya;Pötürge;SIÐIR (KÜLTÜR);Büyükbaþ Hayvan;1554;14180,3;113,9
Malatya;Yazýhan;SIÐIR (KÜLTÜR);Büyükbaþ Hayvan;6502;59330,8;476,4
Malatya;Yeþilyurt;SIÐIR (KÜLTÜR);Büyükbaþ Hayvan;19978;182299,3;1463,9
Malatya;Akçadað;SIÐIR (MELEZ);Büyükbaþ Hayvan;5146;33809,2;217,2
Malatya;Arapkir;SIÐIR (MELEZ);Büyükbaþ Hayvan;3822;25110,5;161,3
Malatya;Arguvan;SIÐIR (MELEZ);Büyükbaþ Hayvan;4866;31969,6;205,4
Malatya;Battalgazi;SIÐIR (MELEZ);Büyükbaþ Hayvan;25355;166582,4;1070,2
Malatya;Darende;SIÐIR (MELEZ);Büyükbaþ Hayvan;5131;33710,7;216,6
Malatya;Doðanþehir;SIÐIR (MELEZ);Büyükbaþ Hayvan;6660;43756,2;281,1
Malatya;Doðanyol;SIÐIR (MELEZ);Büyükbaþ Hayvan;1510;9920,7;63,7
Malatya;Hekimhan;SIÐIR (MELEZ);Büyükbaþ Hayvan;4285;28152,5;180,9
Malatya;Kale;SIÐIR (MELEZ);Büyükbaþ Hayvan;1098;7213,9;46,3
Malatya;Kuluncak;SIÐIR (MELEZ);Büyükbaþ Hayvan;1770;11628,9;74,7
Malatya;Pötürge;SIÐIR (MELEZ);Büyükbaþ Hayvan;4640;30484,8;195,8
Malatya;Yazýhan;SIÐIR (MELEZ);Büyükbaþ Hayvan;8594;56462,6;362,7
Malatya;Yeþilyurt;SIÐIR (MELEZ);Büyükbaþ Hayvan;13685;89910,5;577,6
Malatya;Akçadað;SIÐIR (YERLÝ);Büyükbaþ Hayvan;78;427,1;46083
Malatya;Arapkir;SIÐIR (YERLÝ);Büyükbaþ Hayvan;451;2469,2;46066
Malatya;Arguvan;SIÐIR (YERLÝ);Büyükbaþ Hayvan;169;925,3;5
Malatya;Battalgazi;SIÐIR (YERLÝ);Büyükbaþ Hayvan;1048;5737,8;46233
Malatya;Doðanþehir;SIÐIR (YERLÝ);Büyükbaþ Hayvan;21;115;0,6
Malatya;Doðanyol;SIÐIR (YERLÝ);Büyükbaþ Hayvan;1078;5902,1;31,6
Malatya;Hekimhan;SIÐIR (YERLÝ);Büyükbaþ Hayvan;358;1960,1;46152
Malatya;Kale;SIÐIR (YERLÝ);Büyükbaþ Hayvan;238;1303,1;7
Malatya;Kuluncak;SIÐIR (YERLÝ);Büyükbaþ Hayvan;98;536,6;46267
Malatya;Pötürge;SIÐIR (YERLÝ);Büyükbaþ Hayvan;3630;19874,3;106,4
Malatya;Yazýhan;SIÐIR (YERLÝ);Büyükbaþ Hayvan;2084;11409,9;61,1
Malatya;Yeþilyurt;SIÐIR (YERLÝ);Büyükbaþ Hayvan;257;1407,1;46149
Malatya;Akçadað;KEÇÝ (KIL);Küçükbaþ Hayvan;1625;1186,3;46266
Malatya;Arapkir;KEÇÝ (KIL);Küçükbaþ Hayvan;10215;7457;12
Malatya;Arguvan;KEÇÝ (KIL);Küçükbaþ Hayvan;9170;6694,1;46244
Malatya;Battalgazi;KEÇÝ (KIL);Küçükbaþ Hayvan;3180;2321,4;46206
Malatya;Darende;KEÇÝ (KIL);Küçükbaþ Hayvan;2015;1471;46114
Malatya;Doðanþehir;KEÇÝ (KIL);Küçükbaþ Hayvan;18000;13140;46043
Malatya;Doðanyol;KEÇÝ (KIL);Küçükbaþ Hayvan;260;189,8;0,3
Malatya;Hekimhan;KEÇÝ (KIL);Küçükbaþ Hayvan;6205;4529,7;46088
Malatya;Kuluncak;KEÇÝ (KIL);Küçükbaþ Hayvan;4410;3219,3;46058
Malatya;Pötürge;KEÇÝ (KIL);Küçükbaþ Hayvan;4059;2963,1;46238
Malatya;Yazýhan;KEÇÝ (KIL);Küçükbaþ Hayvan;3610;2635,3;46057
Malatya;Yeþilyurt;KEÇÝ (KIL);Küçükbaþ Hayvan;6462;4717,3;46180
Malatya;Akçadað;KOYUN (MERÝNOS);Küçükbaþ Hayvan;132;144,5;0,3
Malatya;Arapkir;KOYUN (MERÝNOS);Küçükbaþ Hayvan;74;81;0,2
Malatya;Doðanyol;KOYUN (MERÝNOS);Küçükbaþ Hayvan;60;65,7;0,2
Malatya;Pötürge;KOYUN (MERÝNOS);Küçükbaþ Hayvan;45;49,3;0,1
Malatya;Akçadað;KOYUN (YERLÝ);Küçükbaþ Hayvan;22930;25108,4;60,5
Malatya;Arapkir;KOYUN (YERLÝ);Küçükbaþ Hayvan;49040;53698,8;129,4
Malatya;Arguvan;KOYUN (YERLÝ);Küçükbaþ Hayvan;35819;39221,8;94,5
Malatya;Battalgazi;KOYUN (YERLÝ);Küçükbaþ Hayvan;15210;16655;40,1
Malatya;Darende;KOYUN (YERLÝ);Küçükbaþ Hayvan;31590;34591,1;83,3
Malatya;Doðanþehir;KOYUN (YERLÝ);Küçükbaþ Hayvan;21850;23925,8;57,6
Malatya;Doðanyol;KOYUN (YERLÝ);Küçükbaþ Hayvan;237;259,5;0,6
Malatya;Hekimhan;KOYUN (YERLÝ);Küçükbaþ Hayvan;12730;13939,4;33,6
Malatya;Kale;KOYUN (YERLÝ);Küçükbaþ Hayvan;48;52,6;0,1
Malatya;Kuluncak;KOYUN (YERLÝ);Küçükbaþ Hayvan;12735;13944,8;33,6
Malatya;Pötürge;KOYUN (YERLÝ);Küçükbaþ Hayvan;1562;1710,4;46026
Malatya;Yazýhan;KOYUN (YERLÝ);Küçükbaþ Hayvan;21950;24035,3;57,9
Malatya;Yeþilyurt;KOYUN (YERLÝ);Küçükbaþ Hayvan;43210;47315;114
Malatya;Akçadað;ET TAVUÐU;Kanatlý Hayvan;864696;23346,8;5837,7
Malatya;Arapkir;ET TAVUÐU;Kanatlý Hayvan;0;0;0
Malatya;Arguvan;ET TAVUÐU;Kanatlý Hayvan;0;0;0
Malatya;Battalgazi;ET TAVUÐU;Kanatlý Hayvan;11900;321,3;80,3
Malatya;Darende;ET TAVUÐU;Kanatlý Hayvan;364975;9854,3;2464
Malatya;Doðanþehir;ET TAVUÐU;Kanatlý Hayvan;0;0;0
Malatya;Hekimhan;ET TAVUÐU;Kanatlý Hayvan;0;0;0
Malatya;Kale;ET TAVUÐU;Kanatlý Hayvan;0;0;0
Malatya;Kuluncak;ET TAVUÐU;Kanatlý Hayvan;0;0;0
Malatya;Pötürge;ET TAVUÐU;Kanatlý Hayvan;0;0;0
Malatya;Yazýhan;ET TAVUÐU;Kanatlý Hayvan;345000;9315;2329,2
Malatya;Yeþilyurt;ET TAVUÐU;Kanatlý Hayvan;670829;18112,4;4528,9
Malatya;Akçadað;HÝNDÝ;Kanatlý Hayvan;10;0,4;0,1
Malatya;Arapkir;HÝNDÝ;Kanatlý Hayvan;15;0,6;0,1
Malatya;Arguvan;HÝNDÝ;Kanatlý Hayvan;135;46027;46082
Malatya;Battalgazi;HÝNDÝ;Kanatlý Hayvan;700;46107;46179
Malatya;Darende;HÝNDÝ;Kanatlý Hayvan;150;46178;46113
Malatya;Doðanþehir;HÝNDÝ;Kanatlý Hayvan;300;46092;46236
Malatya;Doðanyol;HÝNDÝ;Kanatlý Hayvan;193;46060;46235
Malatya;Hekimhan;HÝNDÝ;Kanatlý Hayvan;30;46023;0,3
Malatya;Kale;HÝNDÝ;Kanatlý Hayvan;60;46083;0,6
Malatya;Kuluncak;HÝNDÝ;Kanatlý Hayvan;125;46207;46054
Malatya;Pötürge;HÝNDÝ;Kanatlý Hayvan;95;46176;0,9
Malatya;Yazýhan;HÝNDÝ;Kanatlý Hayvan;390;46187;46206
Malatya;Yeþilyurt;HÝNDÝ;Kanatlý Hayvan;46;46204;0,4
Malatya;Akçadað;KAZ;Kanatlý Hayvan;0;0;0
Malatya;Arapkir;KAZ;Kanatlý Hayvan;20;0,9;0,2
Malatya;Arguvan;KAZ;Kanatlý Hayvan;28;46082;0,3
Malatya;Battalgazi;KAZ;Kanatlý Hayvan;500;46135;46270
Malatya;Darende;KAZ;Kanatlý Hayvan;30;46113;0,4
Malatya;Doðanþehir;KAZ;Kanatlý Hayvan;50;46083;0,6
Malatya;Doðanyol;KAZ;Kanatlý Hayvan;80;46206;0,9
Malatya;Hekimhan;KAZ;Kanatlý Hayvan;20;0,9;0,2
Malatya;Kale;KAZ;Kanatlý Hayvan;60;46236;0,7
Malatya;Kuluncak;KAZ;Kanatlý Hayvan;60;46236;0,7
Malatya;Pötürge;KAZ;Kanatlý Hayvan;0;0;0
Malatya;Yazýhan;KAZ;Kanatlý Hayvan;47;46055;0,5
Malatya;Yeþilyurt;KAZ;Kanatlý Hayvan;21;1;0,2
Malatya;Akçadað;ÖRDEK;Kanatlý Hayvan;12;0,6;0,1
Malatya;Arapkir;ÖRDEK;Kanatlý Hayvan;12;0,6;0,1
Malatya;Arguvan;ÖRDEK;Kanatlý Hayvan;41;46266;0,5
Malatya;Battalgazi;ÖRDEK;Kanatlý Hayvan;180;46120;46024
Malatya;Darende;ÖRDEK;Kanatlý Hayvan;55;46175;0,6
Malatya;Doðanþehir;ÖRDEK;Kanatlý Hayvan;160;46149;46266
Malatya;Doðanyol;ÖRDEK;Kanatlý Hayvan;55;46175;0,6
Malatya;Hekimhan;ÖRDEK;Kanatlý Hayvan;20;0,9;0,2
Malatya;Kale;ÖRDEK;Kanatlý Hayvan;11;0,5;0,1
Malatya;Kuluncak;ÖRDEK;Kanatlý Hayvan;110;46027;46082
Malatya;Pötürge;ÖRDEK;Kanatlý Hayvan;95;46116;46023
Malatya;Yazýhan;ÖRDEK;Kanatlý Hayvan;54;46144;0,6
Malatya;Yeþilyurt;ÖRDEK;Kanatlý Hayvan;18;0,8;0,2
Malatya;Akçadað;YUMURTA TAVUÐU;Kanatlý Hayvan;500000;27375;6845
Malatya;Arapkir;YUMURTA TAVUÐU;Kanatlý Hayvan;4500;246,4;61,6
Malatya;Arguvan;YUMURTA TAVUÐU;Kanatlý Hayvan;6875;376,4;94,1
Malatya;Battalgazi;YUMURTA TAVUÐU;Kanatlý Hayvan;145900;7988;1997,4
Malatya;Darende;YUMURTA TAVUÐU;Kanatlý Hayvan;6510;356,4;89,1
Malatya;Doðanþehir;YUMURTA TAVUÐU;Kanatlý Hayvan;5400;295,7;73,9
Malatya;Doðanyol;YUMURTA TAVUÐU;Kanatlý Hayvan;4050;221,7;55,4
Malatya;Hekimhan;YUMURTA TAVUÐU;Kanatlý Hayvan;2800;153,3;38,3
Malatya;Kale;YUMURTA TAVUÐU;Kanatlý Hayvan;6300;344,9;86,2
Malatya;Kuluncak;YUMURTA TAVUÐU;Kanatlý Hayvan;5850;320,3;80,1
Malatya;Pötürge;YUMURTA TAVUÐU;Kanatlý Hayvan;4100;224,5;56,1
Malatya;Yazýhan;YUMURTA TAVUÐU;Kanatlý Hayvan;30000;1642,5;410,7
Malatya;Yeþilyurt;YUMURTA TAVUÐU;Kanatlý Hayvan;112527;6160,9;1540,5
Manisa;Ahmetli;AT;Büyükbaþ Hayvan;3;46128;0,1
Manisa;Akhisar;AT;Büyükbaþ Hayvan;230;1259,3;46209
Manisa;Alaþehir;AT;Büyükbaþ Hayvan;182;996,5;46086
Manisa;Demirci;AT;Büyükbaþ Hayvan;68;372,3;2
Manisa;Gördes;AT;Büyükbaþ Hayvan;135;739,1;4
Manisa;Kula;AT;Büyükbaþ Hayvan;71;388,7;46024
Manisa;Salihli;AT;Büyükbaþ Hayvan;300;1642,5;46242
Manisa;Sarýgöl;AT;Büyükbaþ Hayvan;7;38,3;0,2
Manisa;Þehzadeler;AT;Büyükbaþ Hayvan;10;54,8;0,3
Manisa;Selendi;AT;Büyükbaþ Hayvan;76;416,1;46055
Manisa;Soma;AT;Büyükbaþ Hayvan;23;125,9;0,7
Manisa;Turgutlu;AT;Büyükbaþ Hayvan;286;1565,9;46120
Manisa;Yunusemre;AT;Büyükbaþ Hayvan;44;240,9;46082
Manisa;Ahmetli;DEVE;Büyükbaþ Hayvan;3;46233;0,2
Manisa;Salihli;DEVE;Büyükbaþ Hayvan;25;255,5;46024
Manisa;Turgutlu;DEVE;Büyükbaþ Hayvan;13;132,9;46023
Manisa;Akhisar;EÞEK;Büyükbaþ Hayvan;175;479,1;46143
Manisa;Alaþehir;EÞEK;Büyükbaþ Hayvan;73;199,8;0,6
Manisa;Demirci;EÞEK;Büyükbaþ Hayvan;261;714,5;46083
Manisa;Gölmarmara;EÞEK;Büyükbaþ Hayvan;3;46061;0
Manisa;Gördes;EÞEK;Büyükbaþ Hayvan;325;889,7;46267
Manisa;Köprübaþý;EÞEK;Büyükbaþ Hayvan;50;136,9;0,4
Manisa;Kula;EÞEK;Büyükbaþ Hayvan;353;966,3;46025
Manisa;Salihli;EÞEK;Büyükbaþ Hayvan;100;273,8;0,9
Manisa;Sarýgöl;EÞEK;Büyükbaþ Hayvan;30;82,1;0,3
Manisa;Þehzadeler;EÞEK;Büyükbaþ Hayvan;12;32,9;0,1
Manisa;Selendi;EÞEK;Büyükbaþ Hayvan;219;599,5;46266
Manisa;Soma;EÞEK;Büyükbaþ Hayvan;77;210,8;0,7
Manisa;Turgutlu;EÞEK;Büyükbaþ Hayvan;62;169,7;0,5
Manisa;Yunusemre;EÞEK;Büyükbaþ Hayvan;465;1272,9;46026
Manisa;Akhisar;KATIR;Büyükbaþ Hayvan;25;109,5;0,5
Manisa;Alaþehir;KATIR;Büyükbaþ Hayvan;56;245,3;46023
Manisa;Demirci;KATIR;Büyükbaþ Hayvan;7;46233;0,1
Manisa;Þehzadeler;KATIR;Büyükbaþ Hayvan;3;46035;0,1
Manisa;Selendi;KATIR;Büyükbaþ Hayvan;9;39,4;0,2
Manisa;Yunusemre;KATIR;Büyükbaþ Hayvan;14;61,3;0,3
Manisa;Akhisar;MANDA;Büyükbaþ Hayvan;35;255,5;46266
Manisa;Salihli;MANDA;Büyükbaþ Hayvan;420;3066;23
Manisa;Saruhanlý;MANDA;Büyükbaþ Hayvan;86;627,8;46207
Manisa;Þehzadeler;MANDA;Büyükbaþ Hayvan;27;197,1;46143
Manisa;Turgutlu;MANDA;Büyükbaþ Hayvan;2;46187;0,1
Manisa;Ahmetli;SIÐIR (KÜLTÜR);Büyükbaþ Hayvan;1900;17337,5;139,2
Manisa;Akhisar;SIÐIR (KÜLTÜR);Büyükbaþ Hayvan;2800;25550;205,2
Manisa;Alaþehir;SIÐIR (KÜLTÜR);Büyükbaþ Hayvan;4802;43818,3;351,9
Manisa;Demirci;SIÐIR (KÜLTÜR);Büyükbaþ Hayvan;2605;23770,6;190,9
Manisa;Gölmarmara;SIÐIR (KÜLTÜR);Büyükbaþ Hayvan;1303;11889,9;95,5
Manisa;Gördes;SIÐIR (KÜLTÜR);Büyükbaþ Hayvan;13188;120340,5;966,4
Manisa;Kýrkaðaç;SIÐIR (KÜLTÜR);Büyükbaþ Hayvan;3280;29930;240,3
Manisa;Köprübaþý;SIÐIR (KÜLTÜR);Büyükbaþ Hayvan;740;6752,5;54,2
Manisa;Kula;SIÐIR (KÜLTÜR);Büyükbaþ Hayvan;22521;205504,1;1650,2
Manisa;Salihli;SIÐIR (KÜLTÜR);Büyükbaþ Hayvan;38680;352955;2834,3
Manisa;Sarýgöl;SIÐIR (KÜLTÜR);Büyükbaþ Hayvan;10056;91761;736,9
Manisa;Saruhanlý;SIÐIR (KÜLTÜR);Büyükbaþ Hayvan;6944;63364;508,8
Manisa;Þehzadeler;SIÐIR (KÜLTÜR);Büyükbaþ Hayvan;6846;62469,8;501,6
Manisa;Selendi;SIÐIR (KÜLTÜR);Büyükbaþ Hayvan;10528;96068;771,5
Manisa;Soma;SIÐIR (KÜLTÜR);Büyükbaþ Hayvan;751;6852,9;55
Manisa;Turgutlu;SIÐIR (KÜLTÜR);Büyükbaþ Hayvan;18985;173238,1;1391,1
Manisa;Yunusemre;SIÐIR (KÜLTÜR);Büyükbaþ Hayvan;4525;41290,6;331,6
Manisa;Ahmetli;SIÐIR (MELEZ);Büyükbaþ Hayvan;2371;15577,5;100,1
Manisa;Akhisar;SIÐIR (MELEZ);Büyükbaþ Hayvan;7700;50589;325
Manisa;Alaþehir;SIÐIR (MELEZ);Büyükbaþ Hayvan;4412;28986,8;186,2
Manisa;Demirci;SIÐIR (MELEZ);Büyükbaþ Hayvan;10708;70351,6;452
Manisa;Gölmarmara;SIÐIR (MELEZ);Büyükbaþ Hayvan;722;4743,5;46172
Manisa;Gördes;SIÐIR (MELEZ);Büyükbaþ Hayvan;3712;24387,8;156,7
Manisa;Kýrkaðaç;SIÐIR (MELEZ);Büyükbaþ Hayvan;1561;10255,8;65,9
Manisa;Köprübaþý;SIÐIR (MELEZ);Büyükbaþ Hayvan;2400;15768;101,3
Manisa;Kula;SIÐIR (MELEZ);Büyükbaþ Hayvan;13486;88603;569,2
Manisa;Salihli;SIÐIR (MELEZ);Büyükbaþ Hayvan;1800;11826;76
Manisa;Þehzadeler;SIÐIR (MELEZ);Büyükbaþ Hayvan;2610;17147,7;110,2
Manisa;Selendi;SIÐIR (MELEZ);Büyükbaþ Hayvan;2388;15689,2;100,8
Manisa;Soma;SIÐIR (MELEZ);Büyükbaþ Hayvan;3881;25498,2;163,8
Manisa;Turgutlu;SIÐIR (MELEZ);Büyükbaþ Hayvan;4886;32101;206,2
Manisa;Yunusemre;SIÐIR (MELEZ);Büyükbaþ Hayvan;4245;27889,7;179,2
Manisa;Ahmetli;SIÐIR (YERLÝ);Büyükbaþ Hayvan;157;859,6;46177
Manisa;Akhisar;SIÐIR (YERLÝ);Büyükbaþ Hayvan;2000;10950;58,6
Manisa;Alaþehir;SIÐIR (YERLÝ);Büyükbaþ Hayvan;280;1533;46061
Manisa;Demirci;SIÐIR (YERLÝ);Büyükbaþ Hayvan;1902;10413,5;55,7
Manisa;Gördes;SIÐIR (YERLÝ);Büyükbaþ Hayvan;1719;9411,5;50,4
Manisa;Kýrkaðaç;SIÐIR (YERLÝ);Büyükbaþ Hayvan;2005;10977,4;58,8
Manisa;Köprübaþý;SIÐIR (YERLÝ);Büyükbaþ Hayvan;510;2792,3;46279
Manisa;Kula;SIÐIR (YERLÝ);Büyükbaþ Hayvan;343;1877,9;46032
Manisa;Salihli;SIÐIR (YERLÝ);Büyükbaþ Hayvan;700;3832,5;46162
Manisa;Sarýgöl;SIÐIR (YERLÝ);Büyükbaþ Hayvan;9;49,3;0,3
Manisa;Saruhanlý;SIÐIR (YERLÝ);Büyükbaþ Hayvan;237;1297,6;46271
Manisa;Þehzadeler;SIÐIR (YERLÝ);Büyükbaþ Hayvan;318;1741,1;46090
Manisa;Selendi;SIÐIR (YERLÝ);Büyükbaþ Hayvan;300;1642,5;46242
Manisa;Soma;SIÐIR (YERLÝ);Büyükbaþ Hayvan;3965;21708,4;116,2
Manisa;Turgutlu;SIÐIR (YERLÝ);Büyükbaþ Hayvan;1498;8201,6;43,9
Manisa;Yunusemre;SIÐIR (YERLÝ);Büyükbaþ Hayvan;4135;22639,1;121,2
Manisa;Ahmetli;KEÇÝ (KIL);Küçükbaþ Hayvan;853;622,7;1
Manisa;Akhisar;KEÇÝ (KIL);Küçükbaþ Hayvan;23900;17447;28
Manisa;Alaþehir;KEÇÝ (KIL);Küçükbaþ Hayvan;10324;7536,5;46034
Manisa;Demirci;KEÇÝ (KIL);Küçükbaþ Hayvan;10080;7358,4;46245
Manisa;Gölmarmara;KEÇÝ (KIL);Küçükbaþ Hayvan;4130;3014,9;46238
Manisa;Gördes;KEÇÝ (KIL);Küçükbaþ Hayvan;10744;7843,1;46185
Manisa;Kýrkaðaç;KEÇÝ (KIL);Küçükbaþ Hayvan;20826;15203;46136
Manisa;Köprübaþý;KEÇÝ (KIL);Küçükbaþ Hayvan;5200;3796;46028
Manisa;Kula;KEÇÝ (KIL);Küçükbaþ Hayvan;28182;20572,9;33
Manisa;Salihli;KEÇÝ (KIL);Küçükbaþ Hayvan;21800;15914;46198
Manisa;Sarýgöl;KEÇÝ (KIL);Küçükbaþ Hayvan;3485;2544,1;46026
Manisa;Saruhanlý;KEÇÝ (KIL);Küçükbaþ Hayvan;17108;12488,8;46042
Manisa;Þehzadeler;KEÇÝ (KIL);Küçükbaþ Hayvan;6684;4879,3;46241
Manisa;Selendi;KEÇÝ (KIL);Küçükbaþ Hayvan;10900;7957;46246
Manisa;Soma;KEÇÝ (KIL);Küçükbaþ Hayvan;5400;3942;46087
Manisa;Turgutlu;KEÇÝ (KIL);Küçükbaþ Hayvan;5553;4053,7;46148
Manisa;Yunusemre;KEÇÝ (KIL);Küçükbaþ Hayvan;15280;11154,4;46282
Manisa;Turgutlu;KEÇÝ (TÝFTÝK);Küçükbaþ Hayvan;11;8;0
Manisa;Gördes;KOYUN (MERÝNOS);Küçükbaþ Hayvan;315;344,9;0,8
Manisa;Kýrkaðaç;KOYUN (MERÝNOS);Küçükbaþ Hayvan;8420;9219,9;46075
Manisa;Köprübaþý;KOYUN (MERÝNOS);Küçükbaþ Hayvan;380;416,1;1
Manisa;Saruhanlý;KOYUN (MERÝNOS);Küçükbaþ Hayvan;506;554,1;46082
Manisa;Þehzadeler;KOYUN (MERÝNOS);Küçükbaþ Hayvan;490;536,6;46082
Manisa;Turgutlu;KOYUN (MERÝNOS);Küçükbaþ Hayvan;1178;1289,9;46025
Manisa;Ahmetli;KOYUN (YERLÝ);Küçükbaþ Hayvan;9843;10778,1;26
Manisa;Akhisar;KOYUN (YERLÝ);Küçükbaþ Hayvan;50700;55516,5;133,7
Manisa;Alaþehir;KOYUN (YERLÝ);Küçükbaþ Hayvan;46471;50885,7;122,6
Manisa;Demirci;KOYUN (YERLÝ);Küçükbaþ Hayvan;78550;86012,3;207,2
Manisa;Gölmarmara;KOYUN (YERLÝ);Küçükbaþ Hayvan;13500;14782,5;35,6
Manisa;Gördes;KOYUN (YERLÝ);Küçükbaþ Hayvan;41047;44946,5;108,3
Manisa;Kýrkaðaç;KOYUN (YERLÝ);Küçükbaþ Hayvan;45125;49411,9;119
Manisa;Köprübaþý;KOYUN (YERLÝ);Küçükbaþ Hayvan;36500;39967,5;96,3
Manisa;Kula;KOYUN (YERLÝ);Küçükbaþ Hayvan;84954;93024,6;224,1
Manisa;Salihli;KOYUN (YERLÝ);Küçükbaþ Hayvan;136400;149358;359,8
Manisa;Sarýgöl;KOYUN (YERLÝ);Küçükbaþ Hayvan;21724;23787,8;57,3
Manisa;Saruhanlý;KOYUN (YERLÝ);Küçükbaþ Hayvan;33300;36463,5;87,8
Manisa;Þehzadeler;KOYUN (YERLÝ);Küçükbaþ Hayvan;16626;18205,5;43,9
Manisa;Selendi;KOYUN (YERLÝ);Küçükbaþ Hayvan;42680;46734,6;112,6
Manisa;Soma;KOYUN (YERLÝ);Küçükbaþ Hayvan;11358;12437;30
Manisa;Turgutlu;KOYUN (YERLÝ);Küçükbaþ Hayvan;11113;12168,7;46110
Manisa;Yunusemre;KOYUN (YERLÝ);Küçükbaþ Hayvan;53500;58582,5;141,1
Manisa;Ahmetli;ET TAVUÐU;Kanatlý Hayvan;1060000;28620;7156,3
Manisa;Akhisar;ET TAVUÐU;Kanatlý Hayvan;3647930;98494,1;24628
Manisa;Alaþehir;ET TAVUÐU;Kanatlý Hayvan;1087000;29349;7338,6
Manisa;Demirci;ET TAVUÐU;Kanatlý Hayvan;715000;19305;4827,1
Manisa;Gölmarmara;ET TAVUÐU;Kanatlý Hayvan;488610;13192,5;3298,7
Manisa;Gördes;ET TAVUÐU;Kanatlý Hayvan;586550;15836,9;3959,9
Manisa;Kýrkaðaç;ET TAVUÐU;Kanatlý Hayvan;853200;23036,4;5760,1
Manisa;Köprübaþý;ET TAVUÐU;Kanatlý Hayvan;2878283;77713,6;19431,9
Manisa;Kula;ET TAVUÐU;Kanatlý Hayvan;1887910;50973,6;12745,7
Manisa;Salihli;ET TAVUÐU;Kanatlý Hayvan;5260100;142022,7;35512,1
Manisa;Sarýgöl;ET TAVUÐU;Kanatlý Hayvan;540050;14581,4;3646
Manisa;Saruhanlý;ET TAVUÐU;Kanatlý Hayvan;2050070;55351,9;13840,5
Manisa;Þehzadeler;ET TAVUÐU;Kanatlý Hayvan;550000;14850;3713,2
Manisa;Selendi;ET TAVUÐU;Kanatlý Hayvan;452600;12220,2;3055,6
Manisa;Soma;ET TAVUÐU;Kanatlý Hayvan;2055960;55510,9;13880,2
Manisa;Turgutlu;ET TAVUÐU;Kanatlý Hayvan;3300127;89103,4;22279,9
Manisa;Yunusemre;ET TAVUÐU;Kanatlý Hayvan;750000;20250;5063,4
Manisa;Ahmetli;HÝNDÝ;Kanatlý Hayvan;34500;1293,8;323,5
Manisa;Akhisar;HÝNDÝ;Kanatlý Hayvan;0;0;0
Manisa;Alaþehir;HÝNDÝ;Kanatlý Hayvan;276500;10368,8;2592,7
Manisa;Demirci;HÝNDÝ;Kanatlý Hayvan;275;46091;46175
Manisa;Gölmarmara;HÝNDÝ;Kanatlý Hayvan;105;46268;1
Manisa;Gördes;HÝNDÝ;Kanatlý Hayvan;340;46246;46056
Manisa;Kýrkaðaç;HÝNDÝ;Kanatlý Hayvan;450;46281;46057
Manisa;Köprübaþý;HÝNDÝ;Kanatlý Hayvan;40;46143;0,4
Manisa;Kula;HÝNDÝ;Kanatlý Hayvan;17500;656,3;164,1
Manisa;Salihli;HÝNDÝ;Kanatlý Hayvan;210300;7886,3;1971,9
Manisa;Saruhanlý;HÝNDÝ;Kanatlý Hayvan;0;0;0
Manisa;Þehzadeler;HÝNDÝ;Kanatlý Hayvan;47500;1781,3;445,4
Manisa;Selendi;HÝNDÝ;Kanatlý Hayvan;28300;1061,3;265,4
Manisa;Soma;HÝNDÝ;Kanatlý Hayvan;215;46030;2
Manisa;Turgutlu;HÝNDÝ;Kanatlý Hayvan;315418;11828,2;2957,6
Manisa;Yunusemre;HÝNDÝ;Kanatlý Hayvan;80;3;0,8
Manisa;Ahmetli;KAZ;Kanatlý Hayvan;0;0;0
Manisa;Akhisar;KAZ;Kanatlý Hayvan;0;0;0
Manisa;Alaþehir;KAZ;Kanatlý Hayvan;56;46175;0,7
Manisa;Demirci;KAZ;Kanatlý Hayvan;100;46207;46054
Manisa;Gölmarmara;KAZ;Kanatlý Hayvan;141;46179;46174
Manisa;Gördes;KAZ;Kanatlý Hayvan;150;7;46235
Manisa;Kýrkaðaç;KAZ;Kanatlý Hayvan;20;0,9;0,2
Manisa;Köprübaþý;KAZ;Kanatlý Hayvan;130;46028;46143
Manisa;Kula;KAZ;Kanatlý Hayvan;550;46228;46118
Manisa;Salihli;KAZ;Kanatlý Hayvan;125;46270;46143
Manisa;Saruhanlý;KAZ;Kanatlý Hayvan;23;46023;0,3
Manisa;Þehzadeler;KAZ;Kanatlý Hayvan;50;46083;0,6
Manisa;Selendi;KAZ;Kanatlý Hayvan;176;46061;46024
Manisa;Soma;KAZ;Kanatlý Hayvan;220;46091;46175
Manisa;Turgutlu;KAZ;Kanatlý Hayvan;135;46087;46174
Manisa;Yunusemre;KAZ;Kanatlý Hayvan;135;46087;46174
Manisa;Ahmetli;ÖRDEK;Kanatlý Hayvan;0;0;0
Manisa;Akhisar;ÖRDEK;Kanatlý Hayvan;0;0;0
Manisa;Alaþehir;ÖRDEK;Kanatlý Hayvan;156;46088;46235
Manisa;Demirci;ÖRDEK;Kanatlý Hayvan;170;8;2
Manisa;Gölmarmara;ÖRDEK;Kanatlý Hayvan;45;46024;0,5
Manisa;Gördes;ÖRDEK;Kanatlý Hayvan;48;46055;0,6
Manisa;Kýrkaðaç;ÖRDEK;Kanatlý Hayvan;27;46082;0,3
Manisa;Köprübaþý;ÖRDEK;Kanatlý Hayvan;10;0,5;0,1
Manisa;Kula;ÖRDEK;Kanatlý Hayvan;240;46064;46236
Manisa;Salihli;ÖRDEK;Kanatlý Hayvan;35;46174;0,4
Manisa;Saruhanlý;ÖRDEK;Kanatlý Hayvan;31;46143;0,4
Manisa;Þehzadeler;ÖRDEK;Kanatlý Hayvan;220;46091;46175
Manisa;Selendi;ÖRDEK;Kanatlý Hayvan;205;46182;46114
Manisa;Soma;ÖRDEK;Kanatlý Hayvan;245;46153;46267
Manisa;Turgutlu;ÖRDEK;Kanatlý Hayvan;27;46082;0,3
Manisa;Yunusemre;ÖRDEK;Kanatlý Hayvan;140;46179;46174
Manisa;Ahmetli;YUMURTA TAVUÐU;Kanatlý Hayvan;55000;3011,3;752,9
Manisa;Akhisar;YUMURTA TAVUÐU;Kanatlý Hayvan;4077860;223262,8;55825,8
Manisa;Alaþehir;YUMURTA TAVUÐU;Kanatlý Hayvan;6750;369,6;92,4
Manisa;Demirci;YUMURTA TAVUÐU;Kanatlý Hayvan;17500;958,1;239,6
Manisa;Gölmarmara;YUMURTA TAVUÐU;Kanatlý Hayvan;7100;388,7;97,2
Manisa;Gördes;YUMURTA TAVUÐU;Kanatlý Hayvan;58160;3184,3;796,2
Manisa;Kýrkaðaç;YUMURTA TAVUÐU;Kanatlý Hayvan;72850;3988,5;997,3
Manisa;Köprübaþý;YUMURTA TAVUÐU;Kanatlý Hayvan;2500;136,9;34,2
Manisa;Kula;YUMURTA TAVUÐU;Kanatlý Hayvan;21800;1193,6;298,4
Manisa;Salihli;YUMURTA TAVUÐU;Kanatlý Hayvan;2652000;145197;36305,8
Manisa;Sarýgöl;YUMURTA TAVUÐU;Kanatlý Hayvan;3731;204,3;51,1
Manisa;Saruhanlý;YUMURTA TAVUÐU;Kanatlý Hayvan;4722480;258555,8;64650,6
Manisa;Þehzadeler;YUMURTA TAVUÐU;Kanatlý Hayvan;186000;10183,5;2546,3
Manisa;Selendi;YUMURTA TAVUÐU;Kanatlý Hayvan;50500;2764,9;691,3
Manisa;Soma;YUMURTA TAVUÐU;Kanatlý Hayvan;7500;410,6;102,7
Manisa;Turgutlu;YUMURTA TAVUÐU;Kanatlý Hayvan;567200;31054,2;7764,9
Manisa;Yunusemre;YUMURTA TAVUÐU;Kanatlý Hayvan;90000;4927,5;1232,1
Kahramanmaraþ;Afþin;AT;Büyükbaþ Hayvan;198;1084,1;46239
Kahramanmaraþ;Andýrýn;AT;Büyükbaþ Hayvan;170;930,8;5
Kahramanmaraþ;Çaðlayancerit;AT;Büyükbaþ Hayvan;228;1248,3;46209
Kahramanmaraþ;Dulkadiroðlu;AT;Büyükbaþ Hayvan;197;1078,6;46239
Kahramanmaraþ;Ekinözü;AT;Büyükbaþ Hayvan;18;98,6;0,5
Kahramanmaraþ;Elbistan;AT;Büyükbaþ Hayvan;19;104;0,6
Kahramanmaraþ;Göksun;AT;Büyükbaþ Hayvan;222;1215,5;46148
Kahramanmaraþ;Nurhak;AT;Büyükbaþ Hayvan;33;180,7;1
Kahramanmaraþ;Onikiþubat;AT;Büyükbaþ Hayvan;317;1735,6;46090
Kahramanmaraþ;Pazarcýk;AT;Büyükbaþ Hayvan;189;1034,8;46147
Kahramanmaraþ;Türkoðlu;AT;Büyükbaþ Hayvan;75;410,6;46055
Kahramanmaraþ;Afþin;EÞEK;Büyükbaþ Hayvan;207;566,7;46235
Kahramanmaraþ;Andýrýn;EÞEK;Büyükbaþ Hayvan;95;260,1;0,8
Kahramanmaraþ;Çaðlayancerit;EÞEK;Büyükbaþ Hayvan;99;271;0,9
Kahramanmaraþ;Dulkadiroðlu;EÞEK;Büyükbaþ Hayvan;420;1149,8;46206
Kahramanmaraþ;Ekinözü;EÞEK;Büyükbaþ Hayvan;16;43,8;0,1
Kahramanmaraþ;Elbistan;EÞEK;Büyükbaþ Hayvan;49;134,1;0,4
Kahramanmaraþ;Göksun;EÞEK;Büyükbaþ Hayvan;361;988,2;46056
Kahramanmaraþ;Nurhak;EÞEK;Büyükbaþ Hayvan;27;73,9;0,2
Kahramanmaraþ;Onikiþubat;EÞEK;Büyükbaþ Hayvan;112;306,6;1
Kahramanmaraþ;Pazarcýk;EÞEK;Büyükbaþ Hayvan;157;429,8;46113
Kahramanmaraþ;Türkoðlu;EÞEK;Büyükbaþ Hayvan;79;216,3;0,7
Kahramanmaraþ;Afþin;KATIR;Büyükbaþ Hayvan;59;258,4;46023
Kahramanmaraþ;Andýrýn;KATIR;Büyükbaþ Hayvan;67;293,5;46082
Kahramanmaraþ;Çaðlayancerit;KATIR;Büyükbaþ Hayvan;96;420,5;46235
Kahramanmaraþ;Dulkadiroðlu;KATIR;Büyükbaþ Hayvan;95;416,1;46235
Kahramanmaraþ;Ekinözü;KATIR;Büyükbaþ Hayvan;23;100,7;0,4
Kahramanmaraþ;Elbistan;KATIR;Büyükbaþ Hayvan;24;105,1;0,5
Kahramanmaraþ;Göksun;KATIR;Büyükbaþ Hayvan;37;162,1;0,7
Kahramanmaraþ;Nurhak;KATIR;Büyükbaþ Hayvan;73;319,7;46113
Kahramanmaraþ;Onikiþubat;KATIR;Büyükbaþ Hayvan;116;508,1;46055
Kahramanmaraþ;Pazarcýk;KATIR;Büyükbaþ Hayvan;25;109,5;0,5
Kahramanmaraþ;Türkoðlu;KATIR;Büyükbaþ Hayvan;8;35;0,2
Kahramanmaraþ;Afþin;MANDA;Büyükbaþ Hayvan;34;248,2;46266
Kahramanmaraþ;Andýrýn;MANDA;Büyükbaþ Hayvan;62;452,6;46115
Kahramanmaraþ;Dulkadiroðlu;MANDA;Büyükbaþ Hayvan;10;73;0,5
Kahramanmaraþ;Elbistan;MANDA;Büyükbaþ Hayvan;27;197,1;46143
Kahramanmaraþ;Göksun;MANDA;Büyükbaþ Hayvan;36;262,8;2
Kahramanmaraþ;Onikiþubat;MANDA;Büyükbaþ Hayvan;35;255,5;46266
Kahramanmaraþ;Pazarcýk;MANDA;Büyükbaþ Hayvan;5;36,5;0,3
Kahramanmaraþ;Türkoðlu;MANDA;Büyükbaþ Hayvan;30;219;46174
Kahramanmaraþ;Afþin;SIÐIR (KÜLTÜR);Büyükbaþ Hayvan;14100;128662,5;1033,2
Kahramanmaraþ;Andýrýn;SIÐIR (KÜLTÜR);Büyükbaþ Hayvan;7737;70600,1;566,9
Kahramanmaraþ;Çaðlayancerit;SIÐIR (KÜLTÜR);Büyükbaþ Hayvan;393;3586,1;46262
Kahramanmaraþ;Dulkadiroðlu;SIÐIR (KÜLTÜR);Büyükbaþ Hayvan;13854;126417,8;1015,2
Kahramanmaraþ;Ekinözü;SIÐIR (KÜLTÜR);Büyükbaþ Hayvan;1038;9471,8;76,1
Kahramanmaraþ;Elbistan;SIÐIR (KÜLTÜR);Büyükbaþ Hayvan;24100;219912,5;1766
Kahramanmaraþ;Göksun;SIÐIR (KÜLTÜR);Büyükbaþ Hayvan;7860;71722,5;575,9
Kahramanmaraþ;Nurhak;SIÐIR (KÜLTÜR);Büyükbaþ Hayvan;669;6104,6;49
Kahramanmaraþ;Onikiþubat;SIÐIR (KÜLTÜR);Büyükbaþ Hayvan;20190;184233,8;1479,4
Kahramanmaraþ;Pazarcýk;SIÐIR (KÜLTÜR);Büyükbaþ Hayvan;2503;22839,9;183,4
Kahramanmaraþ;Türkoðlu;SIÐIR (KÜLTÜR);Büyükbaþ Hayvan;11700;106762,5;857,3
Kahramanmaraþ;Afþin;SIÐIR (MELEZ);Büyükbaþ Hayvan;18880;124041,6;796,9
Kahramanmaraþ;Andýrýn;SIÐIR (MELEZ);Büyükbaþ Hayvan;13391;87978,9;565,2
Kahramanmaraþ;Çaðlayancerit;SIÐIR (MELEZ);Büyükbaþ Hayvan;1750;11497,5;73,9
Kahramanmaraþ;Dulkadiroðlu;SIÐIR (MELEZ);Büyükbaþ Hayvan;14521;95403;612,9
Kahramanmaraþ;Ekinözü;SIÐIR (MELEZ);Büyükbaþ Hayvan;6601;43368,6;278,6
Kahramanmaraþ;Elbistan;SIÐIR (MELEZ);Büyükbaþ Hayvan;13235;86954;558,6
Kahramanmaraþ;Göksun;SIÐIR (MELEZ);Büyükbaþ Hayvan;11442;75173,9;482,9
Kahramanmaraþ;Nurhak;SIÐIR (MELEZ);Büyükbaþ Hayvan;1661;10912,8;70,1
Kahramanmaraþ;Onikiþubat;SIÐIR (MELEZ);Büyükbaþ Hayvan;11870;77985,9;501
Kahramanmaraþ;Pazarcýk;SIÐIR (MELEZ);Büyükbaþ Hayvan;8092;53164,4;341,5
Kahramanmaraþ;Türkoðlu;SIÐIR (MELEZ);Büyükbaþ Hayvan;4232;27804,2;178,6
Kahramanmaraþ;Afþin;SIÐIR (YERLÝ);Büyükbaþ Hayvan;288;1576,8;46120
Kahramanmaraþ;Andýrýn;SIÐIR (YERLÝ);Büyükbaþ Hayvan;1329;7276,3;39
Kahramanmaraþ;Dulkadiroðlu;SIÐIR (YERLÝ);Büyükbaþ Hayvan;115;629,6;46115
Kahramanmaraþ;Ekinözü;SIÐIR (YERLÝ);Büyükbaþ Hayvan;101;553;3
Kahramanmaraþ;Elbistan;SIÐIR (YERLÝ);Büyükbaþ Hayvan;1165;6378,4;34,1
Kahramanmaraþ;Göksun;SIÐIR (YERLÝ);Büyükbaþ Hayvan;180;985,5;46086
Kahramanmaraþ;Onikiþubat;SIÐIR (YERLÝ);Büyükbaþ Hayvan;572;3131,7;46250
Kahramanmaraþ;Pazarcýk;SIÐIR (YERLÝ);Büyükbaþ Hayvan;1405;7692,4;41,2
Kahramanmaraþ;Türkoðlu;SIÐIR (YERLÝ);Büyükbaþ Hayvan;10;54,8;0,3
Kahramanmaraþ;Afþin;KEÇÝ (KIL);Küçükbaþ Hayvan;3750;2737,5;46116
Kahramanmaraþ;Andýrýn;KEÇÝ (KIL);Küçükbaþ Hayvan;38480;28090,4;45,1
Kahramanmaraþ;Çaðlayancerit;KEÇÝ (KIL);Küçükbaþ Hayvan;16300;11899;46041
Kahramanmaraþ;Dulkadiroðlu;KEÇÝ (KIL);Küçükbaþ Hayvan;68719;50164,9;80,6
Kahramanmaraþ;Ekinözü;KEÇÝ (KIL);Küçükbaþ Hayvan;5553;4053,7;46148
Kahramanmaraþ;Elbistan;KEÇÝ (KIL);Küçükbaþ Hayvan;9200;6716;46244
Kahramanmaraþ;Göksun;KEÇÝ (KIL);Küçükbaþ Hayvan;25775;18815,8;30,2
Kahramanmaraþ;Nurhak;KEÇÝ (KIL);Küçükbaþ Hayvan;22930;16738,9;46291
Kahramanmaraþ;Onikiþubat;KEÇÝ (KIL);Küçükbaþ Hayvan;106681;77877,1;125,1
Kahramanmaraþ;Pazarcýk;KEÇÝ (KIL);Küçükbaþ Hayvan;77701;56721,7;91,1
Kahramanmaraþ;Türkoðlu;KEÇÝ (KIL);Küçükbaþ Hayvan;23300;17009;46108
Kahramanmaraþ;Andýrýn;KOYUN (MERÝNOS);Küçükbaþ Hayvan;762;834,4;2
Kahramanmaraþ;Ekinözü;KOYUN (MERÝNOS);Küçükbaþ Hayvan;111;121,5;0,3
Kahramanmaraþ;Göksun;KOYUN (MERÝNOS);Küçükbaþ Hayvan;185;202,6;0,5
Kahramanmaraþ;Nurhak;KOYUN (MERÝNOS);Küçükbaþ Hayvan;70;76,7;0,2
Kahramanmaraþ;Onikiþubat;KOYUN (MERÝNOS);Küçükbaþ Hayvan;717;785,1;46266
Kahramanmaraþ;Afþin;KOYUN (YERLÝ);Küçükbaþ Hayvan;57250;62688,8;151
Kahramanmaraþ;Andýrýn;KOYUN (YERLÝ);Küçükbaþ Hayvan;21758;23825;57,4
Kahramanmaraþ;Çaðlayancerit;KOYUN (YERLÝ);Küçükbaþ Hayvan;16700;18286,5;44,1
Kahramanmaraþ;Dulkadiroðlu;KOYUN (YERLÝ);Küçükbaþ Hayvan;36691;40176,6;96,8
Kahramanmaraþ;Ekinözü;KOYUN (YERLÝ);Küçükbaþ Hayvan;6272;6867,8;46158
Kahramanmaraþ;Elbistan;KOYUN (YERLÝ);Küçükbaþ Hayvan;60500;66247,5;159,6
Kahramanmaraþ;Göksun;KOYUN (YERLÝ);Küçükbaþ Hayvan;36225;39666,4;95,6
Kahramanmaraþ;Nurhak;KOYUN (YERLÝ);Küçükbaþ Hayvan;9229;10105,8;46105
Kahramanmaraþ;Onikiþubat;KOYUN (YERLÝ);Küçükbaþ Hayvan;23051;25240,8;60,8
Kahramanmaraþ;Pazarcýk;KOYUN (YERLÝ);Küçükbaþ Hayvan;119612;130975,1;315,5
Kahramanmaraþ;Türkoðlu;KOYUN (YERLÝ);Küçükbaþ Hayvan;50067;54823,4;132,1
Kahramanmaraþ;Afþin;ET TAVUÐU;Kanatlý Hayvan;0;0;0
Kahramanmaraþ;Andýrýn;ET TAVUÐU;Kanatlý Hayvan;0;0;0
Kahramanmaraþ;Çaðlayancerit;ET TAVUÐU;Kanatlý Hayvan;0;0;0
Kahramanmaraþ;Dulkadiroðlu;ET TAVUÐU;Kanatlý Hayvan;0;0;0
Kahramanmaraþ;Ekinözü;ET TAVUÐU;Kanatlý Hayvan;0;0;0
Kahramanmaraþ;Elbistan;ET TAVUÐU;Kanatlý Hayvan;0;0;0
Kahramanmaraþ;Göksun;ET TAVUÐU;Kanatlý Hayvan;0;0;0
Kahramanmaraþ;Nurhak;ET TAVUÐU;Kanatlý Hayvan;0;0;0
Kahramanmaraþ;Onikiþubat;ET TAVUÐU;Kanatlý Hayvan;0;0;0
Kahramanmaraþ;Pazarcýk;ET TAVUÐU;Kanatlý Hayvan;59000;1593;398,3
Kahramanmaraþ;Türkoðlu;ET TAVUÐU;Kanatlý Hayvan;180000;4860;1215,2
Kahramanmaraþ;Afþin;HÝNDÝ;Kanatlý Hayvan;1950;73,1;46099
Kahramanmaraþ;Andýrýn;HÝNDÝ;Kanatlý Hayvan;351;46066;46084
Kahramanmaraþ;Çaðlayancerit;HÝNDÝ;Kanatlý Hayvan;195;46088;46235
Kahramanmaraþ;Dulkadiroðlu;HÝNDÝ;Kanatlý Hayvan;3500;131,3;32,8
Kahramanmaraþ;Ekinözü;HÝNDÝ;Kanatlý Hayvan;672;46078;46087
Kahramanmaraþ;Elbistan;HÝNDÝ;Kanatlý Hayvan;1710;64,1;16
Kahramanmaraþ;Göksun;HÝNDÝ;Kanatlý Hayvan;1185;44,4;46033
Kahramanmaraþ;Nurhak;HÝNDÝ;Kanatlý Hayvan;60;46083;0,6
Kahramanmaraþ;Onikiþubat;HÝNDÝ;Kanatlý Hayvan;435;46097;46026
Kahramanmaraþ;Pazarcýk;HÝNDÝ;Kanatlý Hayvan;250;46121;46083
Kahramanmaraþ;Türkoðlu;HÝNDÝ;Kanatlý Hayvan;300;46092;46236
Kahramanmaraþ;Afþin;KAZ;Kanatlý Hayvan;1250;58,5;46187
Kahramanmaraþ;Andýrýn;KAZ;Kanatlý Hayvan;207;46212;46114
Kahramanmaraþ;Çaðlayancerit;KAZ;Kanatlý Hayvan;46;46055;0,5
Kahramanmaraþ;Dulkadiroðlu;KAZ;Kanatlý Hayvan;390;46099;46177
Kahramanmaraþ;Ekinözü;KAZ;Kanatlý Hayvan;204;46151;46114
Kahramanmaraþ;Elbistan;KAZ;Kanatlý Hayvan;2145;100,4;46047
Kahramanmaraþ;Göksun;KAZ;Kanatlý Hayvan;960;44,9;46064
Kahramanmaraþ;Nurhak;KAZ;Kanatlý Hayvan;30;46113;0,4
Kahramanmaraþ;Onikiþubat;KAZ;Kanatlý Hayvan;1205;56,4;46036
Kahramanmaraþ;Pazarcýk;KAZ;Kanatlý Hayvan;160;46149;46266
Kahramanmaraþ;Türkoðlu;KAZ;Kanatlý Hayvan;1600;74,9;46221
Kahramanmaraþ;Afþin;ÖRDEK;Kanatlý Hayvan;1500;70,2;46190
Kahramanmaraþ;Andýrýn;ÖRDEK;Kanatlý Hayvan;485;46225;46208
Kahramanmaraþ;Çaðlayancerit;ÖRDEK;Kanatlý Hayvan;93;46116;46023
Kahramanmaraþ;Dulkadiroðlu;ÖRDEK;Kanatlý Hayvan;170;8;2
Kahramanmaraþ;Ekinözü;ÖRDEK;Kanatlý Hayvan;270;46185;46056
Kahramanmaraþ;Elbistan;ÖRDEK;Kanatlý Hayvan;4289;200,7;50,2
Kahramanmaraþ;Göksun;ÖRDEK;Kanatlý Hayvan;866;40,5;46032
Kahramanmaraþ;Nurhak;ÖRDEK;Kanatlý Hayvan;30;46113;0,4
Kahramanmaraþ;Onikiþubat;ÖRDEK;Kanatlý Hayvan;96;46146;46023
Kahramanmaraþ;Pazarcýk;ÖRDEK;Kanatlý Hayvan;100;46207;46054
Kahramanmaraþ;Türkoðlu;ÖRDEK;Kanatlý Hayvan;1150;53,8;46155
Kahramanmaraþ;Afþin;YUMURTA TAVUÐU;Kanatlý Hayvan;62500;3421,9;855,6
Kahramanmaraþ;Andýrýn;YUMURTA TAVUÐU;Kanatlý Hayvan;20046;1097,5;274,4
Kahramanmaraþ;Çaðlayancerit;YUMURTA TAVUÐU;Kanatlý Hayvan;5790;317;79,3
Kahramanmaraþ;Dulkadiroðlu;YUMURTA TAVUÐU;Kanatlý Hayvan;17000;930,8;232,7
Kahramanmaraþ;Ekinözü;YUMURTA TAVUÐU;Kanatlý Hayvan;6240;341,6;85,4
Kahramanmaraþ;Elbistan;YUMURTA TAVUÐU;Kanatlý Hayvan;38806;2124,6;531,3
Kahramanmaraþ;Göksun;YUMURTA TAVUÐU;Kanatlý Hayvan;47824;2618,4;654,7
Kahramanmaraþ;Nurhak;YUMURTA TAVUÐU;Kanatlý Hayvan;5500;301,1;75,3
Kahramanmaraþ;Onikiþubat;YUMURTA TAVUÐU;Kanatlý Hayvan;52150;2855,2;713,9
Kahramanmaraþ;Pazarcýk;YUMURTA TAVUÐU;Kanatlý Hayvan;938000;51355,5;12841,2
Kahramanmaraþ;Türkoðlu;YUMURTA TAVUÐU;Kanatlý Hayvan;42250;2313,2;578,4
Mardin;Artuklu;AT;Büyükbaþ Hayvan;269;1472,8;46272
Mardin;Dargeçit;AT;Büyükbaþ Hayvan;230;1259,3;46209
Mardin;Derik;AT;Büyükbaþ Hayvan;64;350,4;46266
Mardin;Kýzýltepe;AT;Büyükbaþ Hayvan;195;1067,6;46208
Mardin;Mazýdaðý;AT;Büyükbaþ Hayvan;38;208,1;46023
Mardin;Midyat;AT;Büyükbaþ Hayvan;665;3640,9;46161
Mardin;Nusaybin;AT;Büyükbaþ Hayvan;92;503,7;46205
Mardin;Ömerli;AT;Büyükbaþ Hayvan;479;2622,5;14
Mardin;Savur;AT;Büyükbaþ Hayvan;304;1664,4;46273
Mardin;Yeþilli;AT;Büyükbaþ Hayvan;83;454,4;46114
Mardin;Artuklu;EÞEK;Büyükbaþ Hayvan;185;506,4;46174
Mardin;Dargeçit;EÞEK;Büyükbaþ Hayvan;130;355,9;46023
Mardin;Derik;EÞEK;Büyükbaþ Hayvan;1025;2805,9;9
Mardin;Kýzýltepe;EÞEK;Büyükbaþ Hayvan;257;703,5;46083
Mardin;Mazýdaðý;EÞEK;Büyükbaþ Hayvan;263;720;46083
Mardin;Midyat;EÞEK;Büyükbaþ Hayvan;750;2053,1;46179
Mardin;Nusaybin;EÞEK;Büyükbaþ Hayvan;339;928;3
Mardin;Ömerli;EÞEK;Büyükbaþ Hayvan;387;1059,4;46115
Mardin;Savur;EÞEK;Büyükbaþ Hayvan;1088;2978,4;46182
Mardin;Yeþilli;EÞEK;Büyükbaþ Hayvan;161;440,7;46113
Mardin;Artuklu;KATIR;Büyükbaþ Hayvan;108;473;2
Mardin;Dargeçit;KATIR;Büyükbaþ Hayvan;80;350,4;46143
Mardin;Derik;KATIR;Büyükbaþ Hayvan;55;240,9;1
Mardin;Kýzýltepe;KATIR;Büyükbaþ Hayvan;35;153,3;0,7
Mardin;Midyat;KATIR;Büyükbaþ Hayvan;255;1116,9;46238
Mardin;Nusaybin;KATIR;Büyükbaþ Hayvan;72;315,4;46113
Mardin;Ömerli;KATIR;Büyükbaþ Hayvan;138;604,4;46175
Mardin;Savur;KATIR;Büyükbaþ Hayvan;505;2211,9;46151
Mardin;Yeþilli;KATIR;Büyükbaþ Hayvan;98;429,2;46235
Mardin;Artuklu;SIÐIR (KÜLTÜR);Büyükbaþ Hayvan;2590;23633,8;189,8
Mardin;Dargeçit;SIÐIR (KÜLTÜR);Büyükbaþ Hayvan;1300;11862,5;95,3
Mardin;Derik;SIÐIR (KÜLTÜR);Büyükbaþ Hayvan;7890;71996,3;578,1
Mardin;Kýzýltepe;SIÐIR (KÜLTÜR);Büyükbaþ Hayvan;4420;40332,5;323,9
Mardin;Mazýdaðý;SIÐIR (KÜLTÜR);Büyükbaþ Hayvan;2829;25814,6;207,3
Mardin;Midyat;SIÐIR (KÜLTÜR);Büyükbaþ Hayvan;2700;24637,5;197,8
Mardin;Nusaybin;SIÐIR (KÜLTÜR);Büyükbaþ Hayvan;1280;11680;93,8
Mardin;Ömerli;SIÐIR (KÜLTÜR);Büyükbaþ Hayvan;513;4681,1;37,6
Mardin;Savur;SIÐIR (KÜLTÜR);Büyükbaþ Hayvan;2054;18742,8;150,5
Mardin;Yeþilli;SIÐIR (KÜLTÜR);Büyükbaþ Hayvan;331;3020,4;46105
Mardin;Artuklu;SIÐIR (MELEZ);Büyükbaþ Hayvan;2356;15478,9;99,4
Mardin;Dargeçit;SIÐIR (MELEZ);Büyükbaþ Hayvan;3200;21024;135,1
Mardin;Derik;SIÐIR (MELEZ);Büyükbaþ Hayvan;34200;224694;1443,5
Mardin;Kýzýltepe;SIÐIR (MELEZ);Büyükbaþ Hayvan;3460;22732,2;146
Mardin;Mazýdaðý;SIÐIR (MELEZ);Büyükbaþ Hayvan;3579;23514;151,1
Mardin;Midyat;SIÐIR (MELEZ);Büyükbaþ Hayvan;4301;28257,6;181,5
Mardin;Nusaybin;SIÐIR (MELEZ);Büyükbaþ Hayvan;4462;29315,3;188,3
Mardin;Ömerli;SIÐIR (MELEZ);Büyükbaþ Hayvan;896;5886,7;37,8
Mardin;Savur;SIÐIR (MELEZ);Büyükbaþ Hayvan;2092;13744,4;88,3
Mardin;Yeþilli;SIÐIR (MELEZ);Büyükbaþ Hayvan;394;2588,6;46189
Mardin;Artuklu;SIÐIR (YERLÝ);Büyükbaþ Hayvan;1246;6821,9;36,5
Mardin;Dargeçit;SIÐIR (YERLÝ);Büyükbaþ Hayvan;3289;18007,3;96,4
Mardin;Derik;SIÐIR (YERLÝ);Büyükbaþ Hayvan;14510;79442,3;425,3
Mardin;Kýzýltepe;SIÐIR (YERLÝ);Büyükbaþ Hayvan;723;3958,4;46074
Mardin;Mazýdaðý;SIÐIR (YERLÝ);Büyükbaþ Hayvan;1706;9340,4;50
Mardin;Midyat;SIÐIR (YERLÝ);Büyükbaþ Hayvan;5725;31344,4;167,8
Mardin;Nusaybin;SIÐIR (YERLÝ);Büyükbaþ Hayvan;1216;6657,6;35,6
Mardin;Ömerli;SIÐIR (YERLÝ);Büyükbaþ Hayvan;954;5223,2;28
Mardin;Savur;SIÐIR (YERLÝ);Büyükbaþ Hayvan;2127;11645,3;62,3
Mardin;Yeþilli;SIÐIR (YERLÝ);Büyükbaþ Hayvan;482;2639;46036
Mardin;Artuklu;KEÇÝ (KIL);Küçükbaþ Hayvan;41094;29998,6;48,2
Mardin;Dargeçit;KEÇÝ (KIL);Küçükbaþ Hayvan;40534;29589,8;47,5
Mardin;Derik;KEÇÝ (KIL);Küçükbaþ Hayvan;116550;85081,5;136,6
Mardin;Kýzýltepe;KEÇÝ (KIL);Küçükbaþ Hayvan;25979;18964,7;46172
Mardin;Mazýdaðý;KEÇÝ (KIL);Küçükbaþ Hayvan;53455;39022,2;62,7
Mardin;Midyat;KEÇÝ (KIL);Küçükbaþ Hayvan;41855;30554,2;49,1
Mardin;Nusaybin;KEÇÝ (KIL);Küçükbaþ Hayvan;33602;24529,5;39,4
Mardin;Ömerli;KEÇÝ (KIL);Küçükbaþ Hayvan;14993;10944,9;46190
Mardin;Savur;KEÇÝ (KIL);Küçükbaþ Hayvan;46867;34212,9;54,9
Mardin;Yeþilli;KEÇÝ (KIL);Küçükbaþ Hayvan;11980;8745,4;14
Mardin;Midyat;KEÇÝ (TÝFTÝK);Küçükbaþ Hayvan;3550;2591,5;46057
Mardin;Ömerli;KEÇÝ (TÝFTÝK);Küçükbaþ Hayvan;2;46143;0
Mardin;Artuklu;KOYUN (MERÝNOS);Küçükbaþ Hayvan;97;106,2;0,3
Mardin;Dargeçit;KOYUN (MERÝNOS);Küçükbaþ Hayvan;40;43,8;0,1
Mardin;Derik;KOYUN (MERÝNOS);Küçükbaþ Hayvan;1730;1894,4;46177
Mardin;Kýzýltepe;KOYUN (MERÝNOS);Küçükbaþ Hayvan;292;319,7;0,8
Mardin;Mazýdaðý;KOYUN (MERÝNOS);Küçükbaþ Hayvan;78;85,4;0,2
Mardin;Midyat;KOYUN (MERÝNOS);Küçükbaþ Hayvan;180;197,1;0,5
Mardin;Nusaybin;KOYUN (MERÝNOS);Küçükbaþ Hayvan;69;75,6;0,2
Mardin;Artuklu;KOYUN (YERLÝ);Küçükbaþ Hayvan;66682;73016,8;175,9
Mardin;Dargeçit;KOYUN (YERLÝ);Küçükbaþ Hayvan;6385;6991,6;46250
Mardin;Derik;KOYUN (YERLÝ);Küçükbaþ Hayvan;198785;217669,6;524,4
Mardin;Kýzýltepe;KOYUN (YERLÝ);Küçükbaþ Hayvan;50876;55709,2;134,2
Mardin;Mazýdaðý;KOYUN (YERLÝ);Küçükbaþ Hayvan;78889;86383,5;208,1
Mardin;Midyat;KOYUN (YERLÝ);Küçükbaþ Hayvan;20987;22980,8;55,4
Mardin;Nusaybin;KOYUN (YERLÝ);Küçükbaþ Hayvan;48310;52899,5;127,4
Mardin;Ömerli;KOYUN (YERLÝ);Küçükbaþ Hayvan;12249;13412,7;32,3
Mardin;Savur;KOYUN (YERLÝ);Küçükbaþ Hayvan;32082;35129,8;84,6
Mardin;Yeþilli;KOYUN (YERLÝ);Küçükbaþ Hayvan;27290;29882,6;72
Mardin;Artuklu;ET TAVUÐU;Kanatlý Hayvan;0;0;0
Mardin;Dargeçit;ET TAVUÐU;Kanatlý Hayvan;0;0;0
Mardin;Derik;ET TAVUÐU;Kanatlý Hayvan;0;0;0
Mardin;Kýzýltepe;ET TAVUÐU;Kanatlý Hayvan;0;0;0
Mardin;Mazýdaðý;ET TAVUÐU;Kanatlý Hayvan;0;0;0
Mardin;Midyat;ET TAVUÐU;Kanatlý Hayvan;0;0;0
Mardin;Nusaybin;ET TAVUÐU;Kanatlý Hayvan;0;0;0
Mardin;Ömerli;ET TAVUÐU;Kanatlý Hayvan;0;0;0
Mardin;Savur;ET TAVUÐU;Kanatlý Hayvan;0;0;0
Mardin;Yeþilli;ET TAVUÐU;Kanatlý Hayvan;0;0;0
Mardin;Artuklu;HÝNDÝ;Kanatlý Hayvan;1950;73,1;46099
Mardin;Dargeçit;HÝNDÝ;Kanatlý Hayvan;1000;37,5;46121
Mardin;Derik;HÝNDÝ;Kanatlý Hayvan;3700;138,8;34,7
Mardin;Kýzýltepe;HÝNDÝ;Kanatlý Hayvan;22500;843,8;211
Mardin;Mazýdaðý;HÝNDÝ;Kanatlý Hayvan;1241;46,5;46184
Mardin;Midyat;HÝNDÝ;Kanatlý Hayvan;1400;52,5;46035
Mardin;Nusaybin;HÝNDÝ;Kanatlý Hayvan;4800;180;45
Mardin;Ömerli;HÝNDÝ;Kanatlý Hayvan;705;46138;46179
Mardin;Savur;HÝNDÝ;Kanatlý Hayvan;389;46187;46176
Mardin;Yeþilli;HÝNDÝ;Kanatlý Hayvan;730;46139;46240
Mardin;Artuklu;KAZ;Kanatlý Hayvan;27;46082;0,3
Mardin;Dargeçit;KAZ;Kanatlý Hayvan;100;46207;46054
Mardin;Derik;KAZ;Kanatlý Hayvan;200;46121;46083
Mardin;Kýzýltepe;KAZ;Kanatlý Hayvan;580;46049;46240
Mardin;Mazýdaðý;KAZ;Kanatlý Hayvan;265;46124;46025
Mardin;Midyat;KAZ;Kanatlý Hayvan;350;46128;46026
Mardin;Nusaybin;KAZ;Kanatlý Hayvan;900;42,1;46152
Mardin;Ömerli;KAZ;Kanatlý Hayvan;234;11;46205
Mardin;Savur;KAZ;Kanatlý Hayvan;39;46235;0,5
Mardin;Yeþilli;KAZ;Kanatlý Hayvan;45;46024;0,5
Mardin;Artuklu;ÖRDEK;Kanatlý Hayvan;263;46093;46025
Mardin;Dargeçit;ÖRDEK;Kanatlý Hayvan;0;0;0
Mardin;Derik;ÖRDEK;Kanatlý Hayvan;325;46068;46237
Mardin;Kýzýltepe;ÖRDEK;Kanatlý Hayvan;1250;58,5;46187
Mardin;Mazýdaðý;ÖRDEK;Kanatlý Hayvan;271;46215;46056
Mardin;Midyat;ÖRDEK;Kanatlý Hayvan;270;46185;46056
Mardin;Nusaybin;ÖRDEK;Kanatlý Hayvan;430;46042;5
Mardin;Ömerli;ÖRDEK;Kanatlý Hayvan;48;46055;0,6
Mardin;Savur;ÖRDEK;Kanatlý Hayvan;32;46143;0,4
Mardin;Yeþilli;ÖRDEK;Kanatlý Hayvan;35;46174;0,4
Mardin;Artuklu;YUMURTA TAVUÐU;Kanatlý Hayvan;390000;21352,5;5339,1
Mardin;Dargeçit;YUMURTA TAVUÐU;Kanatlý Hayvan;5000;273,8;68,4
Mardin;Derik;YUMURTA TAVUÐU;Kanatlý Hayvan;12227;669,4;167,4
Mardin;Kýzýltepe;YUMURTA TAVUÐU;Kanatlý Hayvan;398500;21817,9;5455,5
Mardin;Mazýdaðý;YUMURTA TAVUÐU;Kanatlý Hayvan;22147;1212,5;303,2
Mardin;Midyat;YUMURTA TAVUÐU;Kanatlý Hayvan;300000;16425;4107
Mardin;Nusaybin;YUMURTA TAVUÐU;Kanatlý Hayvan;24500;1341,4;335,4
Mardin;Ömerli;YUMURTA TAVUÐU;Kanatlý Hayvan;9200;503,7;125,9
Mardin;Savur;YUMURTA TAVUÐU;Kanatlý Hayvan;4000;219;54,8
Mardin;Yeþilli;YUMURTA TAVUÐU;Kanatlý Hayvan;240000;13140;3285,6
Muðla;Bodrum;AT;Büyükbaþ Hayvan;100;547,5;46267
Muðla;Dalaman;AT;Büyükbaþ Hayvan;13;71,2;0,4
Muðla;Datça;AT;Büyükbaþ Hayvan;11;60,2;0,3
Muðla;Fethiye;AT;Büyükbaþ Hayvan;82;449;46114
Muðla;Köyceðiz;AT;Büyükbaþ Hayvan;88;481,8;46175
Muðla;Marmaris;AT;Büyükbaþ Hayvan;62;339,5;46235
Muðla;Menteþe;AT;Büyükbaþ Hayvan;256;1401,6;46149
Muðla;Milas;AT;Büyükbaþ Hayvan;357;1954,6;46152
Muðla;Ortaca;AT;Büyükbaþ Hayvan;32;175,2;0,9
Muðla;Seydikemer;AT;Büyükbaþ Hayvan;519;2841,5;46068
Muðla;Ula;AT;Büyükbaþ Hayvan;62;339,5;46235
Muðla;Yataðan;AT;Büyükbaþ Hayvan;139;761;46026
Muðla;Bodrum;DEVE;Büyükbaþ Hayvan;120;1226,4;46243
Muðla;Fethiye;DEVE;Büyükbaþ Hayvan;4;40,9;0,3
Muðla;Milas;DEVE;Büyükbaþ Hayvan;31;316,8;46144
Muðla;Seydikemer;DEVE;Büyükbaþ Hayvan;4;40,9;0,3
Muðla;Yataðan;DEVE;Büyükbaþ Hayvan;3;46233;0,2
Muðla;Bodrum;EÞEK;Büyükbaþ Hayvan;112;306,6;1
Muðla;Dalaman;EÞEK;Büyükbaþ Hayvan;65;177,9;0,6
Muðla;Datça;EÞEK;Büyükbaþ Hayvan;81;221,7;0,7
Muðla;Fethiye;EÞEK;Büyükbaþ Hayvan;158;432,5;46113
Muðla;Kavaklýdere;EÞEK;Büyükbaþ Hayvan;370;1012,9;46084
Muðla;Köyceðiz;EÞEK;Büyükbaþ Hayvan;62;169,7;0,5
Muðla;Marmaris;EÞEK;Büyükbaþ Hayvan;145;396,9;46082
Muðla;Menteþe;EÞEK;Büyükbaþ Hayvan;208;569,4;46235
Muðla;Milas;EÞEK;Büyükbaþ Hayvan;376;1029,3;46084
Muðla;Seydikemer;EÞEK;Büyükbaþ Hayvan;540;1478,3;46207
Muðla;Ula;EÞEK;Büyükbaþ Hayvan;65;177,9;0,6
Muðla;Yataðan;EÞEK;Büyükbaþ Hayvan;593;1623,3;46058
Muðla;Bodrum;KATIR;Büyükbaþ Hayvan;34;148,9;0,6
Muðla;Dalaman;KATIR;Büyükbaþ Hayvan;19;83,2;0,4
Muðla;Datça;KATIR;Büyükbaþ Hayvan;1;46116;0
Muðla;Fethiye;KATIR;Büyükbaþ Hayvan;31;135,8;0,6
Muðla;Köyceðiz;KATIR;Büyükbaþ Hayvan;52;227,8;1
Muðla;Marmaris;KATIR;Büyükbaþ Hayvan;25;109,5;0,5
Muðla;Menteþe;KATIR;Büyükbaþ Hayvan;136;595,7;46175
Muðla;Milas;KATIR;Büyükbaþ Hayvan;159;696,4;3
Muðla;Seydikemer;KATIR;Büyükbaþ Hayvan;371;1625;7
Muðla;Ula;KATIR;Büyükbaþ Hayvan;27;118,3;0,5
Muðla;Yataðan;KATIR;Büyükbaþ Hayvan;141;617,6;46175
Muðla;Bodrum;SIÐIR (KÜLTÜR);Büyükbaþ Hayvan;3045;27785,6;223,1
Muðla;Dalaman;SIÐIR (KÜLTÜR);Büyükbaþ Hayvan;4024;36719;294,9
Muðla;Datça;SIÐIR (KÜLTÜR);Büyükbaþ Hayvan;654;5967,8;47,9
Muðla;Fethiye;SIÐIR (KÜLTÜR);Büyükbaþ Hayvan;1592;14527;116,7
Muðla;Kavaklýdere;SIÐIR (KÜLTÜR);Büyükbaþ Hayvan;3215;29336,9;235,6
Muðla;Köyceðiz;SIÐIR (KÜLTÜR);Büyükbaþ Hayvan;9246;84369,8;677,5
Muðla;Marmaris;SIÐIR (KÜLTÜR);Büyükbaþ Hayvan;994;9070,3;72,8
Muðla;Menteþe;SIÐIR (KÜLTÜR);Büyükbaþ Hayvan;20076;183193,5;1471,1
Muðla;Milas;SIÐIR (KÜLTÜR);Büyükbaþ Hayvan;87825;801403,1;6435,5
Muðla;Ortaca;SIÐIR (KÜLTÜR);Büyükbaþ Hayvan;6184;56429;453,1
Muðla;Seydikemer;SIÐIR (KÜLTÜR);Büyükbaþ Hayvan;32353;295221,1;2370,7
Muðla;Ula;SIÐIR (KÜLTÜR);Büyükbaþ Hayvan;8091;73830,4;592,9
Muðla;Yataðan;SIÐIR (KÜLTÜR);Büyükbaþ Hayvan;22098;201644,3;1619,3
Muðla;Bodrum;SIÐIR (MELEZ);Büyükbaþ Hayvan;11200;73584;472,7
Muðla;Dalaman;SIÐIR (MELEZ);Büyükbaþ Hayvan;3060;20104,2;129,2
Muðla;Datça;SIÐIR (MELEZ);Büyükbaþ Hayvan;815;5354,6;34,4
Muðla;Fethiye;SIÐIR (MELEZ);Büyükbaþ Hayvan;1431;9401,7;60,4
Muðla;Kavaklýdere;SIÐIR (MELEZ);Büyükbaþ Hayvan;650;4270,5;46139
Muðla;Köyceðiz;SIÐIR (MELEZ);Büyükbaþ Hayvan;1568;10301,8;66,2
Muðla;Marmaris;SIÐIR (MELEZ);Büyükbaþ Hayvan;1527;10032,4;64,5
Muðla;Menteþe;SIÐIR (MELEZ);Büyükbaþ Hayvan;3587;23566,6;151,4
Muðla;Milas;SIÐIR (MELEZ);Büyükbaþ Hayvan;8785;57717,5;370,8
Muðla;Ortaca;SIÐIR (MELEZ);Büyükbaþ Hayvan;1025;6734,3;43,3
Muðla;Seydikemer;SIÐIR (MELEZ);Büyükbaþ Hayvan;5762;37856,3;243,2
Muðla;Ula;SIÐIR (MELEZ);Büyükbaþ Hayvan;1800;11826;76
Muðla;Yataðan;SIÐIR (MELEZ);Büyükbaþ Hayvan;3350;22009,5;141,4
Muðla;Bodrum;SIÐIR (YERLÝ);Büyükbaþ Hayvan;743;4067,9;46255
Muðla;Dalaman;SIÐIR (YERLÝ);Büyükbaþ Hayvan;44;240,9;46082
Muðla;Datça;SIÐIR (YERLÝ);Büyükbaþ Hayvan;20;109,5;0,6
Muðla;Fethiye;SIÐIR (YERLÝ);Büyükbaþ Hayvan;507;2775,8;46279
Muðla;Köyceðiz;SIÐIR (YERLÝ);Büyükbaþ Hayvan;127;695,3;46206
Muðla;Marmaris;SIÐIR (YERLÝ);Büyükbaþ Hayvan;1799;9849,5;52,7
Muðla;Menteþe;SIÐIR (YERLÝ);Büyükbaþ Hayvan;407;2228,3;46276
Muðla;Milas;SIÐIR (YERLÝ);Büyükbaþ Hayvan;5374;29422,7;157,5
Muðla;Ortaca;SIÐIR (YERLÝ);Büyükbaþ Hayvan;28;153,3;0,8
Muðla;Seydikemer;SIÐIR (YERLÝ);Büyükbaþ Hayvan;669;3662,8;46192
Muðla;Ula;SIÐIR (YERLÝ);Büyükbaþ Hayvan;278;1522,1;46030
Muðla;Yataðan;SIÐIR (YERLÝ);Büyükbaþ Hayvan;2059;11273;60,4
Muðla;Bodrum;KEÇÝ (KIL);Küçükbaþ Hayvan;4248;3101;5
Muðla;Dalaman;KEÇÝ (KIL);Küçükbaþ Hayvan;6011;4388;7
Muðla;Datça;KEÇÝ (KIL);Küçükbaþ Hayvan;2631;1920,6;46025
Muðla;Fethiye;KEÇÝ (KIL);Küçükbaþ Hayvan;46850;34200,5;54,9
Muðla;Kavaklýdere;KEÇÝ (KIL);Küçükbaþ Hayvan;3356;2449,9;46268
Muðla;Köyceðiz;KEÇÝ (KIL);Küçükbaþ Hayvan;18062;13185,3;46074
Muðla;Marmaris;KEÇÝ (KIL);Küçükbaþ Hayvan;11011;8038;46277
Muðla;Menteþe;KEÇÝ (KIL);Küçükbaþ Hayvan;26574;19399;31,2
Muðla;Milas;KEÇÝ (KIL);Küçükbaþ Hayvan;24281;17725,1;46170
Muðla;Ortaca;KEÇÝ (KIL);Küçükbaþ Hayvan;3131;2285,6;46206
Muðla;Seydikemer;KEÇÝ (KIL);Küçükbaþ Hayvan;42588;31089,2;49,9
Muðla;Ula;KEÇÝ (KIL);Küçükbaþ Hayvan;12628;9218,4;46248
Muðla;Yataðan;KEÇÝ (KIL);Küçükbaþ Hayvan;24471;17863,8;46231
Muðla;Bodrum;KOYUN (MERÝNOS);Küçükbaþ Hayvan;835;914,3;46055
Muðla;Dalaman;KOYUN (MERÝNOS);Küçükbaþ Hayvan;3968;4345;46152
Muðla;Datça;KOYUN (MERÝNOS);Küçükbaþ Hayvan;15;46128;0
Muðla;Fethiye;KOYUN (MERÝNOS);Küçükbaþ Hayvan;1208;1322,8;46056
Muðla;Marmaris;KOYUN (MERÝNOS);Küçükbaþ Hayvan;23;46078;0,1
Muðla;Menteþe;KOYUN (MERÝNOS);Küçükbaþ Hayvan;438;479,6;46054
Muðla;Milas;KOYUN (MERÝNOS);Küçükbaþ Hayvan;1309;1433,4;46145
Muðla;Ortaca;KOYUN (MERÝNOS);Küçükbaþ Hayvan;120;131,4;0,3
Muðla;Seydikemer;KOYUN (MERÝNOS);Küçükbaþ Hayvan;2689;2944,5;46029
Muðla;Ula;KOYUN (MERÝNOS);Küçükbaþ Hayvan;731;800,4;46266
Muðla;Yataðan;KOYUN (MERÝNOS);Küçükbaþ Hayvan;11258;12327,5;46232
Muðla;Bodrum;KOYUN (YERLÝ);Küçükbaþ Hayvan;5158;5648;46186
Muðla;Dalaman;KOYUN (YERLÝ);Küçükbaþ Hayvan;4399;4816,9;46184
Muðla;Datça;KOYUN (YERLÝ);Küçükbaþ Hayvan;1071;1172,7;46236
Muðla;Fethiye;KOYUN (YERLÝ);Küçükbaþ Hayvan;19390;21232,1;51,1
Muðla;Kavaklýdere;KOYUN (YERLÝ);Küçükbaþ Hayvan;730;799,4;46266
Muðla;Köyceðiz;KOYUN (YERLÝ);Küçükbaþ Hayvan;9020;9876,9;46257
Muðla;Marmaris;KOYUN (YERLÝ);Küçükbaþ Hayvan;3269;3579,6;46181
Muðla;Menteþe;KOYUN (YERLÝ);Küçükbaþ Hayvan;13226;14482,5;34,9
Muðla;Milas;KOYUN (YERLÝ);Küçükbaþ Hayvan;28523;31232,7;75,2
Muðla;Ortaca;KOYUN (YERLÝ);Küçükbaþ Hayvan;4879;5342,5;46277
Muðla;Seydikemer;KOYUN (YERLÝ);Küçükbaþ Hayvan;55550;60827,3;146,5
Muðla;Ula;KOYUN (YERLÝ);Küçükbaþ Hayvan;3731;4085,4;46243
Muðla;Yataðan;KOYUN (YERLÝ);Küçükbaþ Hayvan;2236;2448,4;46270
Muðla;Bodrum;ET TAVUÐU;Kanatlý Hayvan;0;0;0
Muðla;Dalaman;ET TAVUÐU;Kanatlý Hayvan;0;0;0
Muðla;Datça;ET TAVUÐU;Kanatlý Hayvan;0;0;0
Muðla;Fethiye;ET TAVUÐU;Kanatlý Hayvan;0;0;0
Muðla;Kavaklýdere;ET TAVUÐU;Kanatlý Hayvan;0;0;0
Muðla;Köyceðiz;ET TAVUÐU;Kanatlý Hayvan;0;0;0
Muðla;Menteþe;ET TAVUÐU;Kanatlý Hayvan;0;0;0
Muðla;Milas;ET TAVUÐU;Kanatlý Hayvan;25000;675;168,8
Muðla;Ortaca;ET TAVUÐU;Kanatlý Hayvan;0;0;0
Muðla;Seydikemer;ET TAVUÐU;Kanatlý Hayvan;0;0;0
Muðla;Ula;ET TAVUÐU;Kanatlý Hayvan;0;0;0
Muðla;Yataðan;ET TAVUÐU;Kanatlý Hayvan;0;0;0
Muðla;Bodrum;HÝNDÝ;Kanatlý Hayvan;2500;93,8;46135
Muðla;Dalaman;HÝNDÝ;Kanatlý Hayvan;12;0,5;0,1
Muðla;Datça;HÝNDÝ;Kanatlý Hayvan;51;46266;0,5
Muðla;Fethiye;HÝNDÝ;Kanatlý Hayvan;1350;50,6;46215
Muðla;Kavaklýdere;HÝNDÝ;Kanatlý Hayvan;30;46023;0,3
Muðla;Köyceðiz;HÝNDÝ;Kanatlý Hayvan;540;46101;46027
Muðla;Marmaris;HÝNDÝ;Kanatlý Hayvan;90;46115;0,8
Muðla;Menteþe;HÝNDÝ;Kanatlý Hayvan;1130;42,4;46183
Muðla;Milas;HÝNDÝ;Kanatlý Hayvan;45000;1687,5;422
Muðla;Ortaca;HÝNDÝ;Kanatlý Hayvan;504;46283;46207
Muðla;Seydikemer;HÝNDÝ;Kanatlý Hayvan;4200;157,5;39,4
Muðla;Ula;HÝNDÝ;Kanatlý Hayvan;265;46274;46144
Muðla;Yataðan;HÝNDÝ;Kanatlý Hayvan;9123;342,1;85,5
Muðla;Bodrum;KAZ;Kanatlý Hayvan;820;38,4;46182
Muðla;Dalaman;KAZ;Kanatlý Hayvan;81;46237;0,9
Muðla;Datça;KAZ;Kanatlý Hayvan;51;46114;0,6
Muðla;Fethiye;KAZ;Kanatlý Hayvan;300;14;46145
Muðla;Kavaklýdere;KAZ;Kanatlý Hayvan;25;46054;0,3
Muðla;Köyceðiz;KAZ;Kanatlý Hayvan;610;46170;46029
Muðla;Marmaris;KAZ;Kanatlý Hayvan;35;46174;0,4
Muðla;Menteþe;KAZ;Kanatlý Hayvan;94;46116;46023
Muðla;Milas;KAZ;Kanatlý Hayvan;460;46163;46117
Muðla;Ortaca;KAZ;Kanatlý Hayvan;246;46153;46267
Muðla;Seydikemer;KAZ;Kanatlý Hayvan;400;46221;46207
Muðla;Ula;KAZ;Kanatlý Hayvan;163;46180;46266
Muðla;Yataðan;KAZ;Kanatlý Hayvan;241;46092;46236
Muðla;Bodrum;ÖRDEK;Kanatlý Hayvan;750;35,1;46242
Muðla;Dalaman;ÖRDEK;Kanatlý Hayvan;130;46028;46143
Muðla;Datça;ÖRDEK;Kanatlý Hayvan;51;46114;0,6
Muðla;Fethiye;ÖRDEK;Kanatlý Hayvan;210;46243;46144
Muðla;Kavaklýdere;ÖRDEK;Kanatlý Hayvan;;0;0
Muðla;Köyceðiz;ÖRDEK;Kanatlý Hayvan;2085;97,6;46136
Muðla;Marmaris;ÖRDEK;Kanatlý Hayvan;25;46054;0,3
Muðla;Menteþe;ÖRDEK;Kanatlý Hayvan;340;46280;4
Muðla;Milas;ÖRDEK;Kanatlý Hayvan;521;46136;46028
Muðla;Ortaca;ÖRDEK;Kanatlý Hayvan;495;46076;46239
Muðla;Seydikemer;ÖRDEK;Kanatlý Hayvan;2500;117;46110
Muðla;Ula;ÖRDEK;Kanatlý Hayvan;330;46127;46268
Muðla;Yataðan;ÖRDEK;Kanatlý Hayvan;289;46155;46115
Muðla;Bodrum;YUMURTA TAVUÐU;Kanatlý Hayvan;27000;1478,3;369,6
Muðla;Dalaman;YUMURTA TAVUÐU;Kanatlý Hayvan;19989;1094,4;273,6
Muðla;Datça;YUMURTA TAVUÐU;Kanatlý Hayvan;8401;460;115
Muðla;Fethiye;YUMURTA TAVUÐU;Kanatlý Hayvan;28500;1560,4;390,2
Muðla;Kavaklýdere;YUMURTA TAVUÐU;Kanatlý Hayvan;7300;399,7;99,9
Muðla;Köyceðiz;YUMURTA TAVUÐU;Kanatlý Hayvan;34850;1908;477,1
Muðla;Marmaris;YUMURTA TAVUÐU;Kanatlý Hayvan;3100;169,7;42,4
Muðla;Menteþe;YUMURTA TAVUÐU;Kanatlý Hayvan;12530;686;171,5
Muðla;Milas;YUMURTA TAVUÐU;Kanatlý Hayvan;157500;8623,1;2156,2
Muðla;Ortaca;YUMURTA TAVUÐU;Kanatlý Hayvan;40112;2196,1;549,1
Muðla;Seydikemer;YUMURTA TAVUÐU;Kanatlý Hayvan;87000;4763,3;1191
Muðla;Ula;YUMURTA TAVUÐU;Kanatlý Hayvan;20090;1099,9;275
Muðla;Yataðan;YUMURTA TAVUÐU;Kanatlý Hayvan;44123;2415,7;604
Muþ;Bulanýk;AT;Büyükbaþ Hayvan;283;1549,4;46089
Muþ;Hasköy;AT;Büyükbaþ Hayvan;83;454,4;46114
Muþ;Korkut;AT;Büyükbaþ Hayvan;116;635,1;46115
Muþ;Malazgirt;AT;Büyükbaþ Hayvan;202;1106;46270
Muþ;Merkez;AT;Büyükbaþ Hayvan;948;5190,3;46261
Muþ;Varto;AT;Büyükbaþ Hayvan;997;5458,6;29,2
Muþ;Bulanýk;EÞEK;Büyükbaþ Hayvan;403;1103,2;46145
Muþ;Hasköy;EÞEK;Büyükbaþ Hayvan;22;60,2;0,2
Muþ;Korkut;EÞEK;Büyükbaþ Hayvan;26;71,2;0,2
Muþ;Malazgirt;EÞEK;Büyükbaþ Hayvan;136;372,3;46054
Muþ;Merkez;EÞEK;Büyükbaþ Hayvan;1610;4407,4;46067
Muþ;Varto;EÞEK;Büyükbaþ Hayvan;404;1106;46176
Muþ;Bulanýk;KATIR;Büyükbaþ Hayvan;167;731,5;46025
Muþ;Merkez;KATIR;Büyükbaþ Hayvan;175;766,5;46084
Muþ;Bulanýk;MANDA;Büyükbaþ Hayvan;543;3963,9;46232
Muþ;Hasköy;MANDA;Büyükbaþ Hayvan;1666;12161,8;91,2
Muþ;Korkut;MANDA;Büyükbaþ Hayvan;2716;19826,8;148,6
Muþ;Malazgirt;MANDA;Büyükbaþ Hayvan;77;562,1;46057
Muþ;Merkez;MANDA;Büyükbaþ Hayvan;2301;16797,3;125,9
Muþ;Varto;MANDA;Büyükbaþ Hayvan;39;284,7;46024
Muþ;Bulanýk;SIÐIR (KÜLTÜR);Büyükbaþ Hayvan;16052;146474,5;1176,2
Muþ;Hasköy;SIÐIR (KÜLTÜR);Büyükbaþ Hayvan;6670;60863,8;488,8
Muþ;Korkut;SIÐIR (KÜLTÜR);Büyükbaþ Hayvan;5211;47550,4;381,8
Muþ;Malazgirt;SIÐIR (KÜLTÜR);Büyükbaþ Hayvan;20188;184215,5;1479,3
Muþ;Merkez;SIÐIR (KÜLTÜR);Büyükbaþ Hayvan;19651;179315,4;1439,9
Muþ;Varto;SIÐIR (KÜLTÜR);Büyükbaþ Hayvan;2100;19162,5;153,9
Muþ;Bulanýk;SIÐIR (MELEZ);Büyükbaþ Hayvan;50144;329446,1;2116,4
Muþ;Hasköy;SIÐIR (MELEZ);Büyükbaþ Hayvan;8800;57816;371,4
Muþ;Korkut;SIÐIR (MELEZ);Büyükbaþ Hayvan;9633;63288,8;406,6
Muþ;Malazgirt;SIÐIR (MELEZ);Büyükbaþ Hayvan;32253;211902,2;1361,3
Muþ;Merkez;SIÐIR (MELEZ);Büyükbaþ Hayvan;27560;181069,2;1163,2
Muþ;Varto;SIÐIR (MELEZ);Büyükbaþ Hayvan;21074;138456,2;889,5
Muþ;Bulanýk;SIÐIR (YERLÝ);Büyükbaþ Hayvan;36706;200965,4;1075,9
Muþ;Hasköy;SIÐIR (YERLÝ);Büyükbaþ Hayvan;7004;38346,9;205,3
Muþ;Korkut;SIÐIR (YERLÝ);Büyükbaþ Hayvan;7462;40854,5;218,7
Muþ;Malazgirt;SIÐIR (YERLÝ);Büyükbaþ Hayvan;12374;67747,7;362,7
Muþ;Merkez;SIÐIR (YERLÝ);Büyükbaþ Hayvan;13563;74257,4;397,5
Muþ;Varto;SIÐIR (YERLÝ);Büyükbaþ Hayvan;2755;15083,6;80,8
Muþ;Bulanýk;KEÇÝ (KIL);Küçükbaþ Hayvan;23300;17009;46108
Muþ;Hasköy;KEÇÝ (KIL);Küçükbaþ Hayvan;14720;10745,6;46098
Muþ;Korkut;KEÇÝ (KIL);Küçükbaþ Hayvan;27190;19848,7;31,9
Muþ;Malazgirt;KEÇÝ (KIL);Küçükbaþ Hayvan;5758;4203,3;46240
Muþ;Merkez;KEÇÝ (KIL);Küçükbaþ Hayvan;113160;82606,8;132,7
Muþ;Varto;KEÇÝ (KIL);Küçükbaþ Hayvan;27170;19834,1;31,9
Muþ;Bulanýk;KOYUN (YERLÝ);Küçükbaþ Hayvan;119886;131275,2;316,3
Muþ;Hasköy;KOYUN (YERLÝ);Küçükbaþ Hayvan;27700;30331,5;73,1
Muþ;Korkut;KOYUN (YERLÝ);Küçükbaþ Hayvan;81984;89772,5;216,3
Muþ;Malazgirt;KOYUN (YERLÝ);Küçükbaþ Hayvan;35636;39021,4;94
Muþ;Merkez;KOYUN (YERLÝ);Küçükbaþ Hayvan;368590;403606,1;972,3
Muþ;Varto;KOYUN (YERLÝ);Küçükbaþ Hayvan;196008;214628,8;517,1
Muþ;Bulanýk;ET TAVUÐU;Kanatlý Hayvan;0;0;0
Muþ;Korkut;ET TAVUÐU;Kanatlý Hayvan;0;0;0
Muþ;Varto;ET TAVUÐU;Kanatlý Hayvan;0;0;0
Muþ;Bulanýk;HÝNDÝ;Kanatlý Hayvan;18106;679;169,8
Muþ;Hasköy;HÝNDÝ;Kanatlý Hayvan;5300;198,8;49,7
Muþ;Korkut;HÝNDÝ;Kanatlý Hayvan;2854;107;46260
Muþ;Malazgirt;HÝNDÝ;Kanatlý Hayvan;19227;721;180,3
Muþ;Merkez;HÝNDÝ;Kanatlý Hayvan;16793;629,7;157,5
Muþ;Varto;HÝNDÝ;Kanatlý Hayvan;14204;532,7;133,2
Muþ;Bulanýk;KAZ;Kanatlý Hayvan;30352;1420,5;355,2
Muþ;Hasköy;KAZ;Kanatlý Hayvan;1850;86,6;46194
Muþ;Korkut;KAZ;Kanatlý Hayvan;1968;92,1;23
Muþ;Malazgirt;KAZ;Kanatlý Hayvan;32683;1529,6;382,5
Muþ;Merkez;KAZ;Kanatlý Hayvan;16549;774,5;193,7
Muþ;Varto;KAZ;Kanatlý Hayvan;9352;437,7;109,4
Muþ;Bulanýk;ÖRDEK;Kanatlý Hayvan;4930;230,7;57,7
Muþ;Hasköy;ÖRDEK;Kanatlý Hayvan;430;46042;5
Muþ;Korkut;ÖRDEK;Kanatlý Hayvan;521;46136;46028
Muþ;Malazgirt;ÖRDEK;Kanatlý Hayvan;18452;863,6;215,9
Muþ;Merkez;ÖRDEK;Kanatlý Hayvan;8379;392,1;98,1
Muþ;Varto;ÖRDEK;Kanatlý Hayvan;3716;173,9;43,5
Muþ;Bulanýk;YUMURTA TAVUÐU;Kanatlý Hayvan;42360;2319,2;579,9
Muþ;Hasköy;YUMURTA TAVUÐU;Kanatlý Hayvan;30400;1664,4;416,2
Muþ;Korkut;YUMURTA TAVUÐU;Kanatlý Hayvan;4852;265,6;66,4
Muþ;Malazgirt;YUMURTA TAVUÐU;Kanatlý Hayvan;44596;2441,6;610,5
Muþ;Merkez;YUMURTA TAVUÐU;Kanatlý Hayvan;124342;6807,7;1702,2
Muþ;Varto;YUMURTA TAVUÐU;Kanatlý Hayvan;58912;3225,4;806,5
Nevþehir;Acýgöl;AT;Büyükbaþ Hayvan;11;60,2;0,3
Nevþehir;Avanos;AT;Büyükbaþ Hayvan;144;788,4;46057
Nevþehir;Derinkuyu;AT;Büyükbaþ Hayvan;6;32,9;0,2
Nevþehir;Gülþehir;AT;Büyükbaþ Hayvan;10;54,8;0,3
Nevþehir;Hacýbektaþ;AT;Büyükbaþ Hayvan;3;46128;0,1
Nevþehir;Kozaklý;AT;Büyükbaþ Hayvan;8;43,8;0,2
Nevþehir;Merkez;AT;Büyükbaþ Hayvan;128;700,8;46237
Nevþehir;Ürgüp;AT;Büyükbaþ Hayvan;88;481,8;46175
Nevþehir;Merkez;DEVE;Büyükbaþ Hayvan;14;143,1;46023
Nevþehir;Acýgöl;EÞEK;Büyükbaþ Hayvan;127;347,7;46023
Nevþehir;Avanos;EÞEK;Büyükbaþ Hayvan;125;342,2;46023
Nevþehir;Derinkuyu;EÞEK;Büyükbaþ Hayvan;39;106,8;0,3
Nevþehir;Gülþehir;EÞEK;Büyükbaþ Hayvan;70;191,6;0,6
Nevþehir;Hacýbektaþ;EÞEK;Büyükbaþ Hayvan;30;82,1;0,3
Nevþehir;Kozaklý;EÞEK;Büyükbaþ Hayvan;35;95,8;0,3
Nevþehir;Merkez;EÞEK;Büyükbaþ Hayvan;7;46072;0,1
Nevþehir;Ürgüp;EÞEK;Büyükbaþ Hayvan;16;43,8;0,1
Nevþehir;Ürgüp;KATIR;Büyükbaþ Hayvan;6;46107;0,1
Nevþehir;Acýgöl;MANDA;Büyükbaþ Hayvan;9;65,7;0,5
Nevþehir;Kozaklý;MANDA;Büyükbaþ Hayvan;28;204,4;46143
Nevþehir;Merkez;MANDA;Büyükbaþ Hayvan;19;138,7;1
Nevþehir;Acýgöl;SIÐIR (KÜLTÜR);Büyükbaþ Hayvan;6710;61228,8;491,7
Nevþehir;Avanos;SIÐIR (KÜLTÜR);Büyükbaþ Hayvan;10550;96268,8;773,1
Nevþehir;Derinkuyu;SIÐIR (KÜLTÜR);Büyükbaþ Hayvan;9635;87919,4;706
Nevþehir;Gülþehir;SIÐIR (KÜLTÜR);Büyükbaþ Hayvan;7180;65517,5;526,1
Nevþehir;Hacýbektaþ;SIÐIR (KÜLTÜR);Büyükbaþ Hayvan;7772;70919,5;569,5
Nevþehir;Kozaklý;SIÐIR (KÜLTÜR);Büyükbaþ Hayvan;3776;34456;276,7
Nevþehir;Merkez;SIÐIR (KÜLTÜR);Büyükbaþ Hayvan;6849;62497,1;501,9
Nevþehir;Ürgüp;SIÐIR (KÜLTÜR);Büyükbaþ Hayvan;3982;36335,8;291,8
Nevþehir;Acýgöl;SIÐIR (MELEZ);Büyükbaþ Hayvan;3500;22995;147,7
Nevþehir;Avanos;SIÐIR (MELEZ);Büyükbaþ Hayvan;6226;40904,8;262,8
Nevþehir;Derinkuyu;SIÐIR (MELEZ);Büyükbaþ Hayvan;4404;28934,3;185,9
Nevþehir;Gülþehir;SIÐIR (MELEZ);Büyükbaþ Hayvan;6098;40063,9;257,4
Nevþehir;Hacýbektaþ;SIÐIR (MELEZ);Büyükbaþ Hayvan;1475;9690,8;62,3
Nevþehir;Kozaklý;SIÐIR (MELEZ);Büyükbaþ Hayvan;5245;34459,7;221,4
Nevþehir;Merkez;SIÐIR (MELEZ);Büyükbaþ Hayvan;4023;26431,1;169,8
Nevþehir;Ürgüp;SIÐIR (MELEZ);Büyükbaþ Hayvan;2350;15439,5;99,2
Nevþehir;Acýgöl;SIÐIR (YERLÝ);Büyükbaþ Hayvan;100;547,5;46267
Nevþehir;Avanos;SIÐIR (YERLÝ);Büyükbaþ Hayvan;35;191,6;1
Nevþehir;Derinkuyu;SIÐIR (YERLÝ);Büyükbaþ Hayvan;4;46286;0,1
Nevþehir;Gülþehir;SIÐIR (YERLÝ);Büyükbaþ Hayvan;18;98,6;0,5
Nevþehir;Hacýbektaþ;SIÐIR (YERLÝ);Büyükbaþ Hayvan;11;60,2;0,3
Nevþehir;Kozaklý;SIÐIR (YERLÝ);Büyükbaþ Hayvan;504;2759,4;46248
Nevþehir;Merkez;SIÐIR (YERLÝ);Büyükbaþ Hayvan;128;700,8;46237
Nevþehir;Ürgüp;SIÐIR (YERLÝ);Büyükbaþ Hayvan;52;284,7;46143
Nevþehir;Acýgöl;KEÇÝ (KIL);Küçükbaþ Hayvan;500;365;0,6
Nevþehir;Avanos;KEÇÝ (KIL);Küçükbaþ Hayvan;2583;1885,6;3
Nevþehir;Derinkuyu;KEÇÝ (KIL);Küçükbaþ Hayvan;920;671,6;46023
Nevþehir;Gülþehir;KEÇÝ (KIL);Küçükbaþ Hayvan;3085;2252,1;46176
Nevþehir;Hacýbektaþ;KEÇÝ (KIL);Küçükbaþ Hayvan;363;265;0,4
Nevþehir;Kozaklý;KEÇÝ (KIL);Küçükbaþ Hayvan;261;190,5;0,3
Nevþehir;Merkez;KEÇÝ (KIL);Küçükbaþ Hayvan;1500;1095;46235
Nevþehir;Ürgüp;KEÇÝ (KIL);Küçükbaþ Hayvan;1600;1168;46266
Nevþehir;Merkez;KOYUN (MERÝNOS);Küçükbaþ Hayvan;580;635,1;46143
Nevþehir;Ürgüp;KOYUN (MERÝNOS);Küçükbaþ Hayvan;679;743,5;46235
Nevþehir;Acýgöl;KOYUN (YERLÝ);Küçükbaþ Hayvan;8000;8760;46043
Nevþehir;Avanos;KOYUN (YERLÝ);Küçükbaþ Hayvan;21650;23706,8;57,1
Nevþehir;Derinkuyu;KOYUN (YERLÝ);Küçükbaþ Hayvan;12469;13653,6;32,9
Nevþehir;Gülþehir;KOYUN (YERLÝ);Küçükbaþ Hayvan;38293;41930,8;101
Nevþehir;Hacýbektaþ;KOYUN (YERLÝ);Küçükbaþ Hayvan;15742;17237,5;41,5
Nevþehir;Kozaklý;KOYUN (YERLÝ);Küçükbaþ Hayvan;13805;15116,5;36,4
Nevþehir;Merkez;KOYUN (YERLÝ);Küçükbaþ Hayvan;14420;15789,9;38
Nevþehir;Ürgüp;KOYUN (YERLÝ);Küçükbaþ Hayvan;9520;10424,4;46047
Nevþehir;Acýgöl;ET TAVUÐU;Kanatlý Hayvan;0;0;0
Nevþehir;Avanos;ET TAVUÐU;Kanatlý Hayvan;0;0;0
Nevþehir;Derinkuyu;ET TAVUÐU;Kanatlý Hayvan;0;0;0
Nevþehir;Gülþehir;ET TAVUÐU;Kanatlý Hayvan;0;0;0
Nevþehir;Hacýbektaþ;ET TAVUÐU;Kanatlý Hayvan;0;0;0
Nevþehir;Kozaklý;ET TAVUÐU;Kanatlý Hayvan;79500;2146,5;536,7
Nevþehir;Merkez;ET TAVUÐU;Kanatlý Hayvan;0;0;0
Nevþehir;Ürgüp;ET TAVUÐU;Kanatlý Hayvan;0;0;0
Nevþehir;Acýgöl;HÝNDÝ;Kanatlý Hayvan;61;46083;0,6
Nevþehir;Avanos;HÝNDÝ;Kanatlý Hayvan;370;46278;46145
Nevþehir;Derinkuyu;HÝNDÝ;Kanatlý Hayvan;980;36,8;46062
Nevþehir;Gülþehir;HÝNDÝ;Kanatlý Hayvan;910;34,1;46150
Nevþehir;Hacýbektaþ;HÝNDÝ;Kanatlý Hayvan;625;46135;46270
Nevþehir;Kozaklý;HÝNDÝ;Kanatlý Hayvan;2250;84,4;46043
Nevþehir;Merkez;HÝNDÝ;Kanatlý Hayvan;238;46273;46055
Nevþehir;Ürgüp;HÝNDÝ;Kanatlý Hayvan;250;46121;46083
Nevþehir;Acýgöl;KAZ;Kanatlý Hayvan;186;46211;46055
Nevþehir;Avanos;KAZ;Kanatlý Hayvan;570;46229;46209
Nevþehir;Derinkuyu;KAZ;Kanatlý Hayvan;440;46193;46027
Nevþehir;Gülþehir;KAZ;Kanatlý Hayvan;710;33,2;46089
Nevþehir;Hacýbektaþ;KAZ;Kanatlý Hayvan;308;46126;46176
Nevþehir;Kozaklý;KAZ;Kanatlý Hayvan;1870;87,5;46286
Nevþehir;Merkez;KAZ;Kanatlý Hayvan;193;9;46083
Nevþehir;Ürgüp;KAZ;Kanatlý Hayvan;80;46206;0,9
Nevþehir;Acýgöl;ÖRDEK;Kanatlý Hayvan;101;46207;46054
Nevþehir;Avanos;ÖRDEK;Kanatlý Hayvan;410;46072;46238
Nevþehir;Derinkuyu;ÖRDEK;Kanatlý Hayvan;275;46277;46056
Nevþehir;Gülþehir;ÖRDEK;Kanatlý Hayvan;425;46284;5
Nevþehir;Hacýbektaþ;ÖRDEK;Kanatlý Hayvan;120;46178;46113
Nevþehir;Kozaklý;ÖRDEK;Kanatlý Hayvan;225;46152;46175
Nevþehir;Merkez;ÖRDEK;Kanatlý Hayvan;187;46242;46055
Nevþehir;Ürgüp;ÖRDEK;Kanatlý Hayvan;55;46175;0,6
Nevþehir;Acýgöl;YUMURTA TAVUÐU;Kanatlý Hayvan;12000;657;164,3
Nevþehir;Avanos;YUMURTA TAVUÐU;Kanatlý Hayvan;536520;29374,5;7344,9
Nevþehir;Derinkuyu;YUMURTA TAVUÐU;Kanatlý Hayvan;8430;461,5;115,4
Nevþehir;Gülþehir;YUMURTA TAVUÐU;Kanatlý Hayvan;90000;4927,5;1232,1
Nevþehir;Hacýbektaþ;YUMURTA TAVUÐU;Kanatlý Hayvan;9850;539,3;134,8
Nevþehir;Kozaklý;YUMURTA TAVUÐU;Kanatlý Hayvan;280500;15357,4;3840
Nevþehir;Merkez;YUMURTA TAVUÐU;Kanatlý Hayvan;4856;265,9;66,5
Nevþehir;Ürgüp;YUMURTA TAVUÐU;Kanatlý Hayvan;14000;766,5;191,7
Niðde;Altunhisar;AT;Büyükbaþ Hayvan;44;240,9;46082
Niðde;Bor;AT;Büyükbaþ Hayvan;160;876;46207
Niðde;Çamardý;AT;Büyükbaþ Hayvan;78;427,1;46083
Niðde;Çiftlik;AT;Büyükbaþ Hayvan;75;410,6;46055
Niðde;Merkez;AT;Büyükbaþ Hayvan;25;136,9;0,7
Niðde;Ulukýþla;AT;Büyükbaþ Hayvan;73;399,7;46024
Niðde;Altunhisar;EÞEK;Büyükbaþ Hayvan;422;1155,2;46206
Niðde;Bor;EÞEK;Büyükbaþ Hayvan;300;821,3;46175
Niðde;Çamardý;EÞEK;Büyükbaþ Hayvan;95;260,1;0,8
Niðde;Çiftlik;EÞEK;Büyükbaþ Hayvan;736;2014,8;46148
Niðde;Merkez;EÞEK;Büyükbaþ Hayvan;362;991;46056
Niðde;Ulukýþla;EÞEK;Büyükbaþ Hayvan;153;418,8;46082
Niðde;Altunhisar;KATIR;Büyükbaþ Hayvan;14;61,3;0,3
Niðde;Çamardý;KATIR;Büyükbaþ Hayvan;11;48,2;0,2
Niðde;Çiftlik;KATIR;Büyükbaþ Hayvan;29;127;0,5
Niðde;Ulukýþla;KATIR;Büyükbaþ Hayvan;12;52,6;0,2
Niðde;Merkez;MANDA;Büyükbaþ Hayvan;23;167,9;46082
Niðde;Altunhisar;SIÐIR (KÜLTÜR);Büyükbaþ Hayvan;7535;68756,9;552,1
Niðde;Bor;SIÐIR (KÜLTÜR);Büyükbaþ Hayvan;40930;373486,3;2999,2
Niðde;Çamardý;SIÐIR (KÜLTÜR);Büyükbaþ Hayvan;2725;24865,6;199,7
Niðde;Çiftlik;SIÐIR (KÜLTÜR);Büyükbaþ Hayvan;12612;115084,5;924,2
Niðde;Merkez;SIÐIR (KÜLTÜR);Büyükbaþ Hayvan;85236;777778,5;6245,8
Niðde;Ulukýþla;SIÐIR (KÜLTÜR);Büyükbaþ Hayvan;5441;49649,1;398,7
Niðde;Altunhisar;SIÐIR (MELEZ);Büyükbaþ Hayvan;1519;9979,8;64,1
Niðde;Bor;SIÐIR (MELEZ);Büyükbaþ Hayvan;2191;14394,9;92,5
Niðde;Çamardý;SIÐIR (MELEZ);Büyükbaþ Hayvan;2625;17246,3;110,8
Niðde;Çiftlik;SIÐIR (MELEZ);Büyükbaþ Hayvan;1560;10249,2;65,8
Niðde;Merkez;SIÐIR (MELEZ);Büyükbaþ Hayvan;8898;58459,9;375,6
Niðde;Ulukýþla;SIÐIR (MELEZ);Büyükbaþ Hayvan;552;3626,6;46104
Niðde;Altunhisar;SIÐIR (YERLÝ);Büyükbaþ Hayvan;34;186,2;1
Niðde;Bor;SIÐIR (YERLÝ);Büyükbaþ Hayvan;65;355,9;46266
Niðde;Çamardý;SIÐIR (YERLÝ);Büyükbaþ Hayvan;167;914,3;46269
Niðde;Çiftlik;SIÐIR (YERLÝ);Büyükbaþ Hayvan;28;153,3;0,8
Niðde;Merkez;SIÐIR (YERLÝ);Büyükbaþ Hayvan;159;870,5;46207
Niðde;Ulukýþla;SIÐIR (YERLÝ);Büyükbaþ Hayvan;177;969,1;46058
Niðde;Altunhisar;KEÇÝ (KIL);Küçükbaþ Hayvan;9757;7122,6;46123
Niðde;Bor;KEÇÝ (KIL);Küçükbaþ Hayvan;13003;9492,2;46068
Niðde;Çamardý;KEÇÝ (KIL);Küçükbaþ Hayvan;6230;4547,9;46088
Niðde;Çiftlik;KEÇÝ (KIL);Küçükbaþ Hayvan;4295;3135,4;5
Niðde;Merkez;KEÇÝ (KIL);Küçükbaþ Hayvan;8026;5859;46121
Niðde;Ulukýþla;KEÇÝ (KIL);Küçükbaþ Hayvan;31759;23184,1;37,2
Niðde;Altunhisar;KEÇÝ (TÝFTÝK);Küçükbaþ Hayvan;269;196,4;0,3
Niðde;Merkez;KEÇÝ (TÝFTÝK);Küçükbaþ Hayvan;224;163,5;0,3
Niðde;Ulukýþla;KEÇÝ (TÝFTÝK);Küçükbaþ Hayvan;579;422,7;0,7
Niðde;Altunhisar;KOYUN (MERÝNOS);Küçükbaþ Hayvan;379;415;1
Niðde;Çamardý;KOYUN (MERÝNOS);Küçükbaþ Hayvan;96;105,1;0,3
Niðde;Çiftlik;KOYUN (MERÝNOS);Küçükbaþ Hayvan;183;200,4;0,5
Niðde;Merkez;KOYUN (MERÝNOS);Küçükbaþ Hayvan;851;931,8;46055
Niðde;Ulukýþla;KOYUN (MERÝNOS);Küçükbaþ Hayvan;596;652,6;46174
Niðde;Altunhisar;KOYUN (YERLÝ);Küçükbaþ Hayvan;40635;44495,3;107,2
Niðde;Bor;KOYUN (YERLÝ);Küçükbaþ Hayvan;108028;118290,7;285
Niðde;Çamardý;KOYUN (YERLÝ);Küçükbaþ Hayvan;59500;65152,5;157
Niðde;Çiftlik;KOYUN (YERLÝ);Küçükbaþ Hayvan;44200;48399;116,6
Niðde;Merkez;KOYUN (YERLÝ);Küçükbaþ Hayvan;198406;217254,6;523,4
Niðde;Ulukýþla;KOYUN (YERLÝ);Küçükbaþ Hayvan;45953;50318,5;121,2
Niðde;Altunhisar;ET TAVUÐU;Kanatlý Hayvan;0;0;0
Niðde;Bor;ET TAVUÐU;Kanatlý Hayvan;0;0;0
Niðde;Çamardý;ET TAVUÐU;Kanatlý Hayvan;0;0;0
Niðde;Çiftlik;ET TAVUÐU;Kanatlý Hayvan;0;0;0
Niðde;Merkez;ET TAVUÐU;Kanatlý Hayvan;0;0;0
Niðde;Ulukýþla;ET TAVUÐU;Kanatlý Hayvan;400400;10810,8;2703,2
Niðde;Altunhisar;HÝNDÝ;Kanatlý Hayvan;206;46210;46266
Niðde;Bor;HÝNDÝ;Kanatlý Hayvan;987;37;46090
Niðde;Çamardý;HÝNDÝ;Kanatlý Hayvan;20;0,8;0,2
Niðde;Çiftlik;HÝNDÝ;Kanatlý Hayvan;1420;53,3;46094
Niðde;Merkez;HÝNDÝ;Kanatlý Hayvan;7895;296,1;74
Niðde;Ulukýþla;HÝNDÝ;Kanatlý Hayvan;286;46213;46205
Niðde;Altunhisar;KAZ;Kanatlý Hayvan;66;46025;0,8
Niðde;Bor;KAZ;Kanatlý Hayvan;176;46061;46024
Niðde;Çamardý;KAZ;Kanatlý Hayvan;7;0,3;0,1
Niðde;Çiftlik;KAZ;Kanatlý Hayvan;1348;63,1;46249
Niðde;Merkez;KAZ;Kanatlý Hayvan;5458;255,4;63,9
Niðde;Ulukýþla;KAZ;Kanatlý Hayvan;244;46123;46267
Niðde;Altunhisar;ÖRDEK;Kanatlý Hayvan;256;12;3
Niðde;Bor;ÖRDEK;Kanatlý Hayvan;105;46269;46054
Niðde;Çamardý;ÖRDEK;Kanatlý Hayvan;15;0,7;0,2
Niðde;Çiftlik;ÖRDEK;Kanatlý Hayvan;840;39,3;46243
Niðde;Merkez;ÖRDEK;Kanatlý Hayvan;3842;179,8;45
Niðde;Ulukýþla;ÖRDEK;Kanatlý Hayvan;152;46029;46235
Niðde;Altunhisar;YUMURTA TAVUÐU;Kanatlý Hayvan;6584;360,5;90,1
Niðde;Bor;YUMURTA TAVUÐU;Kanatlý Hayvan;158732;8690,6;2173
Niðde;Çamardý;YUMURTA TAVUÐU;Kanatlý Hayvan;13000;711,8;178
Niðde;Çiftlik;YUMURTA TAVUÐU;Kanatlý Hayvan;18400;1007,4;251,9
Niðde;Merkez;YUMURTA TAVUÐU;Kanatlý Hayvan;516492;28277,9;7070,8
Niðde;Ulukýþla;YUMURTA TAVUÐU;Kanatlý Hayvan;12173;666,5;166,6
Ordu;Akkuþ;AT;Büyükbaþ Hayvan;31;169,7;0,9
Ordu;Altýnordu;AT;Büyükbaþ Hayvan;133;728,2;46268
Ordu;Aybastý;AT;Büyükbaþ Hayvan;55;301,1;46174
Ordu;Çamaþ;AT;Büyükbaþ Hayvan;10;54,8;0,3
Ordu;Çatalpýnar;AT;Büyükbaþ Hayvan;5;46139;0,1
Ordu;Çaybaþý;AT;Büyükbaþ Hayvan;7;38,3;0,2
Ordu;Fatsa;AT;Büyükbaþ Hayvan;42;230;46054
Ordu;Gölköy;AT;Büyükbaþ Hayvan;49;268,3;46113
Ordu;Gülyalý;AT;Büyükbaþ Hayvan;38;208,1;46023
Ordu;Gürgentepe;AT;Büyükbaþ Hayvan;12;65,7;0,4
Ordu;Ýkizce;AT;Büyükbaþ Hayvan;15;82,1;0,4
Ordu;Kabadüz;AT;Büyükbaþ Hayvan;28;153,3;0,8
Ordu;Kabataþ;AT;Büyükbaþ Hayvan;14;76,7;0,4
Ordu;Korgan;AT;Büyükbaþ Hayvan;7;38,3;0,2
Ordu;Kumru;AT;Büyükbaþ Hayvan;10;54,8;0,3
Ordu;Mesudiye;AT;Büyükbaþ Hayvan;25;136,9;0,7
Ordu;Perþembe;AT;Büyükbaþ Hayvan;99;542;46267
Ordu;Ulubey;AT;Büyükbaþ Hayvan;8;43,8;0,2
Ordu;Ünye;AT;Büyükbaþ Hayvan;65;355,9;46266
Ordu;Akkuþ;EÞEK;Büyükbaþ Hayvan;130;355,9;46023
Ordu;Altýnordu;EÞEK;Büyükbaþ Hayvan;69;188,9;0,6
Ordu;Aybastý;EÞEK;Büyükbaþ Hayvan;11;46052;0,1
Ordu;Çamaþ;EÞEK;Büyükbaþ Hayvan;19;52;0,2
Ordu;Çatalpýnar;EÞEK;Büyükbaþ Hayvan;5;46216;0
Ordu;Çaybaþý;EÞEK;Büyükbaþ Hayvan;12;32,9;0,1
Ordu;Fatsa;EÞEK;Büyükbaþ Hayvan;37;101,3;0,3
Ordu;Gölköy;EÞEK;Büyükbaþ Hayvan;29;79,4;0,3
Ordu;Gülyalý;EÞEK;Büyükbaþ Hayvan;1;46205;0
Ordu;Gürgentepe;EÞEK;Büyükbaþ Hayvan;7;46072;0,1
Ordu;Ýkizce;EÞEK;Büyükbaþ Hayvan;70;191,6;0,6
Ordu;Kabataþ;EÞEK;Büyükbaþ Hayvan;33;90,3;0,3
Ordu;Korgan;EÞEK;Büyükbaþ Hayvan;2;46147;0
Ordu;Kumru;EÞEK;Büyükbaþ Hayvan;8;46286;0,1
Ordu;Mesudiye;EÞEK;Büyükbaþ Hayvan;37;101,3;0,3
Ordu;Perþembe;EÞEK;Büyükbaþ Hayvan;4;11;0
Ordu;Ulubey;EÞEK;Büyükbaþ Hayvan;7;46072;0,1
Ordu;Ünye;EÞEK;Büyükbaþ Hayvan;109;298,4;1
Ordu;Akkuþ;KATIR;Büyükbaþ Hayvan;165;722,7;46025
Ordu;Altýnordu;KATIR;Büyükbaþ Hayvan;138;604,4;46175
Ordu;Aybastý;KATIR;Büyükbaþ Hayvan;42;184;0,8
Ordu;Çamaþ;KATIR;Büyükbaþ Hayvan;11;48,2;0,2
Ordu;Çatalpýnar;KATIR;Büyükbaþ Hayvan;8;35;0,2
Ordu;Çaybaþý;KATIR;Büyükbaþ Hayvan;27;118,3;0,5
Ordu;Fatsa;KATIR;Büyükbaþ Hayvan;64;280,3;46054
Ordu;Gölköy;KATIR;Büyükbaþ Hayvan;10;43,8;0,2
Ordu;Gülyalý;KATIR;Büyükbaþ Hayvan;29;127;0,5
Ordu;Gürgentepe;KATIR;Büyükbaþ Hayvan;17;74,5;0,3
Ordu;Ýkizce;KATIR;Büyükbaþ Hayvan;110;481,8;46024
Ordu;Kabadüz;KATIR;Büyükbaþ Hayvan;86;376,7;46174
Ordu;Kabataþ;KATIR;Büyükbaþ Hayvan;6;46107;0,1
Ordu;Korgan;KATIR;Büyükbaþ Hayvan;3;46035;0,1
Ordu;Kumru;KATIR;Büyükbaþ Hayvan;4;46159;0,1
Ordu;Mesudiye;KATIR;Büyükbaþ Hayvan;9;39,4;0,2
Ordu;Perþembe;KATIR;Büyükbaþ Hayvan;7;46233;0,1
Ordu;Ulubey;KATIR;Büyükbaþ Hayvan;8;35;0,2
Ordu;Ünye;KATIR;Büyükbaþ Hayvan;107;468,7;2
Ordu;Akkuþ;MANDA;Büyükbaþ Hayvan;18;131,4;1
Ordu;Altýnordu;MANDA;Büyükbaþ Hayvan;84;613,2;46177
Ordu;Aybastý;MANDA;Büyükbaþ Hayvan;242;1766,6;46066
Ordu;Çatalpýnar;MANDA;Büyükbaþ Hayvan;5;36,5;0,3
Ordu;Çaybaþý;MANDA;Büyükbaþ Hayvan;5;36,5;0,3
Ordu;Fatsa;MANDA;Büyükbaþ Hayvan;26;189,8;46113
Ordu;Gölköy;MANDA;Büyükbaþ Hayvan;79;576,7;46085
Ordu;Gülyalý;MANDA;Büyükbaþ Hayvan;17;124,1;0,9
Ordu;Gürgentepe;MANDA;Büyükbaþ Hayvan;1;46088;0,1
Ordu;Kabadüz;MANDA;Büyükbaþ Hayvan;17;124,1;0,9
Ordu;Kabataþ;MANDA;Büyükbaþ Hayvan;66;481,8;46176
Ordu;Korgan;MANDA;Büyükbaþ Hayvan;122;890,6;46209
Ordu;Kumru;MANDA;Büyükbaþ Hayvan;98;715,4;46117
Ordu;Mesudiye;MANDA;Büyükbaþ Hayvan;500;3650;46139
Ordu;Perþembe;MANDA;Büyükbaþ Hayvan;3;46286;0,2
Ordu;Ulubey;MANDA;Büyükbaþ Hayvan;33;240,9;46235
Ordu;Akkuþ;SIÐIR (KÜLTÜR);Büyükbaþ Hayvan;1558;14216,8;114,2
Ordu;Altýnordu;SIÐIR (KÜLTÜR);Büyükbaþ Hayvan;7382;67360,8;540,9
Ordu;Aybastý;SIÐIR (KÜLTÜR);Büyükbaþ Hayvan;10136;92491;742,7
Ordu;Çamaþ;SIÐIR (KÜLTÜR);Büyükbaþ Hayvan;821;7491,6;60,2
Ordu;Çatalpýnar;SIÐIR (KÜLTÜR);Büyükbaþ Hayvan;318;2901,8;46104
Ordu;Çaybaþý;SIÐIR (KÜLTÜR);Büyükbaþ Hayvan;290;2646,3;46102
Ordu;Fatsa;SIÐIR (KÜLTÜR);Büyükbaþ Hayvan;3507;32001,4;257
Ordu;Gölköy;SIÐIR (KÜLTÜR);Büyükbaþ Hayvan;560;5110;41
Ordu;Gülyalý;SIÐIR (KÜLTÜR);Büyükbaþ Hayvan;220;2007,5;46038
Ordu;Gürgentepe;SIÐIR (KÜLTÜR);Büyükbaþ Hayvan;610;5566,3;44,7
Ordu;Ýkizce;SIÐIR (KÜLTÜR);Büyükbaþ Hayvan;412;3759,5;30,2
Ordu;Kabadüz;SIÐIR (KÜLTÜR);Büyükbaþ Hayvan;1043;9517,4;76,4
Ordu;Kabataþ;SIÐIR (KÜLTÜR);Büyükbaþ Hayvan;2991;27292,9;219,2
Ordu;Korgan;SIÐIR (KÜLTÜR);Büyükbaþ Hayvan;3937;35925,1;288,5
Ordu;Kumru;SIÐIR (KÜLTÜR);Büyükbaþ Hayvan;374;3412,8;46139
Ordu;Mesudiye;SIÐIR (KÜLTÜR);Büyükbaþ Hayvan;5761;52569,1;422,1
Ordu;Perþembe;SIÐIR (KÜLTÜR);Büyükbaþ Hayvan;231;2107,9;46281
Ordu;Ulubey;SIÐIR (KÜLTÜR);Büyükbaþ Hayvan;2234;20385,3;163,7
Ordu;Ünye;SIÐIR (KÜLTÜR);Büyükbaþ Hayvan;2173;19828,6;159,2
Ordu;Akkuþ;SIÐIR (MELEZ);Büyükbaþ Hayvan;5967;39203,2;251,8
Ordu;Altýnordu;SIÐIR (MELEZ);Büyükbaþ Hayvan;4078;26792,5;172,1
Ordu;Aybastý;SIÐIR (MELEZ);Büyükbaþ Hayvan;1357;8915,5;57,3
Ordu;Çamaþ;SIÐIR (MELEZ);Büyükbaþ Hayvan;1261;8284,8;53,2
Ordu;Çatalpýnar;SIÐIR (MELEZ);Büyükbaþ Hayvan;3934;25846,4;166
Ordu;Çaybaþý;SIÐIR (MELEZ);Büyükbaþ Hayvan;3141;20636,4;132,6
Ordu;Fatsa;SIÐIR (MELEZ);Büyükbaþ Hayvan;3321;21819;140,2
Ordu;Gölköy;SIÐIR (MELEZ);Büyükbaþ Hayvan;9835;64616;415,1
Ordu;Gülyalý;SIÐIR (MELEZ);Büyükbaþ Hayvan;1198;7870,9;50,6
Ordu;Gürgentepe;SIÐIR (MELEZ);Büyükbaþ Hayvan;2524;16582,7;106,5
Ordu;Ýkizce;SIÐIR (MELEZ);Büyükbaþ Hayvan;1894;12443,6;79,9
Ordu;Kabadüz;SIÐIR (MELEZ);Büyükbaþ Hayvan;1170;7686,9;49,4
Ordu;Kabataþ;SIÐIR (MELEZ);Büyükbaþ Hayvan;3095;20334,2;130,6
Ordu;Korgan;SIÐIR (MELEZ);Büyükbaþ Hayvan;14200;93294;599,3
Ordu;Kumru;SIÐIR (MELEZ);Büyükbaþ Hayvan;11555;75916,4;487,7
Ordu;Mesudiye;SIÐIR (MELEZ);Büyükbaþ Hayvan;2042;13415,9;86,2
Ordu;Perþembe;SIÐIR (MELEZ);Büyükbaþ Hayvan;3777;24814,9;159,4
Ordu;Ulubey;SIÐIR (MELEZ);Büyükbaþ Hayvan;3816;25071,1;161,1
Ordu;Ünye;SIÐIR (MELEZ);Büyükbaþ Hayvan;9941;65312,4;419,6
Ordu;Akkuþ;SIÐIR (YERLÝ);Büyükbaþ Hayvan;7392;40471,2;216,7
Ordu;Altýnordu;SIÐIR (YERLÝ);Büyükbaþ Hayvan;570;3120,8;46219
Ordu;Aybastý;SIÐIR (YERLÝ);Büyükbaþ Hayvan;32;175,2;0,9
Ordu;Çamaþ;SIÐIR (YERLÝ);Büyükbaþ Hayvan;62;339,5;46235
Ordu;Çatalpýnar;SIÐIR (YERLÝ);Büyükbaþ Hayvan;60;328,5;46235
Ordu;Çaybaþý;SIÐIR (YERLÝ);Büyükbaþ Hayvan;1853;10145,2;54,3
Ordu;Fatsa;SIÐIR (YERLÝ);Büyükbaþ Hayvan;146;799,4;46085
Ordu;Gölköy;SIÐIR (YERLÝ);Büyükbaþ Hayvan;11;60,2;0,3
Ordu;Gülyalý;SIÐIR (YERLÝ);Büyükbaþ Hayvan;18;98,6;0,5
Ordu;Gürgentepe;SIÐIR (YERLÝ);Büyükbaþ Hayvan;50;273,8;46143
Ordu;Ýkizce;SIÐIR (YERLÝ);Büyükbaþ Hayvan;3210;17574,8;94,1
Ordu;Kabadüz;SIÐIR (YERLÝ);Büyükbaþ Hayvan;130;711,8;46237
Ordu;Kabataþ;SIÐIR (YERLÝ);Büyükbaþ Hayvan;100;547,5;46267
Ordu;Korgan;SIÐIR (YERLÝ);Büyükbaþ Hayvan;343;1877,9;46032
Ordu;Kumru;SIÐIR (YERLÝ);Büyükbaþ Hayvan;571;3126,2;46219
Ordu;Mesudiye;SIÐIR (YERLÝ);Büyükbaþ Hayvan;74;405,2;46055
Ordu;Perþembe;SIÐIR (YERLÝ);Büyükbaþ Hayvan;143;782,9;46057
Ordu;Ulubey;SIÐIR (YERLÝ);Büyükbaþ Hayvan;169;925,3;5
Ordu;Ünye;SIÐIR (YERLÝ);Büyükbaþ Hayvan;4366;23903,9;128
Ordu;Akkuþ;KEÇÝ (KIL);Küçükbaþ Hayvan;148;108;0,2
Ordu;Altýnordu;KEÇÝ (KIL);Küçükbaþ Hayvan;48;35;0,1
Ordu;Çatalpýnar;KEÇÝ (KIL);Küçükbaþ Hayvan;3;46055;0
Ordu;Fatsa;KEÇÝ (KIL);Küçükbaþ Hayvan;93;67,9;0,1
Ordu;Gülyalý;KEÇÝ (KIL);Küçükbaþ Hayvan;30;46286;0
Ordu;Gürgentepe;KEÇÝ (KIL);Küçükbaþ Hayvan;6;46116;0
Ordu;Kabataþ;KEÇÝ (KIL);Küçükbaþ Hayvan;2;46143;0
Ordu;Kumru;KEÇÝ (KIL);Küçükbaþ Hayvan;7;46027;0
Ordu;Mesudiye;KEÇÝ (KIL);Küçükbaþ Hayvan;1859;1357,1;46055
Ordu;Perþembe;KEÇÝ (KIL);Küçükbaþ Hayvan;38;46230;0
Ordu;Ünye;KEÇÝ (KIL);Küçükbaþ Hayvan;72;52,6;0,1
Ordu;Akkuþ;KEÇÝ (TÝFTÝK);Küçükbaþ Hayvan;222;162,1;0,3
Ordu;Çatalpýnar;KEÇÝ (TÝFTÝK);Küçükbaþ Hayvan;1;0,7;0
Ordu;Akkuþ;KOYUN (MERÝNOS);Küçükbaþ Hayvan;104;113,9;0,3
Ordu;Çamaþ;KOYUN (MERÝNOS);Küçükbaþ Hayvan;35;38,3;0,1
Ordu;Fatsa;KOYUN (MERÝNOS);Küçükbaþ Hayvan;145;158,8;0,4
Ordu;Kabadüz;KOYUN (MERÝNOS);Küçükbaþ Hayvan;95;104;0,3
Ordu;Kumru;KOYUN (MERÝNOS);Küçükbaþ Hayvan;130;142,4;0,3
Ordu;Mesudiye;KOYUN (MERÝNOS);Küçükbaþ Hayvan;145;158,8;0,4
Ordu;Akkuþ;KOYUN (YERLÝ);Küçükbaþ Hayvan;8500;9307,5;46134
Ordu;Altýnordu;KOYUN (YERLÝ);Küçükbaþ Hayvan;19685;21555,1;51,9
Ordu;Aybastý;KOYUN (YERLÝ);Küçükbaþ Hayvan;16250;17793,8;42,9
Ordu;Çamaþ;KOYUN (YERLÝ);Küçükbaþ Hayvan;965;1056,7;46144
Ordu;Çatalpýnar;KOYUN (YERLÝ);Küçükbaþ Hayvan;2268;2483,5;6
Ordu;Çaybaþý;KOYUN (YERLÝ);Küçükbaþ Hayvan;1900;2080,5;5
Ordu;Fatsa;KOYUN (YERLÝ);Küçükbaþ Hayvan;6855;7506,2;46040
Ordu;Gölköy;KOYUN (YERLÝ);Küçükbaþ Hayvan;8500;9307,5;46134
Ordu;Gülyalý;KOYUN (YERLÝ);Küçükbaþ Hayvan;2770;3033,2;46088
Ordu;Gürgentepe;KOYUN (YERLÝ);Küçükbaþ Hayvan;2850;3120,8;46149
Ordu;Ýkizce;KOYUN (YERLÝ);Küçükbaþ Hayvan;2967;3248,9;46241
Ordu;Kabadüz;KOYUN (YERLÝ);Küçükbaþ Hayvan;3906;4277,1;46091
Ordu;Kabataþ;KOYUN (YERLÝ);Küçükbaþ Hayvan;6000;6570;46249
Ordu;Korgan;KOYUN (YERLÝ);Küçükbaþ Hayvan;5488;6009,4;46156
Ordu;Kumru;KOYUN (YERLÝ);Küçükbaþ Hayvan;10070;11026,7;46199
Ordu;Mesudiye;KOYUN (YERLÝ);Küçükbaþ Hayvan;11355;12433,7;30
Ordu;Perþembe;KOYUN (YERLÝ);Küçükbaþ Hayvan;5150;5639,3;46186
Ordu;Ulubey;KOYUN (YERLÝ);Küçükbaþ Hayvan;10035;10988,3;46168
Ordu;Ünye;KOYUN (YERLÝ);Küçükbaþ Hayvan;6450;7062,8;17
Ordu;Akkuþ;ET TAVUÐU;Kanatlý Hayvan;0;0;0
Ordu;Altýnordu;ET TAVUÐU;Kanatlý Hayvan;0;0;0
Ordu;Aybastý;ET TAVUÐU;Kanatlý Hayvan;0;0;0
Ordu;Çamaþ;ET TAVUÐU;Kanatlý Hayvan;30000;810;202,5
Ordu;Çatalpýnar;ET TAVUÐU;Kanatlý Hayvan;0;0;0
Ordu;Çaybaþý;ET TAVUÐU;Kanatlý Hayvan;59000;1593;398,3
Ordu;Fatsa;ET TAVUÐU;Kanatlý Hayvan;38000;1026;256,5
Ordu;Gölköy;ET TAVUÐU;Kanatlý Hayvan;0;0;0
Ordu;Gürgentepe;ET TAVUÐU;Kanatlý Hayvan;0;0;0
Ordu;Ýkizce;ET TAVUÐU;Kanatlý Hayvan;0;0;0
Ordu;Kabadüz;ET TAVUÐU;Kanatlý Hayvan;0;0;0
Ordu;Kabataþ;ET TAVUÐU;Kanatlý Hayvan;0;0;0
Ordu;Korgan;ET TAVUÐU;Kanatlý Hayvan;0;0;0
Ordu;Kumru;ET TAVUÐU;Kanatlý Hayvan;0;0;0
Ordu;Mesudiye;ET TAVUÐU;Kanatlý Hayvan;0;0;0
Ordu;Ulubey;ET TAVUÐU;Kanatlý Hayvan;0;0;0
Ordu;Ünye;ET TAVUÐU;Kanatlý Hayvan;39000;1053;263,3
Ordu;Akkuþ;HÝNDÝ;Kanatlý Hayvan;180;46240;46204
Ordu;Altýnordu;HÝNDÝ;Kanatlý Hayvan;87;46084;0,8
Ordu;Aybastý;HÝNDÝ;Kanatlý Hayvan;70;46175;0,7
Ordu;Çamaþ;HÝNDÝ;Kanatlý Hayvan;4;0,2;0
Ordu;Çatalpýnar;HÝNDÝ;Kanatlý Hayvan;0;0;0
Ordu;Çaybaþý;HÝNDÝ;Kanatlý Hayvan;9;0,3;0,1
Ordu;Fatsa;HÝNDÝ;Kanatlý Hayvan;14;0,5;0,1
Ordu;Gölköy;HÝNDÝ;Kanatlý Hayvan;82;46025;0,8
Ordu;Gülyalý;HÝNDÝ;Kanatlý Hayvan;20;0,8;0,2
Ordu;Gürgentepe;HÝNDÝ;Kanatlý Hayvan;0;0;0
Ordu;Ýkizce;HÝNDÝ;Kanatlý Hayvan;330;46124;46025
Ordu;Kabadüz;HÝNDÝ;Kanatlý Hayvan;0;0;0
Ordu;Kabataþ;HÝNDÝ;Kanatlý Hayvan;60;46083;0,6
Ordu;Korgan;HÝNDÝ;Kanatlý Hayvan;10;0,4;0,1
Ordu;Kumru;HÝNDÝ;Kanatlý Hayvan;23;0,9;0,2
Ordu;Mesudiye;HÝNDÝ;Kanatlý Hayvan;170;46118;46174
Ordu;Perþembe;HÝNDÝ;Kanatlý Hayvan;20;0,8;0,2
Ordu;Ulubey;HÝNDÝ;Kanatlý Hayvan;17;0,6;0,2
Ordu;Ünye;HÝNDÝ;Kanatlý Hayvan;70;46175;0,7
Ordu;Akkuþ;KAZ;Kanatlý Hayvan;250;46214;46267
Ordu;Altýnordu;KAZ;Kanatlý Hayvan;18;0,8;0,2
Ordu;Aybastý;KAZ;Kanatlý Hayvan;60;46236;0,7
Ordu;Çamaþ;KAZ;Kanatlý Hayvan;5;0,2;0,1
Ordu;Çatalpýnar;KAZ;Kanatlý Hayvan;0;0;0
Ordu;Çaybaþý;KAZ;Kanatlý Hayvan;7;0,3;0,1
Ordu;Fatsa;KAZ;Kanatlý Hayvan;12;0,6;0,1
Ordu;Gölköy;KAZ;Kanatlý Hayvan;50;46083;0,6
Ordu;Gülyalý;KAZ;Kanatlý Hayvan;15;0,7;0,2
Ordu;Gürgentepe;KAZ;Kanatlý Hayvan;0;0;0
Ordu;Ýkizce;KAZ;Kanatlý Hayvan;100;46207;46054
Ordu;Kabadüz;KAZ;Kanatlý Hayvan;0;0;0
Ordu;Kabataþ;KAZ;Kanatlý Hayvan;0;0;0
Ordu;Kumru;KAZ;Kanatlý Hayvan;25;46054;0,3
Ordu;Mesudiye;KAZ;Kanatlý Hayvan;55;46175;0,6
Ordu;Perþembe;KAZ;Kanatlý Hayvan;44;46024;0,5
Ordu;Ulubey;KAZ;Kanatlý Hayvan;25;46054;0,3
Ordu;Ünye;KAZ;Kanatlý Hayvan;200;46121;46083
Ordu;Akkuþ;ÖRDEK;Kanatlý Hayvan;75;46145;0,9
Ordu;Altýnordu;ÖRDEK;Kanatlý Hayvan;53;46144;0,6
Ordu;Aybastý;ÖRDEK;Kanatlý Hayvan;50;46083;0,6
Ordu;Çamaþ;ÖRDEK;Kanatlý Hayvan;10;0,5;0,1
Ordu;Çatalpýnar;ÖRDEK;Kanatlý Hayvan;0;0;0
Ordu;Çaybaþý;ÖRDEK;Kanatlý Hayvan;15;0,7;0,2
Ordu;Fatsa;ÖRDEK;Kanatlý Hayvan;25;46054;0,3
Ordu;Gölköy;ÖRDEK;Kanatlý Hayvan;65;3;0,8
Ordu;Gülyalý;ÖRDEK;Kanatlý Hayvan;115;46117;46082
Ordu;Gürgentepe;ÖRDEK;Kanatlý Hayvan;0;0;0
Ordu;Ýkizce;ÖRDEK;Kanatlý Hayvan;320;15;46206
Ordu;Kabadüz;ÖRDEK;Kanatlý Hayvan;0;0;0
Ordu;Kabataþ;ÖRDEK;Kanatlý Hayvan;38;46235;0,4
Ordu;Korgan;ÖRDEK;Kanatlý Hayvan;5;0,2;0,1
Ordu;Kumru;ÖRDEK;Kanatlý Hayvan;25;46054;0,3
Ordu;Mesudiye;ÖRDEK;Kanatlý Hayvan;40;46266;0,5
Ordu;Perþembe;ÖRDEK;Kanatlý Hayvan;155;46088;46235
Ordu;Ulubey;ÖRDEK;Kanatlý Hayvan;30;46113;0,4
Ordu;Ünye;ÖRDEK;Kanatlý Hayvan;90;46057;46023
Ordu;Akkuþ;YUMURTA TAVUÐU;Kanatlý Hayvan;25240;1381,9;345,5
Ordu;Altýnordu;YUMURTA TAVUÐU;Kanatlý Hayvan;8930;488,9;122,3
Ordu;Aybastý;YUMURTA TAVUÐU;Kanatlý Hayvan;4300;235,4;58,9
Ordu;Çamaþ;YUMURTA TAVUÐU;Kanatlý Hayvan;23000;1259,3;314,9
Ordu;Çatalpýnar;YUMURTA TAVUÐU;Kanatlý Hayvan;5000;273,8;68,4
Ordu;Çaybaþý;YUMURTA TAVUÐU;Kanatlý Hayvan;1500;82,1;46162
Ordu;Fatsa;YUMURTA TAVUÐU;Kanatlý Hayvan;37500;2053,1;513,4
Ordu;Gölköy;YUMURTA TAVUÐU;Kanatlý Hayvan;6870;376,1;94,1
Ordu;Gülyalý;YUMURTA TAVUÐU;Kanatlý Hayvan;825;45,2;46092
Ordu;Gürgentepe;YUMURTA TAVUÐU;Kanatlý Hayvan;600;32,9;46061
Ordu;Ýkizce;YUMURTA TAVUÐU;Kanatlý Hayvan;4600;251,9;63
Ordu;Kabadüz;YUMURTA TAVUÐU;Kanatlý Hayvan;1500;82,1;46162
Ordu;Kabataþ;YUMURTA TAVUÐU;Kanatlý Hayvan;1200;65,7;46128
Ordu;Korgan;YUMURTA TAVUÐU;Kanatlý Hayvan;2200;120,5;46052
Ordu;Kumru;YUMURTA TAVUÐU;Kanatlý Hayvan;500;46139;46240
Ordu;Mesudiye;YUMURTA TAVUÐU;Kanatlý Hayvan;2450;134,1;33,5
Ordu;Perþembe;YUMURTA TAVUÐU;Kanatlý Hayvan;23000;1259,3;314,9
Ordu;Ulubey;YUMURTA TAVUÐU;Kanatlý Hayvan;5250;287,4;71,9
Ordu;Ünye;YUMURTA TAVUÐU;Kanatlý Hayvan;16000;876;219
Rize;Çamlýhemþin;AT;Büyükbaþ Hayvan;5;46139;0,1
Rize;Çayeli;AT;Büyükbaþ Hayvan;3;46128;0,1
Rize;Fýndýklý;AT;Büyükbaþ Hayvan;2;11;0,1
Rize;Ýkizdere;AT;Büyükbaþ Hayvan;20;109,5;0,6
Rize;Ýyidere;AT;Büyükbaþ Hayvan;3;46128;0,1
Rize;Merkez;AT;Büyükbaþ Hayvan;5;46139;0,1
Rize;Pazar;AT;Büyükbaþ Hayvan;1;46147;0
Rize;Fýndýklý;EÞEK;Büyükbaþ Hayvan;2;46147;0
Rize;Ýkizdere;EÞEK;Büyükbaþ Hayvan;4;11;0
Rize;Merkez;KATIR;Büyükbaþ Hayvan;5;46286;0,1
Rize;Çamlýhemþin;MANDA;Büyükbaþ Hayvan;1;46088;0,1
Rize;Ýkizdere;MANDA;Büyükbaþ Hayvan;2;46187;0,1
Rize;Ardeþen;SIÐIR (KÜLTÜR);Büyükbaþ Hayvan;200;1825;46217
Rize;Çamlýhemþin;SIÐIR (KÜLTÜR);Büyükbaþ Hayvan;250;2281,3;46099
Rize;Çayeli;SIÐIR (KÜLTÜR);Büyükbaþ Hayvan;230;2098,8;46281
Rize;Derepazarý;SIÐIR (KÜLTÜR);Büyükbaþ Hayvan;14;127,8;1
Rize;Fýndýklý;SIÐIR (KÜLTÜR);Büyükbaþ Hayvan;550;5018,8;40,3
Rize;Güneysu;SIÐIR (KÜLTÜR);Büyükbaþ Hayvan;42;383,3;46025
Rize;Hemþin;SIÐIR (KÜLTÜR);Büyükbaþ Hayvan;115;1049,4;46120
Rize;Ýkizdere;SIÐIR (KÜLTÜR);Büyükbaþ Hayvan;450;4106,3;33
Rize;Ýyidere;SIÐIR (KÜLTÜR);Büyükbaþ Hayvan;427;3896,4;46112
Rize;Merkez;SIÐIR (KÜLTÜR);Büyükbaþ Hayvan;900;8212,5;65,9
Rize;Pazar;SIÐIR (KÜLTÜR);Büyükbaþ Hayvan;625;5703,1;45,8
Rize;Ardeþen;SIÐIR (MELEZ);Büyükbaþ Hayvan;1849;12147,9;78
Rize;Çamlýhemþin;SIÐIR (MELEZ);Büyükbaþ Hayvan;1774;11655,2;74,9
Rize;Çayeli;SIÐIR (MELEZ);Büyükbaþ Hayvan;1825;11990,3;77
Rize;Derepazarý;SIÐIR (MELEZ);Büyükbaþ Hayvan;626;4112,8;46138
Rize;Fýndýklý;SIÐIR (MELEZ);Büyükbaþ Hayvan;1350;8869,5;57
Rize;Güneysu;SIÐIR (MELEZ);Büyükbaþ Hayvan;663;4355,9;28
Rize;Hemþin;SIÐIR (MELEZ);Büyükbaþ Hayvan;156;1024,9;46179
Rize;Ýkizdere;SIÐIR (MELEZ);Büyükbaþ Hayvan;2467;16208,2;104,1
Rize;Ýyidere;SIÐIR (MELEZ);Büyükbaþ Hayvan;653;4290,2;46200
Rize;Kalkandere;SIÐIR (MELEZ);Büyükbaþ Hayvan;1664;10932,5;70,2
Rize;Merkez;SIÐIR (MELEZ);Büyükbaþ Hayvan;4867;31976,2;205,4
Rize;Pazar;SIÐIR (MELEZ);Büyükbaþ Hayvan;1365;8968,1;57,6
Rize;Ardeþen;SIÐIR (YERLÝ);Büyükbaþ Hayvan;54;295,7;46174
Rize;Çamlýhemþin;SIÐIR (YERLÝ);Büyükbaþ Hayvan;376;2058,6;11
Rize;Çayeli;SIÐIR (YERLÝ);Büyükbaþ Hayvan;475;2600,6;46278
Rize;Derepazarý;SIÐIR (YERLÝ);Büyükbaþ Hayvan;145;793,9;46085
Rize;Fýndýklý;SIÐIR (YERLÝ);Büyükbaþ Hayvan;32;175,2;0,9
Rize;Güneysu;SIÐIR (YERLÝ);Büyükbaþ Hayvan;64;350,4;46266
Rize;Hemþin;SIÐIR (YERLÝ);Büyükbaþ Hayvan;167;914,3;46269
Rize;Ýkizdere;SIÐIR (YERLÝ);Büyükbaþ Hayvan;142;777,5;46057
Rize;Ýyidere;SIÐIR (YERLÝ);Büyükbaþ Hayvan;62;339,5;46235
Rize;Merkez;SIÐIR (YERLÝ);Büyükbaþ Hayvan;433;2370,7;46215
Rize;Pazar;SIÐIR (YERLÝ);Büyükbaþ Hayvan;465;2545,9;46186
Rize;Ardeþen;KEÇÝ (KIL);Küçükbaþ Hayvan;1499;1094,3;46235
Rize;Çamlýhemþin;KEÇÝ (KIL);Küçükbaþ Hayvan;2860;2087,8;46115
Rize;Çayeli;KEÇÝ (KIL);Küçükbaþ Hayvan;1970;1438,1;46083
Rize;Derepazarý;KEÇÝ (KIL);Küçükbaþ Hayvan;109;79,6;0,1
Rize;Fýndýklý;KEÇÝ (KIL);Küçükbaþ Hayvan;3700;2701;46085
Rize;Hemþin;KEÇÝ (KIL);Küçükbaþ Hayvan;35;46198;0
Rize;Ýkizdere;KEÇÝ (KIL);Küçükbaþ Hayvan;588;429,2;0,7
Rize;Ýyidere;KEÇÝ (KIL);Küçükbaþ Hayvan;178;129,9;0,2
Rize;Kalkandere;KEÇÝ (KIL);Küçükbaþ Hayvan;1175;857,8;46113
Rize;Merkez;KEÇÝ (KIL);Küçükbaþ Hayvan;4772;3483,6;46178
Rize;Pazar;KEÇÝ (KIL);Küçükbaþ Hayvan;2845;2076,9;46084
Rize;Hemþin;KEÇÝ (TÝFTÝK);Küçükbaþ Hayvan;6;46116;0
Rize;Ardeþen;KOYUN (MERÝNOS);Küçükbaþ Hayvan;31;33,9;0,1
Rize;Çamlýhemþin;KOYUN (MERÝNOS);Küçükbaþ Hayvan;130;142,4;0,3
Rize;Derepazarý;KOYUN (MERÝNOS);Küçükbaþ Hayvan;65;71,2;0,2
Rize;Ýkizdere;KOYUN (MERÝNOS);Küçükbaþ Hayvan;172;188,3;0,5
Rize;Pazar;KOYUN (MERÝNOS);Küçükbaþ Hayvan;11;12;0
Rize;Ardeþen;KOYUN (YERLÝ);Küçükbaþ Hayvan;19;46254;0,1
Rize;Çamlýhemþin;KOYUN (YERLÝ);Küçükbaþ Hayvan;78;85,4;0,2
Rize;Çayeli;KOYUN (YERLÝ);Küçükbaþ Hayvan;105;115;0,3
Rize;Derepazarý;KOYUN (YERLÝ);Küçükbaþ Hayvan;83;90,9;0,2
Rize;Fýndýklý;KOYUN (YERLÝ);Küçükbaþ Hayvan;550;602,3;46143
Rize;Hemþin;KOYUN (YERLÝ);Küçükbaþ Hayvan;9;46274;0
Rize;Ýkizdere;KOYUN (YERLÝ);Küçükbaþ Hayvan;1419;1553,8;46206
Rize;Ýyidere;KOYUN (YERLÝ);Küçükbaþ Hayvan;2447;2679,5;46148
Rize;Kalkandere;KOYUN (YERLÝ);Küçükbaþ Hayvan;472;516,8;46054
Rize;Merkez;KOYUN (YERLÝ);Küçükbaþ Hayvan;1215;1330,4;46056
Rize;Pazar;KOYUN (YERLÝ);Küçükbaþ Hayvan;1117;1223,1;46267
Rize;Ardeþen;ET TAVUÐU;Kanatlý Hayvan;0;0;0
Rize;Çamlýhemþin;ET TAVUÐU;Kanatlý Hayvan;0;0;0
Rize;Çayeli;ET TAVUÐU;Kanatlý Hayvan;0;0;0
Rize;Derepazarý;ET TAVUÐU;Kanatlý Hayvan;0;0;0
Rize;Fýndýklý;ET TAVUÐU;Kanatlý Hayvan;0;0;0
Rize;Güneysu;ET TAVUÐU;Kanatlý Hayvan;0;0;0
Rize;Hemþin;ET TAVUÐU;Kanatlý Hayvan;0;0;0
Rize;Ýyidere;ET TAVUÐU;Kanatlý Hayvan;0;0;0
Rize;Kalkandere;ET TAVUÐU;Kanatlý Hayvan;0;0;0
Rize;Merkez;ET TAVUÐU;Kanatlý Hayvan;0;0;0
Rize;Pazar;ET TAVUÐU;Kanatlý Hayvan;0;0;0
Rize;Ardeþen;HÝNDÝ;Kanatlý Hayvan;15;0,6;0,1
Rize;Çamlýhemþin;HÝNDÝ;Kanatlý Hayvan;20;0,8;0,2
Rize;Çayeli;HÝNDÝ;Kanatlý Hayvan;0;0;0
Rize;Derepazarý;HÝNDÝ;Kanatlý Hayvan;10;0,4;0,1
Rize;Fýndýklý;HÝNDÝ;Kanatlý Hayvan;200;46149;46266
Rize;Güneysu;HÝNDÝ;Kanatlý Hayvan;0;0;0
Rize;Hemþin;HÝNDÝ;Kanatlý Hayvan;0;0;0
Rize;Ýkizdere;HÝNDÝ;Kanatlý Hayvan;2;0,1;0
Rize;Ýyidere;HÝNDÝ;Kanatlý Hayvan;14;0,5;0,1
Rize;Kalkandere;HÝNDÝ;Kanatlý Hayvan;0;0;0
Rize;Merkez;HÝNDÝ;Kanatlý Hayvan;5;0,2;0
Rize;Pazar;HÝNDÝ;Kanatlý Hayvan;0;0;0
Rize;Ardeþen;KAZ;Kanatlý Hayvan;20;0,9;0,2
Rize;Çamlýhemþin;KAZ;Kanatlý Hayvan;3;0,1;0
Rize;Çayeli;KAZ;Kanatlý Hayvan;0;0;0
Rize;Derepazarý;KAZ;Kanatlý Hayvan;10;0,5;0,1
Rize;Fýndýklý;KAZ;Kanatlý Hayvan;50;46083;0,6
Rize;Güneysu;KAZ;Kanatlý Hayvan;0;0;0
Rize;Hemþin;KAZ;Kanatlý Hayvan;6;0,3;0,1
Rize;Ýkizdere;KAZ;Kanatlý Hayvan;15;0,7;0,2
Rize;Ýyidere;KAZ;Kanatlý Hayvan;20;0,9;0,2
Rize;Kalkandere;KAZ;Kanatlý Hayvan;0;0;0
Rize;Merkez;KAZ;Kanatlý Hayvan;10;0,5;0,1
Rize;Pazar;KAZ;Kanatlý Hayvan;0;0;0
Rize;Ardeþen;ÖRDEK;Kanatlý Hayvan;30;46113;0,4
Rize;Çamlýhemþin;ÖRDEK;Kanatlý Hayvan;0;0;0
Rize;Çayeli;ÖRDEK;Kanatlý Hayvan;60;46236;0,7
Rize;Derepazarý;ÖRDEK;Kanatlý Hayvan;60;46236;0,7
Rize;Fýndýklý;ÖRDEK;Kanatlý Hayvan;120;46178;46113
Rize;Güneysu;ÖRDEK;Kanatlý Hayvan;0;0;0
Rize;Hemþin;ÖRDEK;Kanatlý Hayvan;5;0,2;0,1
Rize;Ýkizdere;ÖRDEK;Kanatlý Hayvan;13;0,6;0,2
Rize;Ýyidere;ÖRDEK;Kanatlý Hayvan;42;2;0,5
Rize;Kalkandere;ÖRDEK;Kanatlý Hayvan;0;0;0
Rize;Merkez;ÖRDEK;Kanatlý Hayvan;0;0;0
Rize;Pazar;ÖRDEK;Kanatlý Hayvan;0;0;0
Rize;Ardeþen;YUMURTA TAVUÐU;Kanatlý Hayvan;510;46292;7
Rize;Çamlýhemþin;YUMURTA TAVUÐU;Kanatlý Hayvan;750;41,1;46091
Rize;Çayeli;YUMURTA TAVUÐU;Kanatlý Hayvan;1350;73,9;46160
Rize;Derepazarý;YUMURTA TAVUÐU;Kanatlý Hayvan;1880;102,9;46228
Rize;Fýndýklý;YUMURTA TAVUÐU;Kanatlý Hayvan;3500;191,6;47,9
Rize;Güneysu;YUMURTA TAVUÐU;Kanatlý Hayvan;450;46197;46059
Rize;Hemþin;YUMURTA TAVUÐU;Kanatlý Hayvan;500;46139;46240
Rize;Ýkizdere;YUMURTA TAVUÐU;Kanatlý Hayvan;430;46165;46270
Rize;Ýyidere;YUMURTA TAVUÐU;Kanatlý Hayvan;5630;308,2;77,1
Rize;Kalkandere;YUMURTA TAVUÐU;Kanatlý Hayvan;500;46139;46240
Rize;Merkez;YUMURTA TAVUÐU;Kanatlý Hayvan;9000;492,8;123,2
Rize;Pazar;YUMURTA TAVUÐU;Kanatlý Hayvan;2000;109,5;46139
Sakarya;Akyazý;AT;Büyükbaþ Hayvan;105;574,9;46025
Sakarya;Erenler;AT;Büyükbaþ Hayvan;33;180,7;1
Sakarya;Geyve;AT;Büyükbaþ Hayvan;43;235,4;46082
Sakarya;Hendek;AT;Büyükbaþ Hayvan;121;662,5;46145
Sakarya;Karapürçek;AT;Büyükbaþ Hayvan;6;32,9;0,2
Sakarya;Pamukova;AT;Büyükbaþ Hayvan;5;46139;0,1
Sakarya;Sapanca;AT;Büyükbaþ Hayvan;82;449;46114
Sakarya;Serdivan;AT;Büyükbaþ Hayvan;70;383,3;46024
Sakarya;Taraklý;AT;Büyükbaþ Hayvan;15;82,1;0,4
Sakarya;Akyazý;EÞEK;Büyükbaþ Hayvan;12;32,9;0,1
Sakarya;Geyve;EÞEK;Büyükbaþ Hayvan;47;128,7;0,4
Sakarya;Hendek;EÞEK;Büyükbaþ Hayvan;12;32,9;0,1
Sakarya;Karapürçek;EÞEK;Büyükbaþ Hayvan;3;46061;0
Sakarya;Sapanca;EÞEK;Büyükbaþ Hayvan;6;46128;0,1
Sakarya;Taraklý;EÞEK;Büyükbaþ Hayvan;32;87,6;0,3
Sakarya;Akyazý;KATIR;Büyükbaþ Hayvan;2;46242;0
Sakarya;Geyve;KATIR;Büyükbaþ Hayvan;11;48,2;0,2
Sakarya;Karapürçek;KATIR;Büyükbaþ Hayvan;1;46116;0
Sakarya;Adapazarý;MANDA;Büyükbaþ Hayvan;97;708,1;46086
Sakarya;Akyazý;MANDA;Büyükbaþ Hayvan;610;4453;33,4
Sakarya;Erenler;MANDA;Büyükbaþ Hayvan;158;1153,4;46181
Sakarya;Ferizli;MANDA;Büyükbaþ Hayvan;26;189,8;46113
Sakarya;Geyve;MANDA;Büyükbaþ Hayvan;5;36,5;0,3
Sakarya;Hendek;MANDA;Büyükbaþ Hayvan;160;1168;46242
Sakarya;Karapürçek;MANDA;Büyükbaþ Hayvan;27;197,1;46143
Sakarya;Karasu;MANDA;Büyükbaþ Hayvan;20;146;46023
Sakarya;Kocaali;MANDA;Büyükbaþ Hayvan;5;36,5;0,3
Sakarya;Sapanca;MANDA;Büyükbaþ Hayvan;5;36,5;0,3
Sakarya;Serdivan;MANDA;Büyükbaþ Hayvan;73;532,9;4
Sakarya;Söðütlü;MANDA;Büyükbaþ Hayvan;249;1817,7;46186
Sakarya;Adapazarý;SIÐIR (KÜLTÜR);Büyükbaþ Hayvan;18227;166321,4;1335,6
Sakarya;Akyazý;SIÐIR (KÜLTÜR);Büyükbaþ Hayvan;6570;59951,3;481,4
Sakarya;Arifiye;SIÐIR (KÜLTÜR);Büyükbaþ Hayvan;1269;11579,6;93
Sakarya;Erenler;SIÐIR (KÜLTÜR);Büyükbaþ Hayvan;5976;54531;437,9
Sakarya;Ferizli;SIÐIR (KÜLTÜR);Büyükbaþ Hayvan;6445;58810,6;472,3
Sakarya;Geyve;SIÐIR (KÜLTÜR);Büyükbaþ Hayvan;6575;59996,9;481,8
Sakarya;Hendek;SIÐIR (KÜLTÜR);Büyükbaþ Hayvan;6500;59312,5;476,3
Sakarya;Karapürçek;SIÐIR (KÜLTÜR);Büyükbaþ Hayvan;1183;10794,9;86,7
Sakarya;Karasu;SIÐIR (KÜLTÜR);Büyükbaþ Hayvan;4719;43060,9;345,8
Sakarya;Kocaali;SIÐIR (KÜLTÜR);Büyükbaþ Hayvan;1266;11552,3;92,8
Sakarya;Pamukova;SIÐIR (KÜLTÜR);Büyükbaþ Hayvan;1719;15685,9;126
Sakarya;Sapanca;SIÐIR (KÜLTÜR);Büyükbaþ Hayvan;395;3604,4;46293
Sakarya;Serdivan;SIÐIR (KÜLTÜR);Büyükbaþ Hayvan;4000;36500;293,1
Sakarya;Söðütlü;SIÐIR (KÜLTÜR);Büyükbaþ Hayvan;10104;92199;740,4
Sakarya;Adapazarý;SIÐIR (MELEZ);Büyükbaþ Hayvan;5714;37541;241,2
Sakarya;Akyazý;SIÐIR (MELEZ);Büyükbaþ Hayvan;13595;89319,2;573,8
Sakarya;Arifiye;SIÐIR (MELEZ);Büyükbaþ Hayvan;1734;11392,4;73,2
Sakarya;Erenler;SIÐIR (MELEZ);Büyükbaþ Hayvan;2961;19453,8;125
Sakarya;Ferizli;SIÐIR (MELEZ);Büyükbaþ Hayvan;965;6340,1;40,7
Sakarya;Geyve;SIÐIR (MELEZ);Büyükbaþ Hayvan;2836;18632,5;119,7
Sakarya;Hendek;SIÐIR (MELEZ);Büyükbaþ Hayvan;8550;56173,5;360,9
Sakarya;Karapürçek;SIÐIR (MELEZ);Büyükbaþ Hayvan;2823;18547,1;119,2
Sakarya;Karasu;SIÐIR (MELEZ);Büyükbaþ Hayvan;8118;53335,3;342,6
Sakarya;Kaynarca;SIÐIR (MELEZ);Büyükbaþ Hayvan;25461;167278,8;1074,6
Sakarya;Kocaali;SIÐIR (MELEZ);Büyükbaþ Hayvan;1684;11063,9;71,1
Sakarya;Pamukova;SIÐIR (MELEZ);Büyükbaþ Hayvan;1959;12870,6;82,7
Sakarya;Sapanca;SIÐIR (MELEZ);Büyükbaþ Hayvan;637;4185,1;46291
Sakarya;Serdivan;SIÐIR (MELEZ);Büyükbaþ Hayvan;2128;13981;89,8
Sakarya;Taraklý;SIÐIR (MELEZ);Büyükbaþ Hayvan;6392;41995,4;269,8
Sakarya;Akyazý;SIÐIR (YERLÝ);Büyükbaþ Hayvan;2655;14536,1;77,8
Sakarya;Arifiye;SIÐIR (YERLÝ);Büyükbaþ Hayvan;59;323;46204
Sakarya;Erenler;SIÐIR (YERLÝ);Büyükbaþ Hayvan;216;1182,6;46087
Sakarya;Geyve;SIÐIR (YERLÝ);Büyükbaþ Hayvan;239;1308,5;7
Sakarya;Hendek;SIÐIR (YERLÝ);Büyükbaþ Hayvan;2700;14782,5;79,1
Sakarya;Karapürçek;SIÐIR (YERLÝ);Büyükbaþ Hayvan;271;1483,7;46272
Sakarya;Karasu;SIÐIR (YERLÝ);Büyükbaþ Hayvan;183;1001,9;46117
Sakarya;Kocaali;SIÐIR (YERLÝ);Büyükbaþ Hayvan;101;553;3
Sakarya;Pamukova;SIÐIR (YERLÝ);Büyükbaþ Hayvan;587;3213,8;46070
Sakarya;Sapanca;SIÐIR (YERLÝ);Büyükbaþ Hayvan;75;410,6;46055
Sakarya;Serdivan;SIÐIR (YERLÝ);Büyükbaþ Hayvan;1323;7243,4;38,8
Sakarya;Adapazarý;KEÇÝ (KIL);Küçükbaþ Hayvan;557;406,6;0,7
Sakarya;Akyazý;KEÇÝ (KIL);Küçükbaþ Hayvan;436;318,3;0,5
Sakarya;Arifiye;KEÇÝ (KIL);Küçükbaþ Hayvan;1;0,7;0
Sakarya;Ferizli;KEÇÝ (KIL);Küçükbaþ Hayvan;35;46198;0
Sakarya;Geyve;KEÇÝ (KIL);Küçükbaþ Hayvan;7436;5428,3;46211
Sakarya;Hendek;KEÇÝ (KIL);Küçükbaþ Hayvan;265;193,5;0,3
Sakarya;Karapürçek;KEÇÝ (KIL);Küçükbaþ Hayvan;109;79,6;0,1
Sakarya;Karasu;KEÇÝ (KIL);Küçükbaþ Hayvan;38;46230;0
Sakarya;Pamukova;KEÇÝ (KIL);Küçükbaþ Hayvan;2382;1738,9;46236
Sakarya;Söðütlü;KEÇÝ (KIL);Küçükbaþ Hayvan;132;96,4;0,2
Sakarya;Taraklý;KEÇÝ (KIL);Küçükbaþ Hayvan;4000;2920;46207
Sakarya;Karasu;KEÇÝ (TÝFTÝK);Küçükbaþ Hayvan;2;46143;0
Sakarya;Karasu;KOYUN (MERÝNOS);Küçükbaþ Hayvan;20;46286;0,1
Sakarya;Kaynarca;KOYUN (MERÝNOS);Küçükbaþ Hayvan;230;251,9;0,6
Sakarya;Adapazarý;KOYUN (YERLÝ);Küçükbaþ Hayvan;6208;6797,8;46128
Sakarya;Akyazý;KOYUN (YERLÝ);Küçükbaþ Hayvan;4250;4653,8;46064
Sakarya;Arifiye;KOYUN (YERLÝ);Küçükbaþ Hayvan;94;102,9;0,2
Sakarya;Erenler;KOYUN (YERLÝ);Küçükbaþ Hayvan;268;293,5;0,7
Sakarya;Ferizli;KOYUN (YERLÝ);Küçükbaþ Hayvan;1625;1779,4;46085
Sakarya;Geyve;KOYUN (YERLÝ);Küçükbaþ Hayvan;7807;8548,7;46193
Sakarya;Hendek;KOYUN (YERLÝ);Küçükbaþ Hayvan;3967;4343,9;46152
Sakarya;Karapürçek;KOYUN (YERLÝ);Küçükbaþ Hayvan;2247;2460,5;46270
Sakarya;Karasu;KOYUN (YERLÝ);Küçükbaþ Hayvan;1150;1259,3;3
Sakarya;Kaynarca;KOYUN (YERLÝ);Küçükbaþ Hayvan;3700;4051,5;46243
Sakarya;Kocaali;KOYUN (YERLÝ);Küçükbaþ Hayvan;389;426;1
Sakarya;Pamukova;KOYUN (YERLÝ);Küçükbaþ Hayvan;6374;6979,5;46250
Sakarya;Sapanca;KOYUN (YERLÝ);Küçükbaþ Hayvan;146;159,9;0,4
Sakarya;Serdivan;KOYUN (YERLÝ);Küçükbaþ Hayvan;2490;2726,6;46179
Sakarya;Söðütlü;KOYUN (YERLÝ);Küçükbaþ Hayvan;3033;3321,1;8
Sakarya;Taraklý;KOYUN (YERLÝ);Küçükbaþ Hayvan;5850;6405,8;46127
Sakarya;Adapazarý;ET TAVUÐU;Kanatlý Hayvan;1250000;33750;8439
Sakarya;Akyazý;ET TAVUÐU;Kanatlý Hayvan;2352000;63504;15878,9
Sakarya;Arifiye;ET TAVUÐU;Kanatlý Hayvan;350000;9450;2362,9
Sakarya;Erenler;ET TAVUÐU;Kanatlý Hayvan;134000;3618;904,7
Sakarya;Ferizli;ET TAVUÐU;Kanatlý Hayvan;2340000;63180;15797,8
Sakarya;Geyve;ET TAVUÐU;Kanatlý Hayvan;2609500;70456,5;17617,3
Sakarya;Hendek;ET TAVUÐU;Kanatlý Hayvan;4400000;118800;29705,3
Sakarya;Karapürçek;ET TAVUÐU;Kanatlý Hayvan;670000;18090;4523,3
Sakarya;Karasu;ET TAVUÐU;Kanatlý Hayvan;1792270;48391,3;12100
Sakarya;Kaynarca;ET TAVUÐU;Kanatlý Hayvan;4500000;121500;30380,5
Sakarya;Kocaali;ET TAVUÐU;Kanatlý Hayvan;860044;23221,2;5806,3
Sakarya;Pamukova;ET TAVUÐU;Kanatlý Hayvan;770000;20790;5198,4
Sakarya;Sapanca;ET TAVUÐU;Kanatlý Hayvan;480000;12960;3240,6
Sakarya;Serdivan;ET TAVUÐU;Kanatlý Hayvan;0;0;0
Sakarya;Söðütlü;ET TAVUÐU;Kanatlý Hayvan;1614213;43583,8;10897,9
Sakarya;Taraklý;ET TAVUÐU;Kanatlý Hayvan;3800000;102600;25654,6
Sakarya;Adapazarý;HÝNDÝ;Kanatlý Hayvan;24000;900;225
Sakarya;Akyazý;HÝNDÝ;Kanatlý Hayvan;5875;220,3;55,1
Sakarya;Arifiye;HÝNDÝ;Kanatlý Hayvan;0;0;0
Sakarya;Erenler;HÝNDÝ;Kanatlý Hayvan;2300;86,3;46194
Sakarya;Ferizli;HÝNDÝ;Kanatlý Hayvan;256;46182;46114
Sakarya;Geyve;HÝNDÝ;Kanatlý Hayvan;380;46095;46176
Sakarya;Hendek;HÝNDÝ;Kanatlý Hayvan;0;0;0
Sakarya;Karapürçek;HÝNDÝ;Kanatlý Hayvan;34;46082;0,3
Sakarya;Karasu;HÝNDÝ;Kanatlý Hayvan;160;6;46143
Sakarya;Kaynarca;HÝNDÝ;Kanatlý Hayvan;145000;5437,5;1359,6
Sakarya;Kocaali;HÝNDÝ;Kanatlý Hayvan;0;0;0
Sakarya;Pamukova;HÝNDÝ;Kanatlý Hayvan;720;27;46240
Sakarya;Sapanca;HÝNDÝ;Kanatlý Hayvan;85;46056;0,8
Sakarya;Serdivan;HÝNDÝ;Kanatlý Hayvan;120;46146;46023
Sakarya;Söðütlü;HÝNDÝ;Kanatlý Hayvan;45;46204;0,4
Sakarya;Taraklý;HÝNDÝ;Kanatlý Hayvan;49100;1841,3;460,4
Sakarya;Adapazarý;KAZ;Kanatlý Hayvan;160;46149;46266
Sakarya;Akyazý;KAZ;Kanatlý Hayvan;515;46046;6
Sakarya;Arifiye;KAZ;Kanatlý Hayvan;0;0;0
Sakarya;Erenler;KAZ;Kanatlý Hayvan;520;46105;46028
Sakarya;Ferizli;KAZ;Kanatlý Hayvan;955;44,7;46064
Sakarya;Geyve;KAZ;Kanatlý Hayvan;275;46277;46056
Sakarya;Hendek;KAZ;Kanatlý Hayvan;110;46027;46082
Sakarya;Karapürçek;KAZ;Kanatlý Hayvan;125;46270;46143
Sakarya;Karasu;KAZ;Kanatlý Hayvan;40;46266;0,5
Sakarya;Kaynarca;KAZ;Kanatlý Hayvan;650;46142;46180
Sakarya;Kocaali;KAZ;Kanatlý Hayvan;0;0;0
Sakarya;Pamukova;KAZ;Kanatlý Hayvan;250;46214;46267
Sakarya;Sapanca;KAZ;Kanatlý Hayvan;320;15;46206
Sakarya;Serdivan;KAZ;Kanatlý Hayvan;150;7;46235
Sakarya;Söðütlü;KAZ;Kanatlý Hayvan;25;46054;0,3
Sakarya;Taraklý;KAZ;Kanatlý Hayvan;75;46145;0,9
Sakarya;Adapazarý;ÖRDEK;Kanatlý Hayvan;0;0;0
Sakarya;Akyazý;ÖRDEK;Kanatlý Hayvan;12500;585;146,3
Sakarya;Arifiye;ÖRDEK;Kanatlý Hayvan;0;0;0
Sakarya;Erenler;ÖRDEK;Kanatlý Hayvan;1100;51,5;46277
Sakarya;Ferizli;ÖRDEK;Kanatlý Hayvan;575;46291;46209
Sakarya;Geyve;ÖRDEK;Kanatlý Hayvan;151;46029;46235
Sakarya;Hendek;ÖRDEK;Kanatlý Hayvan;140;46179;46174
Sakarya;Karapürçek;ÖRDEK;Kanatlý Hayvan;85;4;1
Sakarya;Karasu;ÖRDEK;Kanatlý Hayvan;230;46244;46205
Sakarya;Kaynarca;ÖRDEK;Kanatlý Hayvan;0;0;0
Sakarya;Kocaali;ÖRDEK;Kanatlý Hayvan;70;46084;0,8
Sakarya;Pamukova;ÖRDEK;Kanatlý Hayvan;375;46190;46116
Sakarya;Sapanca;ÖRDEK;Kanatlý Hayvan;10;0,5;0,1
Sakarya;Serdivan;ÖRDEK;Kanatlý Hayvan;140;46179;46174
Sakarya;Söðütlü;ÖRDEK;Kanatlý Hayvan;122;46208;46113
Sakarya;Taraklý;ÖRDEK;Kanatlý Hayvan;200;46121;46083
Sakarya;Adapazarý;YUMURTA TAVUÐU;Kanatlý Hayvan;118000;6460,5;1615,4
Sakarya;Akyazý;YUMURTA TAVUÐU;Kanatlý Hayvan;23800;1303,1;325,8
Sakarya;Arifiye;YUMURTA TAVUÐU;Kanatlý Hayvan;114500;6268,9;1567,5
Sakarya;Erenler;YUMURTA TAVUÐU;Kanatlý Hayvan;12500;684,4;171,1
Sakarya;Ferizli;YUMURTA TAVUÐU;Kanatlý Hayvan;18000;985,5;246,4
Sakarya;Geyve;YUMURTA TAVUÐU;Kanatlý Hayvan;5380;294,6;73,7
Sakarya;Hendek;YUMURTA TAVUÐU;Kanatlý Hayvan;257000;14070,8;3518,3
Sakarya;Karapürçek;YUMURTA TAVUÐU;Kanatlý Hayvan;19700;1078,6;269,7
Sakarya;Karasu;YUMURTA TAVUÐU;Kanatlý Hayvan;31600;1730,1;432,6
Sakarya;Kaynarca;YUMURTA TAVUÐU;Kanatlý Hayvan;1000000;54750;13690
Sakarya;Kocaali;YUMURTA TAVUÐU;Kanatlý Hayvan;10800;591,3;147,9
Sakarya;Pamukova;YUMURTA TAVUÐU;Kanatlý Hayvan;4600;251,9;63
Sakarya;Sapanca;YUMURTA TAVUÐU;Kanatlý Hayvan;12000;657;164,3
Sakarya;Serdivan;YUMURTA TAVUÐU;Kanatlý Hayvan;12000;657;164,3
Sakarya;Söðütlü;YUMURTA TAVUÐU;Kanatlý Hayvan;15130;828,4;207,1
Sakarya;Taraklý;YUMURTA TAVUÐU;Kanatlý Hayvan;92100;5042,5;1260,8
Samsun;Alaçam;AT;Büyükbaþ Hayvan;212;1160,7;46059
Samsun;Asarcýk;AT;Büyükbaþ Hayvan;21;115;0,6
Samsun;Atakum;AT;Büyükbaþ Hayvan;28;153,3;0,8
Samsun;Ayvacýk;AT;Büyükbaþ Hayvan;17;93,1;0,5
Samsun;Bafra;AT;Büyükbaþ Hayvan;415;2272,1;46065
Samsun;Canik;AT;Büyükbaþ Hayvan;142;777,5;46057
Samsun;Çarþamba;AT;Büyükbaþ Hayvan;37;202,6;46023
Samsun;Havza;AT;Büyükbaþ Hayvan;44;240,9;46082
Samsun;Ýlkadým;AT;Büyükbaþ Hayvan;7;38,3;0,2
Samsun;Kavak;AT;Büyükbaþ Hayvan;13;71,2;0,4
Samsun;Ladik;AT;Büyükbaþ Hayvan;47;257,3;46113
Samsun;Ondokuz Mayýs;AT;Büyükbaþ Hayvan;104;569,4;3
Samsun;Salýpazarý;AT;Büyükbaþ Hayvan;120;657;46145
Samsun;Tekkeköy;AT;Büyükbaþ Hayvan;20;109,5;0,6
Samsun;Terme;AT;Büyükbaþ Hayvan;220;1204,5;46118
Samsun;Vezirköprü;AT;Büyükbaþ Hayvan;22;120,5;0,6
Samsun;Yakakent;AT;Büyükbaþ Hayvan;380;2080,5;46033
Samsun;Alaçam;EÞEK;Büyükbaþ Hayvan;338;925,3;3
Samsun;Asarcýk;EÞEK;Büyükbaþ Hayvan;400;1095;46145
Samsun;Atakum;EÞEK;Büyükbaþ Hayvan;62;169,7;0,5
Samsun;Ayvacýk;EÞEK;Büyükbaþ Hayvan;607;1661,7;46086
Samsun;Bafra;EÞEK;Büyükbaþ Hayvan;230;629,6;2
Samsun;Canik;EÞEK;Büyükbaþ Hayvan;415;1136,1;46176
Samsun;Çarþamba;EÞEK;Büyükbaþ Hayvan;43;117,7;0,4
Samsun;Havza;EÞEK;Büyükbaþ Hayvan;40;109,5;0,4
Samsun;Ýlkadým;EÞEK;Büyükbaþ Hayvan;52;142,4;0,5
Samsun;Kavak;EÞEK;Büyükbaþ Hayvan;107;292,9;0,9
Samsun;Ladik;EÞEK;Büyükbaþ Hayvan;97;265,5;0,9
Samsun;Ondokuz Mayýs;EÞEK;Büyükbaþ Hayvan;14;38,3;0,1
Samsun;Salýpazarý;EÞEK;Büyükbaþ Hayvan;100;273,8;0,9
Samsun;Tekkeköy;EÞEK;Büyükbaþ Hayvan;20;54,8;0,2
Samsun;Terme;EÞEK;Büyükbaþ Hayvan;7;46072;0,1
Samsun;Vezirköprü;EÞEK;Büyükbaþ Hayvan;220;602,3;46266
Samsun;Yakakent;EÞEK;Büyükbaþ Hayvan;317;867,8;46236
Samsun;Alaçam;KATIR;Büyükbaþ Hayvan;52;227,8;1
Samsun;Asarcýk;KATIR;Büyükbaþ Hayvan;30;131,4;0,6
Samsun;Atakum;KATIR;Büyükbaþ Hayvan;35;153,3;0,7
Samsun;Ayvacýk;KATIR;Büyükbaþ Hayvan;16;70,1;0,3
Samsun;Bafra;KATIR;Büyükbaþ Hayvan;1200;5256;46164
Samsun;Canik;KATIR;Büyükbaþ Hayvan;647;2833,9;46034
Samsun;Çarþamba;KATIR;Büyükbaþ Hayvan;3;46035;0,1
Samsun;Havza;KATIR;Büyükbaþ Hayvan;80;350,4;46143
Samsun;Salýpazarý;KATIR;Büyükbaþ Hayvan;15;65,7;0,3
Samsun;Tekkeköy;KATIR;Büyükbaþ Hayvan;8;35;0,2
Samsun;Terme;KATIR;Büyükbaþ Hayvan;150;657;46236
Samsun;Vezirköprü;KATIR;Büyükbaþ Hayvan;33;144,5;0,6
Samsun;Yakakent;KATIR;Büyükbaþ Hayvan;128;560,6;46114
Samsun;Alaçam;MANDA;Büyükbaþ Hayvan;2000;14600;109,4
Samsun;Asarcýk;MANDA;Büyükbaþ Hayvan;297;2168,1;46069
Samsun;Atakum;MANDA;Büyükbaþ Hayvan;176;1284,8;46182
Samsun;Ayvacýk;MANDA;Büyükbaþ Hayvan;7;51,1;0,4
Samsun;Bafra;MANDA;Büyükbaþ Hayvan;9500;69350;519,8
Samsun;Canik;MANDA;Büyükbaþ Hayvan;40;292;46055
Samsun;Çarþamba;MANDA;Büyükbaþ Hayvan;1949;14227,7;106,6
Samsun;Havza;MANDA;Büyükbaþ Hayvan;472;3445,6;46259
Samsun;Ýlkadým;MANDA;Büyükbaþ Hayvan;16;116,8;0,9
Samsun;Kavak;MANDA;Büyükbaþ Hayvan;348;2540,4;19
Samsun;Ladik;MANDA;Büyükbaþ Hayvan;473;3452,9;46290
Samsun;Ondokuz Mayýs;MANDA;Büyükbaþ Hayvan;1929;14081,7;105,5
Samsun;Salýpazarý;MANDA;Büyükbaþ Hayvan;135;985,5;46119
Samsun;Tekkeköy;MANDA;Büyükbaþ Hayvan;122;890,6;46209
Samsun;Terme;MANDA;Büyükbaþ Hayvan;1449;10577,7;79,3
Samsun;Vezirköprü;MANDA;Büyükbaþ Hayvan;2500;18250;136,8
Samsun;Yakakent;MANDA;Büyükbaþ Hayvan;88;642,4;46238
Samsun;Alaçam;SIÐIR (KÜLTÜR);Büyükbaþ Hayvan;4914;44840,3;360,1
Samsun;Asarcýk;SIÐIR (KÜLTÜR);Büyükbaþ Hayvan;2756;25148,5;201,9
Samsun;Atakum;SIÐIR (KÜLTÜR);Büyükbaþ Hayvan;1175;10721,9;86,1
Samsun;Ayvacýk;SIÐIR (KÜLTÜR);Büyükbaþ Hayvan;981;8951,6;71,9
Samsun;Bafra;SIÐIR (KÜLTÜR);Büyükbaþ Hayvan;20500;187062,5;1502,2
Samsun;Canik;SIÐIR (KÜLTÜR);Büyükbaþ Hayvan;1615;14736,9;118,3
Samsun;Çarþamba;SIÐIR (KÜLTÜR);Büyükbaþ Hayvan;20048;182938;1469
Samsun;Havza;SIÐIR (KÜLTÜR);Büyükbaþ Hayvan;9288;84753;680,6
Samsun;Ýlkadým;SIÐIR (KÜLTÜR);Büyükbaþ Hayvan;745;6798,1;54,6
Samsun;Kavak;SIÐIR (KÜLTÜR);Büyükbaþ Hayvan;7958;72616,8;583,1
Samsun;Ladik;SIÐIR (KÜLTÜR);Büyükbaþ Hayvan;8222;75025,8;602,5
Samsun;Ondokuz Mayýs;SIÐIR (KÜLTÜR);Büyükbaþ Hayvan;943;8604,9;69,1
Samsun;Salýpazarý;SIÐIR (KÜLTÜR);Büyükbaþ Hayvan;1677;15302,6;122,9
Samsun;Tekkeköy;SIÐIR (KÜLTÜR);Büyükbaþ Hayvan;2020;18432,5;148
Samsun;Terme;SIÐIR (KÜLTÜR);Büyükbaþ Hayvan;3080;28105;225,7
Samsun;Vezirköprü;SIÐIR (KÜLTÜR);Büyükbaþ Hayvan;10490;95721,3;768,7
Samsun;Yakakent;SIÐIR (KÜLTÜR);Büyükbaþ Hayvan;389;3549,6;46170
Samsun;Alaçam;SIÐIR (MELEZ);Büyükbaþ Hayvan;17598;115618,9;742,8
Samsun;Asarcýk;SIÐIR (MELEZ);Büyükbaþ Hayvan;3799;24959,4;160,3
Samsun;Atakum;SIÐIR (MELEZ);Büyükbaþ Hayvan;10857;71330,5;458,2
Samsun;Ayvacýk;SIÐIR (MELEZ);Büyükbaþ Hayvan;4466;29341,6;188,5
Samsun;Bafra;SIÐIR (MELEZ);Büyükbaþ Hayvan;28800;189216;1215,6
Samsun;Canik;SIÐIR (MELEZ);Büyükbaþ Hayvan;5246;34466,2;221,4
Samsun;Çarþamba;SIÐIR (MELEZ);Büyükbaþ Hayvan;19803;130105,7;835,8
Samsun;Havza;SIÐIR (MELEZ);Büyükbaþ Hayvan;14184;93188,9;598,7
Samsun;Ýlkadým;SIÐIR (MELEZ);Büyükbaþ Hayvan;4262;28001,3;179,9
Samsun;Kavak;SIÐIR (MELEZ);Büyükbaþ Hayvan;3250;21352,5;137,2
Samsun;Ladik;SIÐIR (MELEZ);Büyükbaþ Hayvan;3041;19979,4;128,4
Samsun;Ondokuz Mayýs;SIÐIR (MELEZ);Büyükbaþ Hayvan;13089;85994,7;552,4
Samsun;Salýpazarý;SIÐIR (MELEZ);Büyükbaþ Hayvan;2824;18553,7;119,2
Samsun;Tekkeköy;SIÐIR (MELEZ);Büyükbaþ Hayvan;17700;116289;747,1
Samsun;Terme;SIÐIR (MELEZ);Büyükbaþ Hayvan;18166;119350,6;766,7
Samsun;Vezirköprü;SIÐIR (MELEZ);Büyükbaþ Hayvan;20760;136393,2;876,2
Samsun;Yakakent;SIÐIR (MELEZ);Büyükbaþ Hayvan;3665;24079,1;154,7
Samsun;Alaçam;SIÐIR (YERLÝ);Büyükbaþ Hayvan;3150;17246,3;92,3
Samsun;Asarcýk;SIÐIR (YERLÝ);Büyükbaþ Hayvan;3803;20821,4;111,5
Samsun;Atakum;SIÐIR (YERLÝ);Büyükbaþ Hayvan;3656;20016,6;107,2
Samsun;Ayvacýk;SIÐIR (YERLÝ);Büyükbaþ Hayvan;3204;17541,9;93,9
Samsun;Bafra;SIÐIR (YERLÝ);Büyükbaþ Hayvan;2000;10950;58,6
Samsun;Canik;SIÐIR (YERLÝ);Büyükbaþ Hayvan;4639;25398,5;136
Samsun;Çarþamba;SIÐIR (YERLÝ);Büyükbaþ Hayvan;6815;37312,1;199,8
Samsun;Havza;SIÐIR (YERLÝ);Büyükbaþ Hayvan;1887;10331,3;55,3
Samsun;Ýlkadým;SIÐIR (YERLÝ);Büyükbaþ Hayvan;1202;6581;35,2
Samsun;Kavak;SIÐIR (YERLÝ);Büyükbaþ Hayvan;1321;7232,5;38,7
Samsun;Ladik;SIÐIR (YERLÝ);Büyükbaþ Hayvan;253;1385,2;46119
Samsun;Ondokuz Mayýs;SIÐIR (YERLÝ);Büyükbaþ Hayvan;141;772;46026
Samsun;Salýpazarý;SIÐIR (YERLÝ);Büyükbaþ Hayvan;3864;21155,4;113,3
Samsun;Tekkeköy;SIÐIR (YERLÝ);Büyükbaþ Hayvan;1720;9417;50,4
Samsun;Terme;SIÐIR (YERLÝ);Büyükbaþ Hayvan;3380;18505,5;99,1
Samsun;Vezirköprü;SIÐIR (YERLÝ);Büyükbaþ Hayvan;22130;121161,8;648,6
Samsun;Yakakent;SIÐIR (YERLÝ);Büyükbaþ Hayvan;2815;15412,1;82,5
Samsun;Alaçam;KEÇÝ (KIL);Küçükbaþ Hayvan;1000;730;46054
Samsun;Asarcýk;KEÇÝ (KIL);Küçükbaþ Hayvan;274;200;0,3
Samsun;Atakum;KEÇÝ (KIL);Küçükbaþ Hayvan;694;506,6;0,8
Samsun;Ayvacýk;KEÇÝ (KIL);Küçükbaþ Hayvan;243;177,4;0,3
Samsun;Bafra;KEÇÝ (KIL);Küçükbaþ Hayvan;8300;6059;46212
Samsun;Canik;KEÇÝ (KIL);Küçükbaþ Hayvan;500;365;0,6
Samsun;Havza;KEÇÝ (KIL);Küçükbaþ Hayvan;3884;2835,3;46177
Samsun;Ýlkadým;KEÇÝ (KIL);Küçükbaþ Hayvan;175;127,8;0,2
Samsun;Kavak;KEÇÝ (KIL);Küçükbaþ Hayvan;832;607,4;1
Samsun;Ladik;KEÇÝ (KIL);Küçükbaþ Hayvan;525;383,3;0,6
Samsun;Ondokuz Mayýs;KEÇÝ (KIL);Küçükbaþ Hayvan;190;138,7;0,2
Samsun;Salýpazarý;KEÇÝ (KIL);Küçükbaþ Hayvan;80;58,4;0,1
Samsun;Tekkeköy;KEÇÝ (KIL);Küçükbaþ Hayvan;219;159,9;0,3
Samsun;Terme;KEÇÝ (KIL);Küçükbaþ Hayvan;20;46187;0
Samsun;Vezirköprü;KEÇÝ (KIL);Küçükbaþ Hayvan;6000;4380;7
Samsun;Yakakent;KEÇÝ (KIL);Küçükbaþ Hayvan;1139;831,5;46082
Samsun;Ayvacýk;KOYUN (MERÝNOS);Küçükbaþ Hayvan;96;105,1;0,3
Samsun;Havza;KOYUN (MERÝNOS);Küçükbaþ Hayvan;2576;2820,7;46240
Samsun;Ondokuz Mayýs;KOYUN (MERÝNOS);Küçükbaþ Hayvan;128;140,2;0,3
Samsun;Tekkeköy;KOYUN (MERÝNOS);Küçükbaþ Hayvan;569;623,1;46143
Samsun;Alaçam;KOYUN (YERLÝ);Küçükbaþ Hayvan;14520;15899,4;38,3
Samsun;Asarcýk;KOYUN (YERLÝ);Küçükbaþ Hayvan;1650;1806,8;46116
Samsun;Atakum;KOYUN (YERLÝ);Küçükbaþ Hayvan;6174;6760,5;46097
Samsun;Ayvacýk;KOYUN (YERLÝ);Küçükbaþ Hayvan;2635;2885,3;7
Samsun;Bafra;KOYUN (YERLÝ);Küçükbaþ Hayvan;38420;42069,9;101,3
Samsun;Canik;KOYUN (YERLÝ);Küçükbaþ Hayvan;7000;7665;46160
Samsun;Çarþamba;KOYUN (YERLÝ);Küçükbaþ Hayvan;14706;16103,1;38,8
Samsun;Havza;KOYUN (YERLÝ);Küçükbaþ Hayvan;13335;14601,8;35,2
Samsun;Ýlkadým;KOYUN (YERLÝ);Küçükbaþ Hayvan;3590;3931,1;46151
Samsun;Kavak;KOYUN (YERLÝ);Küçükbaþ Hayvan;7784;8523,5;46162
Samsun;Ladik;KOYUN (YERLÝ);Küçükbaþ Hayvan;16440;18001,8;43,4
Samsun;Ondokuz Mayýs;KOYUN (YERLÝ);Küçükbaþ Hayvan;3414;3738,3;9
Samsun;Salýpazarý;KOYUN (YERLÝ);Küçükbaþ Hayvan;2600;2847;46271
Samsun;Tekkeköy;KOYUN (YERLÝ);Küçükbaþ Hayvan;19895;21785;52,5
Samsun;Terme;KOYUN (YERLÝ);Küçükbaþ Hayvan;2900;3175,5;46210
Samsun;Vezirköprü;KOYUN (YERLÝ);Küçükbaþ Hayvan;40500;44347,5;106,8
Samsun;Yakakent;KOYUN (YERLÝ);Küçükbaþ Hayvan;5707;6249,2;46037
Samsun;Alaçam;ET TAVUÐU;Kanatlý Hayvan;136000;3672;918,2
Samsun;Asarcýk;ET TAVUÐU;Kanatlý Hayvan;159140;4296,8;1074,4
Samsun;Atakum;ET TAVUÐU;Kanatlý Hayvan;50000;1350;337,6
Samsun;Ayvacýk;ET TAVUÐU;Kanatlý Hayvan;0;0;0
Samsun;Bafra;ET TAVUÐU;Kanatlý Hayvan;22840;616,7;154,2
Samsun;Canik;ET TAVUÐU;Kanatlý Hayvan;0;0;0
Samsun;Çarþamba;ET TAVUÐU;Kanatlý Hayvan;0;0;0
Samsun;Havza;ET TAVUÐU;Kanatlý Hayvan;24500;661,5;165,4
Samsun;Ýlkadým;ET TAVUÐU;Kanatlý Hayvan;0;0;0
Samsun;Kavak;ET TAVUÐU;Kanatlý Hayvan;583810;15762,9;3941,4
Samsun;Ladik;ET TAVUÐU;Kanatlý Hayvan;51880;1400,8;350,3
Samsun;Ondokuz Mayýs;ET TAVUÐU;Kanatlý Hayvan;157370;4249;1062,4
Samsun;Salýpazarý;ET TAVUÐU;Kanatlý Hayvan;9000;243;60,8
Samsun;Tekkeköy;ET TAVUÐU;Kanatlý Hayvan;24500;661,5;165,4
Samsun;Terme;ET TAVUÐU;Kanatlý Hayvan;0;0;0
Samsun;Vezirköprü;ET TAVUÐU;Kanatlý Hayvan;0;0;0
Samsun;Yakakent;ET TAVUÐU;Kanatlý Hayvan;0;0;0
Samsun;Alaçam;HÝNDÝ;Kanatlý Hayvan;600;46164;46178
Samsun;Asarcýk;HÝNDÝ;Kanatlý Hayvan;60;46083;0,6
Samsun;Atakum;HÝNDÝ;Kanatlý Hayvan;570;46133;46086
Samsun;Ayvacýk;HÝNDÝ;Kanatlý Hayvan;125;46207;46054
Samsun;Bafra;HÝNDÝ;Kanatlý Hayvan;6500;243,8;60,9
Samsun;Canik;HÝNDÝ;Kanatlý Hayvan;358;46125;46115
Samsun;Çarþamba;HÝNDÝ;Kanatlý Hayvan;365;46216;46115
Samsun;Havza;HÝNDÝ;Kanatlý Hayvan;227;46150;46024
Samsun;Ýlkadým;HÝNDÝ;Kanatlý Hayvan;80;3;0,8
Samsun;Kavak;HÝNDÝ;Kanatlý Hayvan;170;46118;46174
Samsun;Ladik;HÝNDÝ;Kanatlý Hayvan;510;46041;46238
Samsun;Ondokuz Mayýs;HÝNDÝ;Kanatlý Hayvan;288;46244;46205
Samsun;Salýpazarý;HÝNDÝ;Kanatlý Hayvan;40;46143;0,4
Samsun;Tekkeköy;HÝNDÝ;Kanatlý Hayvan;400;15;46237
Samsun;Terme;HÝNDÝ;Kanatlý Hayvan;1555;58,3;46187
Samsun;Vezirköprü;HÝNDÝ;Kanatlý Hayvan;4250;159,4;39,9
Samsun;Yakakent;HÝNDÝ;Kanatlý Hayvan;;0;0
Samsun;Alaçam;KAZ;Kanatlý Hayvan;2150;100,6;46078
Samsun;Asarcýk;KAZ;Kanatlý Hayvan;2400;112,3;46050
Samsun;Atakum;KAZ;Kanatlý Hayvan;2325;108,8;46080
Samsun;Ayvacýk;KAZ;Kanatlý Hayvan;115;46117;46082
Samsun;Bafra;KAZ;Kanatlý Hayvan;3000;140,4;35,1
Samsun;Canik;KAZ;Kanatlý Hayvan;1150;53,8;46155
Samsun;Çarþamba;KAZ;Kanatlý Hayvan;982;46;46153
Samsun;Havza;KAZ;Kanatlý Hayvan;10077;471,6;117,9
Samsun;Ýlkadým;KAZ;Kanatlý Hayvan;110;46027;46082
Samsun;Kavak;KAZ;Kanatlý Hayvan;1955;91,5;46287
Samsun;Ladik;KAZ;Kanatlý Hayvan;1835;85,9;46163
Samsun;Ondokuz Mayýs;KAZ;Kanatlý Hayvan;693;32,4;46030
Samsun;Salýpazarý;KAZ;Kanatlý Hayvan;270;46185;46056
Samsun;Tekkeköy;KAZ;Kanatlý Hayvan;350;46128;46026
Samsun;Terme;KAZ;Kanatlý Hayvan;1670;78,2;46161
Samsun;Vezirköprü;KAZ;Kanatlý Hayvan;4600;215,3;53,8
Samsun;Yakakent;KAZ;Kanatlý Hayvan;0;0;0
Samsun;Alaçam;ÖRDEK;Kanatlý Hayvan;3400;159,1;39,8
Samsun;Asarcýk;ÖRDEK;Kanatlý Hayvan;280;46035;46084
Samsun;Atakum;ÖRDEK;Kanatlý Hayvan;825;38,6;46212
Samsun;Ayvacýk;ÖRDEK;Kanatlý Hayvan;262;46093;46025
Samsun;Bafra;ÖRDEK;Kanatlý Hayvan;2500;117;46110
Samsun;Canik;ÖRDEK;Kanatlý Hayvan;723;33,8;46150
Samsun;Çarþamba;ÖRDEK;Kanatlý Hayvan;1318;61,7;46127
Samsun;Havza;ÖRDEK;Kanatlý Hayvan;950;44,5;46033
Samsun;Ýlkadým;ÖRDEK;Kanatlý Hayvan;170;8;2
Samsun;Kavak;ÖRDEK;Kanatlý Hayvan;475;46075;46178
Samsun;Ladik;ÖRDEK;Kanatlý Hayvan;1265;59,2;46248
Samsun;Ondokuz Mayýs;ÖRDEK;Kanatlý Hayvan;974;45,6;46123
Samsun;Salýpazarý;ÖRDEK;Kanatlý Hayvan;400;46221;46207
Samsun;Tekkeköy;ÖRDEK;Kanatlý Hayvan;300;14;46145
Samsun;Terme;ÖRDEK;Kanatlý Hayvan;4150;194,2;48,6
Samsun;Vezirköprü;ÖRDEK;Kanatlý Hayvan;4500;210,6;52,7
Samsun;Yakakent;ÖRDEK;Kanatlý Hayvan;0;0;0
Samsun;Alaçam;YUMURTA TAVUÐU;Kanatlý Hayvan;42300;2315,9;579,1
Samsun;Asarcýk;YUMURTA TAVUÐU;Kanatlý Hayvan;7000;383,3;95,8
Samsun;Atakum;YUMURTA TAVUÐU;Kanatlý Hayvan;7850;429,8;107,5
Samsun;Ayvacýk;YUMURTA TAVUÐU;Kanatlý Hayvan;12500;684,4;171,1
Samsun;Bafra;YUMURTA TAVUÐU;Kanatlý Hayvan;400000;21900;5476
Samsun;Canik;YUMURTA TAVUÐU;Kanatlý Hayvan;14550;796,6;199,2
Samsun;Çarþamba;YUMURTA TAVUÐU;Kanatlý Hayvan;49300;2699,2;674,9
Samsun;Havza;YUMURTA TAVUÐU;Kanatlý Hayvan;12304;673,6;168,4
Samsun;Ýlkadým;YUMURTA TAVUÐU;Kanatlý Hayvan;9115;499;124,8
Samsun;Kavak;YUMURTA TAVUÐU;Kanatlý Hayvan;241000;13194,8;3299,3
Samsun;Ladik;YUMURTA TAVUÐU;Kanatlý Hayvan;7700;421,6;105,4
Samsun;Ondokuz Mayýs;YUMURTA TAVUÐU;Kanatlý Hayvan;51000;2792,3;698,2
Samsun;Salýpazarý;YUMURTA TAVUÐU;Kanatlý Hayvan;25000;1368,8;342,2
Samsun;Tekkeköy;YUMURTA TAVUÐU;Kanatlý Hayvan;31000;1697,3;424,4
Samsun;Terme;YUMURTA TAVUÐU;Kanatlý Hayvan;461660;25275,9;6320,1
Samsun;Vezirköprü;YUMURTA TAVUÐU;Kanatlý Hayvan;102550;5614,6;1403,9
Samsun;Yakakent;YUMURTA TAVUÐU;Kanatlý Hayvan;12510;684,9;171,3
Siirt;Baykan;AT;Büyükbaþ Hayvan;315;1724,6;46062
Siirt;Eruh;AT;Büyükbaþ Hayvan;60;328,5;46235
Siirt;Kurtalan;AT;Büyükbaþ Hayvan;22;120,5;0,6
Siirt;Merkez;AT;Büyükbaþ Hayvan;74;405,2;46055
Siirt;Pervari;AT;Büyükbaþ Hayvan;840;4599;46197
Siirt;Tillo;AT;Büyükbaþ Hayvan;53;290,2;46174
Siirt;Baykan;EÞEK;Büyükbaþ Hayvan;274;750,1;46114
Siirt;Eruh;EÞEK;Büyükbaþ Hayvan;140;383,3;46054
Siirt;Kurtalan;EÞEK;Büyükbaþ Hayvan;310;848,6;46205
Siirt;Merkez;EÞEK;Büyükbaþ Hayvan;280;766,5;46144
Siirt;Pervari;EÞEK;Büyükbaþ Hayvan;1115;3052,3;46243
Siirt;Þirvan;EÞEK;Büyükbaþ Hayvan;200;547,5;46235
Siirt;Tillo;EÞEK;Büyükbaþ Hayvan;50;136,9;0,4
Siirt;Baykan;KATIR;Büyükbaþ Hayvan;373;1633,7;7
Siirt;Eruh;KATIR;Büyükbaþ Hayvan;255;1116,9;46238
Siirt;Kurtalan;KATIR;Büyükbaþ Hayvan;40;175,2;0,8
Siirt;Merkez;KATIR;Büyükbaþ Hayvan;175;766,5;46084
Siirt;Pervari;KATIR;Büyükbaþ Hayvan;1151;5041,4;46194
Siirt;Tillo;KATIR;Büyükbaþ Hayvan;46;201,5;0,9
Siirt;Baykan;SIÐIR (KÜLTÜR);Büyükbaþ Hayvan;301;2746,6;46044
Siirt;Eruh;SIÐIR (KÜLTÜR);Büyükbaþ Hayvan;111;1012,9;46030
Siirt;Kurtalan;SIÐIR (KÜLTÜR);Büyükbaþ Hayvan;2340;21352,5;171,5
Siirt;Merkez;SIÐIR (KÜLTÜR);Büyükbaþ Hayvan;948;8650,5;69,5
Siirt;Pervari;SIÐIR (KÜLTÜR);Büyükbaþ Hayvan;542;4945,8;39,7
Siirt;Þirvan;SIÐIR (KÜLTÜR);Büyükbaþ Hayvan;770;7026,3;56,4
Siirt;Tillo;SIÐIR (KÜLTÜR);Büyükbaþ Hayvan;108;985,5;46272
Siirt;Baykan;SIÐIR (MELEZ);Büyükbaþ Hayvan;2818;18514,3;118,9
Siirt;Eruh;SIÐIR (MELEZ);Büyükbaþ Hayvan;2510;16490,7;105,9
Siirt;Kurtalan;SIÐIR (MELEZ);Büyükbaþ Hayvan;3195;20991,2;134,9
Siirt;Merkez;SIÐIR (MELEZ);Büyükbaþ Hayvan;1699;11162,4;71,7
Siirt;Pervari;SIÐIR (MELEZ);Büyükbaþ Hayvan;7540;49537,8;318,2
Siirt;Þirvan;SIÐIR (MELEZ);Büyükbaþ Hayvan;2700;17739;114
Siirt;Tillo;SIÐIR (MELEZ);Büyükbaþ Hayvan;408;2680,6;46070
Siirt;Baykan;SIÐIR (YERLÝ);Büyükbaþ Hayvan;4227;23142,8;123,9
Siirt;Eruh;SIÐIR (YERLÝ);Büyükbaþ Hayvan;379;2075;46033
Siirt;Kurtalan;SIÐIR (YERLÝ);Büyükbaþ Hayvan;300;1642,5;46242
Siirt;Merkez;SIÐIR (YERLÝ);Büyükbaþ Hayvan;1739;9521;51
Siirt;Pervari;SIÐIR (YERLÝ);Büyükbaþ Hayvan;800;4380;46135
Siirt;Þirvan;SIÐIR (YERLÝ);Büyükbaþ Hayvan;1410;7719,8;41,3
Siirt;Tillo;SIÐIR (YERLÝ);Büyükbaþ Hayvan;73;399,7;46024
Siirt;Baykan;KEÇÝ (KIL);Küçükbaþ Hayvan;47339;34557,5;55,5
Siirt;Eruh;KEÇÝ (KIL);Küçükbaþ Hayvan;62961;45961,5;73,8
Siirt;Kurtalan;KEÇÝ (KIL);Küçükbaþ Hayvan;38000;27740;44,6
Siirt;Merkez;KEÇÝ (KIL);Küçükbaþ Hayvan;118020;86154,6;138,4
Siirt;Pervari;KEÇÝ (KIL);Küçükbaþ Hayvan;99555;72675,2;116,7
Siirt;Þirvan;KEÇÝ (KIL);Küçükbaþ Hayvan;116600;85118;136,7
Siirt;Tillo;KEÇÝ (KIL);Küçükbaþ Hayvan;8820;6438,6;46091
Siirt;Baykan;KEÇÝ (TÝFTÝK);Küçükbaþ Hayvan;1384;1010,3;46174
Siirt;Merkez;KEÇÝ (TÝFTÝK);Küçükbaþ Hayvan;1465;1069,5;46204
Siirt;Þirvan;KEÇÝ (TÝFTÝK);Küçükbaþ Hayvan;4870;3555,1;46208
Siirt;Tillo;KEÇÝ (TÝFTÝK);Küçükbaþ Hayvan;8318;6072,1;46243
Siirt;Baykan;KOYUN (YERLÝ);Küçükbaþ Hayvan;60322;66052,6;159,1
Siirt;Eruh;KOYUN (YERLÝ);Küçükbaþ Hayvan;54157;59301,9;142,9
Siirt;Kurtalan;KOYUN (YERLÝ);Küçükbaþ Hayvan;80000;87600;211
Siirt;Merkez;KOYUN (YERLÝ);Küçükbaþ Hayvan;409238;448115,6;1079,5
Siirt;Pervari;KOYUN (YERLÝ);Küçükbaþ Hayvan;76426;83686,5;201,6
Siirt;Þirvan;KOYUN (YERLÝ);Küçükbaþ Hayvan;57739;63224,2;152,3
Siirt;Tillo;KOYUN (YERLÝ);Küçükbaþ Hayvan;5239;5736,7;46247
Siirt;Baykan;ET TAVUÐU;Kanatlý Hayvan;0;0;0
Siirt;Eruh;ET TAVUÐU;Kanatlý Hayvan;0;0;0
Siirt;Kurtalan;ET TAVUÐU;Kanatlý Hayvan;0;0;0
Siirt;Merkez;ET TAVUÐU;Kanatlý Hayvan;0;0;0
Siirt;Þirvan;ET TAVUÐU;Kanatlý Hayvan;0;0;0
Siirt;Baykan;HÝNDÝ;Kanatlý Hayvan;270;46032;46144
Siirt;Eruh;HÝNDÝ;Kanatlý Hayvan;145;46117;46113
Siirt;Kurtalan;HÝNDÝ;Kanatlý Hayvan;5500;206,3;51,6
Siirt;Merkez;HÝNDÝ;Kanatlý Hayvan;2830;106,1;46168
Siirt;Pervari;HÝNDÝ;Kanatlý Hayvan;1256;47,1;46245
Siirt;Þirvan;HÝNDÝ;Kanatlý Hayvan;400;15;46237
Siirt;Tillo;HÝNDÝ;Kanatlý Hayvan;300;46092;46236
Siirt;Baykan;KAZ;Kanatlý Hayvan;150;7;46235
Siirt;Eruh;KAZ;Kanatlý Hayvan;50;46083;0,6
Siirt;Kurtalan;KAZ;Kanatlý Hayvan;2800;131;32,8
Siirt;Merkez;KAZ;Kanatlý Hayvan;215;46032;46144
Siirt;Þirvan;KAZ;Kanatlý Hayvan;30;46113;0,4
Siirt;Tillo;KAZ;Kanatlý Hayvan;60;46236;0,7
Siirt;Baykan;ÖRDEK;Kanatlý Hayvan;220;46091;46175
Siirt;Eruh;ÖRDEK;Kanatlý Hayvan;40;46266;0,5
Siirt;Kurtalan;ÖRDEK;Kanatlý Hayvan;2150;100,6;46078
Siirt;Merkez;ÖRDEK;Kanatlý Hayvan;200;46121;46083
Siirt;Þirvan;ÖRDEK;Kanatlý Hayvan;40;46266;0,5
Siirt;Tillo;ÖRDEK;Kanatlý Hayvan;40;46266;0,5
Siirt;Baykan;YUMURTA TAVUÐU;Kanatlý Hayvan;10100;553;138,3
Siirt;Eruh;YUMURTA TAVUÐU;Kanatlý Hayvan;2000;109,5;46139
Siirt;Kurtalan;YUMURTA TAVUÐU;Kanatlý Hayvan;16500;903,4;225,9
Siirt;Merkez;YUMURTA TAVUÐU;Kanatlý Hayvan;23500;1286,6;321,7
Siirt;Pervari;YUMURTA TAVUÐU;Kanatlý Hayvan;35754;1957,5;489,5
Siirt;Þirvan;YUMURTA TAVUÐU;Kanatlý Hayvan;3500;191,6;47,9
Siirt;Tillo;YUMURTA TAVUÐU;Kanatlý Hayvan;1000;54,8;46216
Sinop;Ayancýk;AT;Büyükbaþ Hayvan;16;87,6;0,5
Sinop;Boyabat;AT;Büyükbaþ Hayvan;49;268,3;46113
Sinop;Dikmen;AT;Büyükbaþ Hayvan;79;432,5;46083
Sinop;Duraðan;AT;Büyükbaþ Hayvan;210;1149,8;46059
Sinop;Erfelek;AT;Büyükbaþ Hayvan;2;11;0,1
Sinop;Gerze;AT;Büyükbaþ Hayvan;8;43,8;0,2
Sinop;Merkez;AT;Büyükbaþ Hayvan;20;109,5;0,6
Sinop;Saraydüzü;AT;Büyükbaþ Hayvan;3;46128;0,1
Sinop;Türkeli;AT;Büyükbaþ Hayvan;8;43,8;0,2
Sinop;Ayancýk;EÞEK;Büyükbaþ Hayvan;133;364,1;46054
Sinop;Boyabat;EÞEK;Büyükbaþ Hayvan;396;1084,1;46145
Sinop;Dikmen;EÞEK;Büyükbaþ Hayvan;329;900,6;46267
Sinop;Duraðan;EÞEK;Büyükbaþ Hayvan;350;958,1;46025
Sinop;Erfelek;EÞEK;Büyükbaþ Hayvan;47;128,7;0,4
Sinop;Gerze;EÞEK;Büyükbaþ Hayvan;124;339,5;46023
Sinop;Merkez;EÞEK;Büyükbaþ Hayvan;185;506,4;46174
Sinop;Saraydüzü;EÞEK;Büyükbaþ Hayvan;50;136,9;0,4
Sinop;Türkeli;EÞEK;Büyükbaþ Hayvan;83;227,2;0,7
Sinop;Ayancýk;KATIR;Büyükbaþ Hayvan;6;46107;0,1
Sinop;Boyabat;KATIR;Büyükbaþ Hayvan;150;657;46236
Sinop;Dikmen;KATIR;Büyükbaþ Hayvan;148;648,2;46236
Sinop;Duraðan;KATIR;Büyükbaþ Hayvan;350;1533;46179
Sinop;Erfelek;KATIR;Büyükbaþ Hayvan;8;35;0,2
Sinop;Gerze;KATIR;Büyükbaþ Hayvan;35;153,3;0,7
Sinop;Merkez;KATIR;Büyükbaþ Hayvan;15;65,7;0,3
Sinop;Saraydüzü;KATIR;Büyükbaþ Hayvan;5;46286;0,1
Sinop;Türkeli;KATIR;Büyükbaþ Hayvan;4;46159;0,1
Sinop;Ayancýk;MANDA;Büyükbaþ Hayvan;10;73;0,5
Sinop;Boyabat;MANDA;Büyükbaþ Hayvan;636;4642,8;34,8
Sinop;Dikmen;MANDA;Büyükbaþ Hayvan;3;46286;0,2
Sinop;Duraðan;MANDA;Büyükbaþ Hayvan;159;1160,7;46211
Sinop;Erfelek;MANDA;Büyükbaþ Hayvan;97;708,1;46086
Sinop;Gerze;MANDA;Büyükbaþ Hayvan;21;153,3;46023
Sinop;Merkez;MANDA;Büyükbaþ Hayvan;324;2365,2;46220
Sinop;Saraydüzü;MANDA;Büyükbaþ Hayvan;21;153,3;46023
Sinop;Türkeli;MANDA;Büyükbaþ Hayvan;80;584;46116
Sinop;Ayancýk;SIÐIR (KÜLTÜR);Büyükbaþ Hayvan;796;7263,5;58,3
Sinop;Boyabat;SIÐIR (KÜLTÜR);Büyükbaþ Hayvan;9610;87691,3;704,2
Sinop;Dikmen;SIÐIR (KÜLTÜR);Büyükbaþ Hayvan;608;5548;44,6
Sinop;Duraðan;SIÐIR (KÜLTÜR);Büyükbaþ Hayvan;766;6989,8;56,1
Sinop;Gerze;SIÐIR (KÜLTÜR);Büyükbaþ Hayvan;1081;9864,1;79,2
Sinop;Merkez;SIÐIR (KÜLTÜR);Büyükbaþ Hayvan;3680;33580;269,7
Sinop;Saraydüzü;SIÐIR (KÜLTÜR);Büyükbaþ Hayvan;1315;11999,4;96,4
Sinop;Türkeli;SIÐIR (KÜLTÜR);Büyükbaþ Hayvan;537;4900,1;39,3
Sinop;Ayancýk;SIÐIR (MELEZ);Büyükbaþ Hayvan;3425;22502,3;144,6
Sinop;Boyabat;SIÐIR (MELEZ);Büyükbaþ Hayvan;23092;151714,4;974,6
Sinop;Dikmen;SIÐIR (MELEZ);Büyükbaþ Hayvan;1411;9270,3;59,6
Sinop;Duraðan;SIÐIR (MELEZ);Büyükbaþ Hayvan;3999;26273,4;168,8
Sinop;Erfelek;SIÐIR (MELEZ);Büyükbaþ Hayvan;4075;26772,8;172
Sinop;Gerze;SIÐIR (MELEZ);Büyükbaþ Hayvan;6048;39735,4;255,3
Sinop;Merkez;SIÐIR (MELEZ);Büyükbaþ Hayvan;11466;75331,6;483,9
Sinop;Saraydüzü;SIÐIR (MELEZ);Büyükbaþ Hayvan;2415;15866,6;101,9
Sinop;Türkeli;SIÐIR (MELEZ);Büyükbaþ Hayvan;2886;18961;121,8
Sinop;Ayancýk;SIÐIR (YERLÝ);Büyükbaþ Hayvan;1457;7977,1;42,7
Sinop;Boyabat;SIÐIR (YERLÝ);Büyükbaþ Hayvan;1032;5650,2;30,2
Sinop;Dikmen;SIÐIR (YERLÝ);Büyükbaþ Hayvan;3303;18083,9;96,8
Sinop;Duraðan;SIÐIR (YERLÝ);Büyükbaþ Hayvan;12281;67238,5;360
Sinop;Erfelek;SIÐIR (YERLÝ);Büyükbaþ Hayvan;3365;18423,4;98,6
Sinop;Gerze;SIÐIR (YERLÝ);Büyükbaþ Hayvan;2746;15034,4;80,5
Sinop;Merkez;SIÐIR (YERLÝ);Büyükbaþ Hayvan;1280;7008;37,5
Sinop;Saraydüzü;SIÐIR (YERLÝ);Büyükbaþ Hayvan;360;1971;46183
Sinop;Türkeli;SIÐIR (YERLÝ);Büyükbaþ Hayvan;1414;7741,7;41,4
Sinop;Ayancýk;KEÇÝ (KIL);Büyükbaþ Hayvan;356;259,9;0,4
Sinop;Boyabat;KEÇÝ (KIL);Büyükbaþ Hayvan;7319;5342,9;46181
Sinop;Dikmen;KEÇÝ (KIL);Büyükbaþ Hayvan;1340;978,2;46174
Sinop;Duraðan;KEÇÝ (KIL);Büyükbaþ Hayvan;13610;9935,3;16
Sinop;Erfelek;KEÇÝ (KIL);Büyükbaþ Hayvan;41;46294;0
Sinop;Gerze;KEÇÝ (KIL);Büyükbaþ Hayvan;532;388,4;0,6
Sinop;Merkez;KEÇÝ (KIL);Büyükbaþ Hayvan;267;194,9;0,3
Sinop;Saraydüzü;KEÇÝ (KIL);Büyükbaþ Hayvan;1520;1109,6;46235
Sinop;Türkeli;KEÇÝ (KIL);Büyükbaþ Hayvan;78;56,9;0,1
Sinop;Ayancýk;KOYUN (MERÝNOS);Büyükbaþ Hayvan;723;791,7;46266
Sinop;Dikmen;KOYUN (MERÝNOS);Büyükbaþ Hayvan;225;246,4;0,6
Sinop;Gerze;KOYUN (MERÝNOS);Büyükbaþ Hayvan;337;369;0,9
Sinop;Merkez;KOYUN (MERÝNOS);Büyükbaþ Hayvan;220;240,9;0,6
Sinop;Saraydüzü;KOYUN (MERÝNOS);Büyükbaþ Hayvan;257;281,4;0,7
Sinop;Türkeli;KOYUN (MERÝNOS);Büyükbaþ Hayvan;325;355,9;0,9
Sinop;Ayancýk;KOYUN (YERLÝ);Büyükbaþ Hayvan;715;782,9;46266
Sinop;Boyabat;KOYUN (YERLÝ);Büyükbaþ Hayvan;39430;43175,9;104
Sinop;Dikmen;KOYUN (YERLÝ);Büyükbaþ Hayvan;4730;5179,4;46154
Sinop;Duraðan;KOYUN (YERLÝ);Büyükbaþ Hayvan;19155;20974,7;50,5
Sinop;Erfelek;KOYUN (YERLÝ);Büyükbaþ Hayvan;1860;2036,7;46269
Sinop;Gerze;KOYUN (YERLÝ);Büyükbaþ Hayvan;7782;8521,3;46162
Sinop;Merkez;KOYUN (YERLÝ);Büyükbaþ Hayvan;5513;6036,7;46156
Sinop;Saraydüzü;KOYUN (YERLÝ);Büyükbaþ Hayvan;4590;5026,1;46034
Sinop;Türkeli;KOYUN (YERLÝ);Büyükbaþ Hayvan;452;494,9;46054
Sinop;Boyabat;ET TAVUÐU;Kanatlý Hayvan;0;0;0
Sinop;Dikmen;ET TAVUÐU;Kanatlý Hayvan;0;0;0
Sinop;Duraðan;ET TAVUÐU;Kanatlý Hayvan;0;0;0
Sinop;Erfelek;ET TAVUÐU;Kanatlý Hayvan;0;0;0
Sinop;Merkez;ET TAVUÐU;Kanatlý Hayvan;0;0;0
Sinop;Saraydüzü;ET TAVUÐU;Kanatlý Hayvan;0;0;0
Sinop;Türkeli;ET TAVUÐU;Kanatlý Hayvan;0;0;0
Sinop;Ayancýk;HÝNDÝ;Kanatlý Hayvan;99;46206;0,9
Sinop;Boyabat;HÝNDÝ;Kanatlý Hayvan;1400;52,5;46035
Sinop;Dikmen;HÝNDÝ;Kanatlý Hayvan;;0;0
Sinop;Duraðan;HÝNDÝ;Kanatlý Hayvan;500;46252;46207
Sinop;Erfelek;HÝNDÝ;Kanatlý Hayvan;170;46118;46174
Sinop;Gerze;HÝNDÝ;Kanatlý Hayvan;167;46087;46174
Sinop;Merkez;HÝNDÝ;Kanatlý Hayvan;570;46133;46086
Sinop;Saraydüzü;HÝNDÝ;Kanatlý Hayvan;200;46149;46266
Sinop;Türkeli;HÝNDÝ;Kanatlý Hayvan;300;46092;46236
Sinop;Ayancýk;KAZ;Kanatlý Hayvan;100;46207;46054
Sinop;Boyabat;KAZ;Kanatlý Hayvan;585;46139;46240
Sinop;Dikmen;KAZ;Kanatlý Hayvan;46;46055;0,5
Sinop;Duraðan;KAZ;Kanatlý Hayvan;75;46145;0,9
Sinop;Erfelek;KAZ;Kanatlý Hayvan;45;46024;0,5
Sinop;Gerze;KAZ;Kanatlý Hayvan;65;3;0,8
Sinop;Merkez;KAZ;Kanatlý Hayvan;361;46281;46057
Sinop;Saraydüzü;KAZ;Kanatlý Hayvan;150;7;46235
Sinop;Türkeli;KAZ;Kanatlý Hayvan;400;46221;46207
Sinop;Ayancýk;ÖRDEK;Kanatlý Hayvan;120;46178;46113
Sinop;Boyabat;ÖRDEK;Kanatlý Hayvan;295;46247;46145
Sinop;Dikmen;ÖRDEK;Kanatlý Hayvan;25;46054;0,3
Sinop;Duraðan;ÖRDEK;Kanatlý Hayvan;50;46083;0,6
Sinop;Erfelek;ÖRDEK;Kanatlý Hayvan;48;46055;0,6
Sinop;Gerze;ÖRDEK;Kanatlý Hayvan;125;46270;46143
Sinop;Merkez;ÖRDEK;Kanatlý Hayvan;371;46129;46085
Sinop;Saraydüzü;ÖRDEK;Kanatlý Hayvan;50;46083;0,6
Sinop;Türkeli;ÖRDEK;Kanatlý Hayvan;385;18;46146
Sinop;Ayancýk;YUMURTA TAVUÐU;Kanatlý Hayvan;6700;366,8;91,7
Sinop;Boyabat;YUMURTA TAVUÐU;Kanatlý Hayvan;16580;907,8;227
Sinop;Dikmen;YUMURTA TAVUÐU;Kanatlý Hayvan;16500;903,4;225,9
Sinop;Duraðan;YUMURTA TAVUÐU;Kanatlý Hayvan;5900;323;80,8
Sinop;Erfelek;YUMURTA TAVUÐU;Kanatlý Hayvan;9650;528,3;132,1
Sinop;Gerze;YUMURTA TAVUÐU;Kanatlý Hayvan;17690;968,5;242,2
Sinop;Merkez;YUMURTA TAVUÐU;Kanatlý Hayvan;46952;2570,6;642,8
Sinop;Saraydüzü;YUMURTA TAVUÐU;Kanatlý Hayvan;2500;136,9;34,2
Sinop;Türkeli;YUMURTA TAVUÐU;Kanatlý Hayvan;11550;632,4;158,1
Sivas;Akýncýlar;AT;Büyükbaþ Hayvan;7;38,3;0,2
Sivas;Altýnyayla;AT;Büyükbaþ Hayvan;25;136,9;0,7
Sivas;Divriði;AT;Büyükbaþ Hayvan;8;43,8;0,2
Sivas;Doðanþar;AT;Büyükbaþ Hayvan;12;65,7;0,4
Sivas;Gemerek;AT;Büyükbaþ Hayvan;50;273,8;46143
Sivas;Gölova;AT;Büyükbaþ Hayvan;15;82,1;0,4
Sivas;Gürün;AT;Büyükbaþ Hayvan;50;273,8;46143
Sivas;Hafik;AT;Büyükbaþ Hayvan;34;186,2;1
Sivas;Ýmranlý;AT;Büyükbaþ Hayvan;45;246,4;46082
Sivas;Kangal;AT;Büyükbaþ Hayvan;108;591,3;46056
Sivas;Koyulhisar;AT;Büyükbaþ Hayvan;24;131,4;0,7
Sivas;Merkez;AT;Büyükbaþ Hayvan;165;903,4;46238
Sivas;Þarkýþla;AT;Büyükbaþ Hayvan;7;38,3;0,2
Sivas;Suþehri;AT;Büyükbaþ Hayvan;39;213,5;46023
Sivas;Ulaþ;AT;Büyükbaþ Hayvan;11;60,2;0,3
Sivas;Yýldýzeli;AT;Büyükbaþ Hayvan;22;120,5;0,6
Sivas;Zara;AT;Büyükbaþ Hayvan;113;618,7;46084
Sivas;Akýncýlar;EÞEK;Büyükbaþ Hayvan;10;46139;0,1
Sivas;Altýnyayla;EÞEK;Büyükbaþ Hayvan;75;205,3;0,7
Sivas;Divriði;EÞEK;Büyükbaþ Hayvan;51;139,6;0,4
Sivas;Doðanþar;EÞEK;Büyükbaþ Hayvan;24;65,7;0,2
Sivas;Gemerek;EÞEK;Büyükbaþ Hayvan;100;273,8;0,9
Sivas;Gölova;EÞEK;Büyükbaþ Hayvan;8;46286;0,1
Sivas;Gürün;EÞEK;Büyükbaþ Hayvan;650;1779,4;46208
Sivas;Hafik;EÞEK;Büyükbaþ Hayvan;93;254,6;0,8
Sivas;Ýmranlý;EÞEK;Büyükbaþ Hayvan;30;82,1;0,3
Sivas;Kangal;EÞEK;Büyükbaþ Hayvan;910;2491,1;8
Sivas;Koyulhisar;EÞEK;Büyükbaþ Hayvan;30;82,1;0,3
Sivas;Merkez;EÞEK;Büyükbaþ Hayvan;185;506,4;46174
Sivas;Þarkýþla;EÞEK;Büyükbaþ Hayvan;110;301,1;1
Sivas;Suþehri;EÞEK;Büyükbaþ Hayvan;26;71,2;0,2
Sivas;Ulaþ;EÞEK;Büyükbaþ Hayvan;90;246,4;0,8
Sivas;Yýldýzeli;EÞEK;Büyükbaþ Hayvan;102;279,2;0,9
Sivas;Zara;EÞEK;Büyükbaþ Hayvan;111;303,9;1
Sivas;Altýnyayla;KATIR;Büyükbaþ Hayvan;4;46159;0,1
Sivas;Divriði;KATIR;Büyükbaþ Hayvan;1;46116;0
Sivas;Gürün;KATIR;Büyükbaþ Hayvan;2;46242;0
Sivas;Kangal;KATIR;Büyükbaþ Hayvan;4;46159;0,1
Sivas;Koyulhisar;KATIR;Büyükbaþ Hayvan;17;74,5;0,3
Sivas;Merkez;KATIR;Büyükbaþ Hayvan;15;65,7;0,3
Sivas;Þarkýþla;KATIR;Büyükbaþ Hayvan;2;46242;0
Sivas;Zara;KATIR;Büyükbaþ Hayvan;10;43,8;0,2
Sivas;Akýncýlar;MANDA;Büyükbaþ Hayvan;93;678,9;46027
Sivas;Altýnyayla;MANDA;Büyükbaþ Hayvan;166;1211,8;46031
Sivas;Doðanþar;MANDA;Büyükbaþ Hayvan;16;116,8;0,9
Sivas;Gemerek;MANDA;Büyükbaþ Hayvan;150;1095;46061
Sivas;Gölova;MANDA;Büyükbaþ Hayvan;27;197,1;46143
Sivas;Hafik;MANDA;Büyükbaþ Hayvan;44;321,2;46114
Sivas;Kangal;MANDA;Büyükbaþ Hayvan;23;167,9;46082
Sivas;Koyulhisar;MANDA;Büyükbaþ Hayvan;364;2657,2;46284
Sivas;Merkez;MANDA;Büyükbaþ Hayvan;2144;15651,2;117,3
Sivas;Þarkýþla;MANDA;Büyükbaþ Hayvan;389;2839,7;46102
Sivas;Suþehri;MANDA;Büyükbaþ Hayvan;1240;9052;67,8
Sivas;Ulaþ;MANDA;Büyükbaþ Hayvan;12;87,6;0,7
Sivas;Yýldýzeli;MANDA;Büyükbaþ Hayvan;975;7117,5;53,3
Sivas;Zara;MANDA;Büyükbaþ Hayvan;393;2868,9;46163
Sivas;Akýncýlar;SIÐIR (KÜLTÜR);Büyükbaþ Hayvan;1284;11716,5;94,1
Sivas;Altýnyayla;SIÐIR (KÜLTÜR);Büyükbaþ Hayvan;2310;21078,8;169,3
Sivas;Divriði;SIÐIR (KÜLTÜR);Büyükbaþ Hayvan;2408;21973;176,4
Sivas;Doðanþar;SIÐIR (KÜLTÜR);Büyükbaþ Hayvan;399;3640,9;29,2
Sivas;Gemerek;SIÐIR (KÜLTÜR);Büyükbaþ Hayvan;17327;158108,9;1269,7
Sivas;Gölova;SIÐIR (KÜLTÜR);Büyükbaþ Hayvan;1430;13048,8;104,8
Sivas;Gürün;SIÐIR (KÜLTÜR);Büyükbaþ Hayvan;7732;70554,5;566,6
Sivas;Hafik;SIÐIR (KÜLTÜR);Büyükbaþ Hayvan;5301;48371,6;388,4
Sivas;Ýmranlý;SIÐIR (KÜLTÜR);Büyükbaþ Hayvan;2471;22547,9;181,1
Sivas;Kangal;SIÐIR (KÜLTÜR);Büyükbaþ Hayvan;2000;18250;146,6
Sivas;Koyulhisar;SIÐIR (KÜLTÜR);Büyükbaþ Hayvan;1228;11205,5;90
Sivas;Merkez;SIÐIR (KÜLTÜR);Büyükbaþ Hayvan;26562;242378,3;1946,4
Sivas;Þarkýþla;SIÐIR (KÜLTÜR);Büyükbaþ Hayvan;33038;301471,8;2420,9
Sivas;Suþehri;SIÐIR (KÜLTÜR);Büyükbaþ Hayvan;3451;31490,4;252,9
Sivas;Ulaþ;SIÐIR (KÜLTÜR);Büyükbaþ Hayvan;7066;64477,3;517,8
Sivas;Yýldýzeli;SIÐIR (KÜLTÜR);Büyükbaþ Hayvan;33001;301134,1;2418,2
Sivas;Zara;SIÐIR (KÜLTÜR);Büyükbaþ Hayvan;2614;23852,8;191,5
Sivas;Akýncýlar;SIÐIR (MELEZ);Büyükbaþ Hayvan;3073;20189,6;129,7
Sivas;Altýnyayla;SIÐIR (MELEZ);Büyükbaþ Hayvan;9502;62428,1;401,1
Sivas;Divriði;SIÐIR (MELEZ);Büyükbaþ Hayvan;7544;49564,1;318,4
Sivas;Doðanþar;SIÐIR (MELEZ);Büyükbaþ Hayvan;3347;21989,8;141,3
Sivas;Gemerek;SIÐIR (MELEZ);Büyükbaþ Hayvan;4482;29446,7;189,2
Sivas;Gölova;SIÐIR (MELEZ);Büyükbaþ Hayvan;3842;25241,9;162,2
Sivas;Gürün;SIÐIR (MELEZ);Büyükbaþ Hayvan;9117;59898,7;384,8
Sivas;Hafik;SIÐIR (MELEZ);Büyükbaþ Hayvan;12390;81402,3;522,9
Sivas;Ýmranlý;SIÐIR (MELEZ);Büyükbaþ Hayvan;5848;38421,4;246,8
Sivas;Kangal;SIÐIR (MELEZ);Büyükbaþ Hayvan;15124;99364,7;638,3
Sivas;Koyulhisar;SIÐIR (MELEZ);Büyükbaþ Hayvan;9936;65279,5;419,4
Sivas;Merkez;SIÐIR (MELEZ);Büyükbaþ Hayvan;48409;318047,1;2043,2
Sivas;Þarkýþla;SIÐIR (MELEZ);Büyükbaþ Hayvan;5990;39354,3;252,8
Sivas;Suþehri;SIÐIR (MELEZ);Büyükbaþ Hayvan;14568;95711,8;614,9
Sivas;Ulaþ;SIÐIR (MELEZ);Büyükbaþ Hayvan;5915;38861,6;249,7
Sivas;Yýldýzeli;SIÐIR (MELEZ);Büyükbaþ Hayvan;16940;111295,8;715
Sivas;Zara;SIÐIR (MELEZ);Büyükbaþ Hayvan;23655;155413,4;998,4
Sivas;Akýncýlar;SIÐIR (YERLÝ);Büyükbaþ Hayvan;80;438;46083
Sivas;Altýnyayla;SIÐIR (YERLÝ);Büyükbaþ Hayvan;388;2124,3;46123
Sivas;Divriði;SIÐIR (YERLÝ);Büyükbaþ Hayvan;21;115;0,6
Sivas;Doðanþar;SIÐIR (YERLÝ);Büyükbaþ Hayvan;5;46139;0,1
Sivas;Gemerek;SIÐIR (YERLÝ);Büyükbaþ Hayvan;176;963,6;46058
Sivas;Gölova;SIÐIR (YERLÝ);Büyükbaþ Hayvan;34;186,2;1
Sivas;Gürün;SIÐIR (YERLÝ);Büyükbaþ Hayvan;251;1374,2;46119
Sivas;Hafik;SIÐIR (YERLÝ);Büyükbaþ Hayvan;159;870,5;46207
Sivas;Kangal;SIÐIR (YERLÝ);Büyükbaþ Hayvan;23;125,9;0,7
Sivas;Koyulhisar;SIÐIR (YERLÝ);Büyükbaþ Hayvan;74;405,2;46055
Sivas;Merkez;SIÐIR (YERLÝ);Büyükbaþ Hayvan;942;5157,5;46200
Sivas;Þarkýþla;SIÐIR (YERLÝ);Büyükbaþ Hayvan;41;224,5;46054
Sivas;Suþehri;SIÐIR (YERLÝ);Büyükbaþ Hayvan;236;1292,1;46271
Sivas;Ulaþ;SIÐIR (YERLÝ);Büyükbaþ Hayvan;54;295,7;46174
Sivas;Yýldýzeli;SIÐIR (YERLÝ);Büyükbaþ Hayvan;20;109,5;0,6
Sivas;Zara;SIÐIR (YERLÝ);Büyükbaþ Hayvan;22;120,5;0,6
Sivas;Akýncýlar;KEÇÝ (KIL);Küçükbaþ Hayvan;138;100,7;0,2
Sivas;Altýnyayla;KEÇÝ (KIL);Küçükbaþ Hayvan;1239;904,5;46143
Sivas;Divriði;KEÇÝ (KIL);Küçükbaþ Hayvan;27434;20026,8;32,2
Sivas;Gemerek;KEÇÝ (KIL);Küçükbaþ Hayvan;3045;2222,9;46176
Sivas;Gölova;KEÇÝ (KIL);Küçükbaþ Hayvan;80;58,4;0,1
Sivas;Gürün;KEÇÝ (KIL);Küçükbaþ Hayvan;19000;13870;46103
Sivas;Hafik;KEÇÝ (KIL);Küçükbaþ Hayvan;3107;2268,1;46176
Sivas;Ýmranlý;KEÇÝ (KIL);Küçükbaþ Hayvan;1257;917,6;46143
Sivas;Kangal;KEÇÝ (KIL);Küçükbaþ Hayvan;3790;2766,7;46116
Sivas;Koyulhisar;KEÇÝ (KIL);Küçükbaþ Hayvan;4264;3112,7;5
Sivas;Merkez;KEÇÝ (KIL);Küçükbaþ Hayvan;4441;3241,9;46058
Sivas;Þarkýþla;KEÇÝ (KIL);Küçükbaþ Hayvan;2081;1519,1;46114
Sivas;Suþehri;KEÇÝ (KIL);Küçükbaþ Hayvan;4350;3175,5;46027
Sivas;Ulaþ;KEÇÝ (KIL);Küçükbaþ Hayvan;1783;1301,6;46024
Sivas;Yýldýzeli;KEÇÝ (KIL);Küçükbaþ Hayvan;4240;3095,2;5
Sivas;Zara;KEÇÝ (KIL);Küçükbaþ Hayvan;3467;2530,9;46026
Sivas;Kangal;KEÇÝ (TÝFTÝK);Küçükbaþ Hayvan;4;46267;0
Sivas;Kangal;KOYUN (MERÝNOS);Küçükbaþ Hayvan;38;41,6;0,1
Sivas;Akýncýlar;KOYUN (YERLÝ);Küçükbaþ Hayvan;1249;1367,7;46084
Sivas;Altýnyayla;KOYUN (YERLÝ);Küçükbaþ Hayvan;38185;41812,6;100,7
Sivas;Divriði;KOYUN (YERLÝ);Küçükbaþ Hayvan;19584;21444,5;51,7
Sivas;Gemerek;KOYUN (YERLÝ);Küçükbaþ Hayvan;42092;46090,7;111
Sivas;Gölova;KOYUN (YERLÝ);Küçükbaþ Hayvan;2763;3025,5;46088
Sivas;Gürün;KOYUN (YERLÝ);Küçükbaþ Hayvan;90000;98550;237,4
Sivas;Hafik;KOYUN (YERLÝ);Küçükbaþ Hayvan;11523;12617,7;46142
Sivas;Ýmranlý;KOYUN (YERLÝ);Küçükbaþ Hayvan;1871;2048,7;46269
Sivas;Kangal;KOYUN (YERLÝ);Küçükbaþ Hayvan;63427;69452,6;167,3
Sivas;Koyulhisar;KOYUN (YERLÝ);Küçükbaþ Hayvan;4217;4617,6;46033
Sivas;Merkez;KOYUN (YERLÝ);Küçükbaþ Hayvan;55518;60792,2;146,5
Sivas;Þarkýþla;KOYUN (YERLÝ);Küçükbaþ Hayvan;44860;49121,7;118,3
Sivas;Suþehri;KOYUN (YERLÝ);Küçükbaþ Hayvan;12483;13668,9;32,9
Sivas;Ulaþ;KOYUN (YERLÝ);Küçükbaþ Hayvan;46205;50594,5;121,9
Sivas;Yýldýzeli;KOYUN (YERLÝ);Küçükbaþ Hayvan;55399;60661,9;146,1
Sivas;Zara;KOYUN (YERLÝ);Küçükbaþ Hayvan;5302;5805,7;14
Sivas;Akýncýlar;ET TAVUÐU;Kanatlý Hayvan;0;0;0
Sivas;Altýnyayla;ET TAVUÐU;Kanatlý Hayvan;0;0;0
Sivas;Divriði;ET TAVUÐU;Kanatlý Hayvan;0;0;0
Sivas;Doðanþar;ET TAVUÐU;Kanatlý Hayvan;0;0;0
Sivas;Gemerek;ET TAVUÐU;Kanatlý Hayvan;0;0;0
Sivas;Gölova;ET TAVUÐU;Kanatlý Hayvan;0;0;0
Sivas;Gürün;ET TAVUÐU;Kanatlý Hayvan;0;0;0
Sivas;Hafik;ET TAVUÐU;Kanatlý Hayvan;0;0;0
Sivas;Ýmranlý;ET TAVUÐU;Kanatlý Hayvan;0;0;0
Sivas;Kangal;ET TAVUÐU;Kanatlý Hayvan;0;0;0
Sivas;Koyulhisar;ET TAVUÐU;Kanatlý Hayvan;0;0;0
Sivas;Merkez;ET TAVUÐU;Kanatlý Hayvan;0;0;0
Sivas;Þarkýþla;ET TAVUÐU;Kanatlý Hayvan;0;0;0
Sivas;Suþehri;ET TAVUÐU;Kanatlý Hayvan;0;0;0
Sivas;Ulaþ;ET TAVUÐU;Kanatlý Hayvan;0;0;0
Sivas;Yýldýzeli;ET TAVUÐU;Kanatlý Hayvan;0;0;0
Sivas;Zara;ET TAVUÐU;Kanatlý Hayvan;0;0;0
Sivas;Akýncýlar;HÝNDÝ;Kanatlý Hayvan;40;46143;0,4
Sivas;Altýnyayla;HÝNDÝ;Kanatlý Hayvan;0;0;0
Sivas;Divriði;HÝNDÝ;Kanatlý Hayvan;95;46176;0,9
Sivas;Doðanþar;HÝNDÝ;Kanatlý Hayvan;35;46082;0,3
Sivas;Gemerek;HÝNDÝ;Kanatlý Hayvan;685;46228;46118
Sivas;Gölova;HÝNDÝ;Kanatlý Hayvan;42;46174;0,4
Sivas;Gürün;HÝNDÝ;Kanatlý Hayvan;2156;80,9;46073
Sivas;Hafik;HÝNDÝ;Kanatlý Hayvan;1420;53,3;46094
Sivas;Ýmranlý;HÝNDÝ;Kanatlý Hayvan;250;46121;46083
Sivas;Kangal;HÝNDÝ;Kanatlý Hayvan;2000;75;46252
Sivas;Koyulhisar;HÝNDÝ;Kanatlý Hayvan;170;46118;46174
Sivas;Merkez;HÝNDÝ;Kanatlý Hayvan;2010;75,4;46252
Sivas;Þarkýþla;HÝNDÝ;Kanatlý Hayvan;930;34,9;46211
Sivas;Suþehri;HÝNDÝ;Kanatlý Hayvan;479;18;46146
Sivas;Ulaþ;HÝNDÝ;Kanatlý Hayvan;740;46261;46271
Sivas;Yýldýzeli;HÝNDÝ;Kanatlý Hayvan;1830;68,6;46070
Sivas;Zara;HÝNDÝ;Kanatlý Hayvan;1180;44,3;46033
Sivas;Akýncýlar;KAZ;Kanatlý Hayvan;480;46164;46178
Sivas;Altýnyayla;KAZ;Kanatlý Hayvan;0;0;0
Sivas;Divriði;KAZ;Kanatlý Hayvan;26;46054;0,3
Sivas;Doðanþar;KAZ;Kanatlý Hayvan;8;0,4;0,1
Sivas;Gemerek;KAZ;Kanatlý Hayvan;170;8;2
Sivas;Gölova;KAZ;Kanatlý Hayvan;57;46205;0,7
Sivas;Gürün;KAZ;Kanatlý Hayvan;1236;57,8;46156
Sivas;Hafik;KAZ;Kanatlý Hayvan;652;46172;46180
Sivas;Ýmranlý;KAZ;Kanatlý Hayvan;100;46207;46054
Sivas;Kangal;KAZ;Kanatlý Hayvan;1000;46,8;46214
Sivas;Koyulhisar;KAZ;Kanatlý Hayvan;20;0,9;0,2
Sivas;Merkez;KAZ;Kanatlý Hayvan;1100;51,5;46277
Sivas;Þarkýþla;KAZ;Kanatlý Hayvan;450;46043;46086
Sivas;Suþehri;KAZ;Kanatlý Hayvan;389;46071;46177
Sivas;Ulaþ;KAZ;Kanatlý Hayvan;260;46065;3
Sivas;Yýldýzeli;KAZ;Kanatlý Hayvan;745;34,9;46211
Sivas;Zara;KAZ;Kanatlý Hayvan;405;19;46207
Sivas;Akýncýlar;ÖRDEK;Kanatlý Hayvan;35;46174;0,4
Sivas;Altýnyayla;ÖRDEK;Kanatlý Hayvan;0;0;0
Sivas;Divriði;ÖRDEK;Kanatlý Hayvan;34;46174;0,4
Sivas;Doðanþar;ÖRDEK;Kanatlý Hayvan;8;0,4;0,1
Sivas;Gemerek;ÖRDEK;Kanatlý Hayvan;124;46239;46143
Sivas;Gölova;ÖRDEK;Kanatlý Hayvan;27;46082;0,3
Sivas;Gürün;ÖRDEK;Kanatlý Hayvan;1456;68,1;17
Sivas;Hafik;ÖRDEK;Kanatlý Hayvan;178;46089;46024
Sivas;Ýmranlý;ÖRDEK;Kanatlý Hayvan;;0;0
Sivas;Kangal;ÖRDEK;Kanatlý Hayvan;500;46135;46270
Sivas;Koyulhisar;ÖRDEK;Kanatlý Hayvan;60;46236;0,7
Sivas;Merkez;ÖRDEK;Kanatlý Hayvan;430;46042;5
Sivas;Þarkýþla;ÖRDEK;Kanatlý Hayvan;67;46025;0,8
Sivas;Suþehri;ÖRDEK;Kanatlý Hayvan;173;46030;2
Sivas;Ulaþ;ÖRDEK;Kanatlý Hayvan;55;46175;0,6
Sivas;Yýldýzeli;ÖRDEK;Kanatlý Hayvan;480;46164;46178
Sivas;Zara;ÖRDEK;Kanatlý Hayvan;250;46214;46267
Sivas;Akýncýlar;YUMURTA TAVUÐU;Kanatlý Hayvan;1750;95,8;24
Sivas;Altýnyayla;YUMURTA TAVUÐU;Kanatlý Hayvan;174000;9526,5;2382,1
Sivas;Divriði;YUMURTA TAVUÐU;Kanatlý Hayvan;4320;236,5;59,1
Sivas;Doðanþar;YUMURTA TAVUÐU;Kanatlý Hayvan;2810;153,8;38,5
Sivas;Gemerek;YUMURTA TAVUÐU;Kanatlý Hayvan;8725;477,7;119,4
Sivas;Gölova;YUMURTA TAVUÐU;Kanatlý Hayvan;352;46100;46238
Sivas;Gürün;YUMURTA TAVUÐU;Kanatlý Hayvan;18693;1023,4;255,9
Sivas;Hafik;YUMURTA TAVUÐU;Kanatlý Hayvan;18720;1024,9;256,3
Sivas;Ýmranlý;YUMURTA TAVUÐU;Kanatlý Hayvan;3000;164,3;41,1
Sivas;Kangal;YUMURTA TAVUÐU;Kanatlý Hayvan;13000;711,8;178
Sivas;Koyulhisar;YUMURTA TAVUÐU;Kanatlý Hayvan;1340;73,4;46099
Sivas;Merkez;YUMURTA TAVUÐU;Kanatlý Hayvan;183000;10019,3;2505,3
Sivas;Þarkýþla;YUMURTA TAVUÐU;Kanatlý Hayvan;207000;11333,3;2833,8
Sivas;Suþehri;YUMURTA TAVUÐU;Kanatlý Hayvan;687;37,6;46121
Sivas;Ulaþ;YUMURTA TAVUÐU;Kanatlý Hayvan;1220;66,8;46219
Sivas;Yýldýzeli;YUMURTA TAVUÐU;Kanatlý Hayvan;8575;469,5;117,4
Sivas;Zara;YUMURTA TAVUÐU;Kanatlý Hayvan;9870;540,4;135,1
Tekirdað;Çerkezköy;AT;Büyükbaþ Hayvan;60;328,5;46235
Tekirdað;Çorlu;AT;Büyükbaþ Hayvan;57;312,1;46204
Tekirdað;Ergene;AT;Büyükbaþ Hayvan;47;257,3;46113
Tekirdað;Hayrabolu;AT;Büyükbaþ Hayvan;103;563,9;3
Tekirdað;Kapaklý;AT;Büyükbaþ Hayvan;274;1500,2;8
Tekirdað;M.Ereðlisi;AT;Büyükbaþ Hayvan;45;246,4;46082
Tekirdað;Malkara;AT;Büyükbaþ Hayvan;75;410,6;46055
Tekirdað;Muratlý;AT;Büyükbaþ Hayvan;28;153,3;0,8
Tekirdað;Saray;AT;Büyükbaþ Hayvan;164;897,9;46238
Tekirdað;Þarköy;AT;Büyükbaþ Hayvan;174;952,7;46027
Tekirdað;Süleymanpaþa;AT;Büyükbaþ Hayvan;69;377,8;2
Tekirdað;Çerkezköy;EÞEK;Büyükbaþ Hayvan;10;46139;0,1
Tekirdað;Çorlu;EÞEK;Büyükbaþ Hayvan;10;46139;0,1
Tekirdað;Ergene;EÞEK;Büyükbaþ Hayvan;14;38,3;0,1
Tekirdað;Hayrabolu;EÞEK;Büyükbaþ Hayvan;18;49,3;0,2
Tekirdað;Kapaklý;EÞEK;Büyükbaþ Hayvan;7;46072;0,1
Tekirdað;M.Ereðlisi;EÞEK;Büyükbaþ Hayvan;5;46216;0
Tekirdað;Malkara;EÞEK;Büyükbaþ Hayvan;63;172,5;0,6
Tekirdað;Muratlý;EÞEK;Büyükbaþ Hayvan;7;46072;0,1
Tekirdað;Saray;EÞEK;Büyükbaþ Hayvan;4;11;0
Tekirdað;Þarköy;EÞEK;Büyükbaþ Hayvan;171;468,1;46143
Tekirdað;Süleymanpaþa;EÞEK;Büyükbaþ Hayvan;52;142,4;0,5
Tekirdað;Çerkezköy;KATIR;Büyükbaþ Hayvan;2;46242;0
Tekirdað;Þarköy;KATIR;Büyükbaþ Hayvan;20;87,6;0,4
Tekirdað;Süleymanpaþa;KATIR;Büyükbaþ Hayvan;6;46107;0,1
Tekirdað;Çerkezköy;MANDA;Büyükbaþ Hayvan;29;211,7;46174
Tekirdað;Çorlu;MANDA;Büyükbaþ Hayvan;8;58,4;0,4
Tekirdað;Ergene;MANDA;Büyükbaþ Hayvan;15;109,5;0,8
Tekirdað;Malkara;MANDA;Büyükbaþ Hayvan;57;416,1;46025
Tekirdað;Muratlý;MANDA;Büyükbaþ Hayvan;87;635,1;46238
Tekirdað;Saray;MANDA;Büyükbaþ Hayvan;1300;9490;71,1
Tekirdað;Þarköy;MANDA;Büyükbaþ Hayvan;1;46088;0,1
Tekirdað;Süleymanpaþa;MANDA;Büyükbaþ Hayvan;138;1007,4;46180
Tekirdað;Çerkezköy;SIÐIR (KÜLTÜR);Büyükbaþ Hayvan;1920;17520;140,7
Tekirdað;Çorlu;SIÐIR (KÜLTÜR);Büyükbaþ Hayvan;4245;38735,6;311,1
Tekirdað;Ergene;SIÐIR (KÜLTÜR);Büyükbaþ Hayvan;6734;61447,8;493,4
Tekirdað;Hayrabolu;SIÐIR (KÜLTÜR);Büyükbaþ Hayvan;19060;173922,5;1396,6
Tekirdað;Kapaklý;SIÐIR (KÜLTÜR);Büyükbaþ Hayvan;5080;46355;372,2
Tekirdað;M.Ereðlisi;SIÐIR (KÜLTÜR);Büyükbaþ Hayvan;2960;27010;216,9
Tekirdað;Malkara;SIÐIR (KÜLTÜR);Büyükbaþ Hayvan;53300;486362,5;3905,6
Tekirdað;Muratlý;SIÐIR (KÜLTÜR);Büyükbaþ Hayvan;8248;75263;604,4
Tekirdað;Saray;SIÐIR (KÜLTÜR);Büyükbaþ Hayvan;8610;78566,3;630,9
Tekirdað;Þarköy;SIÐIR (KÜLTÜR);Büyükbaþ Hayvan;5982;54585,8;438,3
Tekirdað;Süleymanpaþa;SIÐIR (KÜLTÜR);Büyükbaþ Hayvan;18577;169515,1;1361,2
Tekirdað;Çerkezköy;SIÐIR (MELEZ);Büyükbaþ Hayvan;934;6136,4;39,4
Tekirdað;Çorlu;SIÐIR (MELEZ);Büyükbaþ Hayvan;407;2674;46070
Tekirdað;Ergene;SIÐIR (MELEZ);Büyükbaþ Hayvan;2196;14427,7;92,7
Tekirdað;Hayrabolu;SIÐIR (MELEZ);Büyükbaþ Hayvan;605;3974,9;46167
Tekirdað;Kapaklý;SIÐIR (MELEZ);Büyükbaþ Hayvan;387;2542,6;46097
Tekirdað;M.Ereðlisi;SIÐIR (MELEZ);Büyükbaþ Hayvan;840;5518,8;35,5
Tekirdað;Malkara;SIÐIR (MELEZ);Büyükbaþ Hayvan;1540;10117,8;65
Tekirdað;Muratlý;SIÐIR (MELEZ);Büyükbaþ Hayvan;378;2483,5;16
Tekirdað;Saray;SIÐIR (MELEZ);Büyükbaþ Hayvan;1683;11057,3;71
Tekirdað;Þarköy;SIÐIR (MELEZ);Büyükbaþ Hayvan;886;5821;37,4
Tekirdað;Süleymanpaþa;SIÐIR (MELEZ);Büyükbaþ Hayvan;2451;16103,1;103,4
Tekirdað;Çerkezköy;SIÐIR (YERLÝ);Büyükbaþ Hayvan;27;147,8;0,8
Tekirdað;Çorlu;SIÐIR (YERLÝ);Büyükbaþ Hayvan;5;46139;0,1
Tekirdað;Kapaklý;SIÐIR (YERLÝ);Büyükbaþ Hayvan;35;191,6;1
Tekirdað;Malkara;SIÐIR (YERLÝ);Büyükbaþ Hayvan;176;963,6;46058
Tekirdað;Saray;SIÐIR (YERLÝ);Büyükbaþ Hayvan;332;1817,7;46212
Tekirdað;Þarköy;SIÐIR (YERLÝ);Büyükbaþ Hayvan;743;4067,9;46255
Tekirdað;Süleymanpaþa;SIÐIR (YERLÝ);Büyükbaþ Hayvan;80;438;46083
Tekirdað;Çerkezköy;KEÇÝ (KIL);Küçükbaþ Hayvan;1468;1071,6;46204
Tekirdað;Çorlu;KEÇÝ (KIL);Küçükbaþ Hayvan;574;419;0,7
Tekirdað;Ergene;KEÇÝ (KIL);Küçükbaþ Hayvan;685;500,1;0,8
Tekirdað;Hayrabolu;KEÇÝ (KIL);Küçükbaþ Hayvan;4295;3135,4;5
Tekirdað;Kapaklý;KEÇÝ (KIL);Küçükbaþ Hayvan;731;533,6;0,9
Tekirdað;M.Ereðlisi;KEÇÝ (KIL);Küçükbaþ Hayvan;700;511;0,8
Tekirdað;Malkara;KEÇÝ (KIL);Küçükbaþ Hayvan;17850;13030,5;46285
Tekirdað;Muratlý;KEÇÝ (KIL);Küçükbaþ Hayvan;1129;824,2;46082
Tekirdað;Saray;KEÇÝ (KIL);Küçükbaþ Hayvan;1660;1211,8;46266
Tekirdað;Þarköy;KEÇÝ (KIL);Küçükbaþ Hayvan;15460;11285,8;46040
Tekirdað;Süleymanpaþa;KEÇÝ (KIL);Küçükbaþ Hayvan;8498;6203,5;10
Tekirdað;Çerkezköy;KOYUN (MERÝNOS);Küçükbaþ Hayvan;2431;2661,9;46118
Tekirdað;Çorlu;KOYUN (MERÝNOS);Küçükbaþ Hayvan;18;46222;0
Tekirdað;Hayrabolu;KOYUN (MERÝNOS);Küçükbaþ Hayvan;10850;11880,8;46201
Tekirdað;Kapaklý;KOYUN (MERÝNOS);Küçükbaþ Hayvan;425;465,4;46023
Tekirdað;M.Ereðlisi;KOYUN (MERÝNOS);Küçükbaþ Hayvan;4845;5305,3;46246
Tekirdað;Malkara;KOYUN (MERÝNOS);Küçükbaþ Hayvan;58300;63838,5;153,8
Tekirdað;Muratlý;KOYUN (MERÝNOS);Küçükbaþ Hayvan;4026;4408,5;46183
Tekirdað;Saray;KOYUN (MERÝNOS);Küçükbaþ Hayvan;3040;3328,8;8
Tekirdað;Þarköy;KOYUN (MERÝNOS);Küçükbaþ Hayvan;12832;14051;33,9
Tekirdað;Süleymanpaþa;KOYUN (MERÝNOS);Küçükbaþ Hayvan;2872;3144,8;46180
Tekirdað;Çerkezköy;KOYUN (YERLÝ);Küçükbaþ Hayvan;10310;11289,5;46080
Tekirdað;Çorlu;KOYUN (YERLÝ);Küçükbaþ Hayvan;14000;15330;36,9
Tekirdað;Ergene;KOYUN (YERLÝ);Küçükbaþ Hayvan;20993;22987,3;55,4
Tekirdað;Hayrabolu;KOYUN (YERLÝ);Küçükbaþ Hayvan;20650;22611,8;54,5
Tekirdað;Kapaklý;KOYUN (YERLÝ);Küçükbaþ Hayvan;10147;11111;46260
Tekirdað;M.Ereðlisi;KOYUN (YERLÝ);Küçükbaþ Hayvan;2455;2688,2;46148
Tekirdað;Malkara;KOYUN (YERLÝ);Küçükbaþ Hayvan;3773;4131,4;10
Tekirdað;Muratlý;KOYUN (YERLÝ);Küçükbaþ Hayvan;12449;13631,7;32,8
Tekirdað;Saray;KOYUN (YERLÝ);Küçükbaþ Hayvan;15775;17273,6;41,6
Tekirdað;Þarköy;KOYUN (YERLÝ);Küçükbaþ Hayvan;1680;1839,6;46116
Tekirdað;Süleymanpaþa;KOYUN (YERLÝ);Küçükbaþ Hayvan;37185;40717,6;98,1
Tekirdað;Çerkezköy;ET TAVUÐU;Kanatlý Hayvan;0;0;0
Tekirdað;Çorlu;ET TAVUÐU;Kanatlý Hayvan;0;0;0
Tekirdað;Ergene;ET TAVUÐU;Kanatlý Hayvan;0;0;0
Tekirdað;Hayrabolu;ET TAVUÐU;Kanatlý Hayvan;0;0;0
Tekirdað;Kapaklý;ET TAVUÐU;Kanatlý Hayvan;0;0;0
Tekirdað;M.Ereðlisi;ET TAVUÐU;Kanatlý Hayvan;0;0;0
Tekirdað;Malkara;ET TAVUÐU;Kanatlý Hayvan;0;0;0
Tekirdað;Muratlý;ET TAVUÐU;Kanatlý Hayvan;0;0;0
Tekirdað;Saray;ET TAVUÐU;Kanatlý Hayvan;0;0;0
Tekirdað;Þarköy;ET TAVUÐU;Kanatlý Hayvan;0;0;0
Tekirdað;Süleymanpaþa;ET TAVUÐU;Kanatlý Hayvan;0;0;0
Tekirdað;Çerkezköy;HÝNDÝ;Kanatlý Hayvan;80;3;0,8
Tekirdað;Çorlu;HÝNDÝ;Kanatlý Hayvan;150;46178;46113
Tekirdað;Ergene;HÝNDÝ;Kanatlý Hayvan;240;9;46083
Tekirdað;Hayrabolu;HÝNDÝ;Kanatlý Hayvan;650;46136;46028
Tekirdað;Kapaklý;HÝNDÝ;Kanatlý Hayvan;401;15;46237
Tekirdað;M.Ereðlisi;HÝNDÝ;Kanatlý Hayvan;125;46207;46054
Tekirdað;Malkara;HÝNDÝ;Kanatlý Hayvan;1900;71,3;46251
Tekirdað;Muratlý;HÝNDÝ;Kanatlý Hayvan;380;46095;46176
Tekirdað;Saray;HÝNDÝ;Kanatlý Hayvan;345;46277;46056
Tekirdað;Þarköy;HÝNDÝ;Kanatlý Hayvan;265;46274;46144
Tekirdað;Süleymanpaþa;HÝNDÝ;Kanatlý Hayvan;11100;416,3;104,1
Tekirdað;Çerkezköy;KAZ;Kanatlý Hayvan;155;46088;46235
Tekirdað;Çorlu;KAZ;Kanatlý Hayvan;300;14;46145
Tekirdað;Ergene;KAZ;Kanatlý Hayvan;430;46042;5
Tekirdað;Hayrabolu;KAZ;Kanatlý Hayvan;1650;77,2;46100
Tekirdað;Kapaklý;KAZ;Kanatlý Hayvan;650;46142;46180
Tekirdað;M.Ereðlisi;KAZ;Kanatlý Hayvan;370;46098;46085
Tekirdað;Malkara;KAZ;Kanatlý Hayvan;1650;77,2;46100
Tekirdað;Muratlý;KAZ;Kanatlý Hayvan;390;46099;46177
Tekirdað;Saray;KAZ;Kanatlý Hayvan;530;46258;46059
Tekirdað;Þarköy;KAZ;Kanatlý Hayvan;180;46120;46024
Tekirdað;Süleymanpaþa;KAZ;Kanatlý Hayvan;1820;85,2;46102
Tekirdað;Çerkezköy;ÖRDEK;Kanatlý Hayvan;60;46236;0,7
Tekirdað;Çorlu;ÖRDEK;Kanatlý Hayvan;350;46128;46026
Tekirdað;Ergene;ÖRDEK;Kanatlý Hayvan;540;46106;46087
Tekirdað;Hayrabolu;ÖRDEK;Kanatlý Hayvan;2700;126,4;31,6
Tekirdað;Kapaklý;ÖRDEK;Kanatlý Hayvan;351;46128;46026
Tekirdað;M.Ereðlisi;ÖRDEK;Kanatlý Hayvan;350;46128;46026
Tekirdað;Malkara;ÖRDEK;Kanatlý Hayvan;650;46142;46180
Tekirdað;Muratlý;ÖRDEK;Kanatlý Hayvan;740;34,6;46211
Tekirdað;Saray;ÖRDEK;Kanatlý Hayvan;350;46128;46026
Tekirdað;Þarköy;ÖRDEK;Kanatlý Hayvan;550;46228;46118
Tekirdað;Süleymanpaþa;ÖRDEK;Kanatlý Hayvan;1890;88,5;46044
Tekirdað;Çerkezköy;YUMURTA TAVUÐU;Kanatlý Hayvan;2000;109,5;46139
Tekirdað;Çorlu;YUMURTA TAVUÐU;Kanatlý Hayvan;80250;4393,7;1098,6
Tekirdað;Ergene;YUMURTA TAVUÐU;Kanatlý Hayvan;402500;22036,9;5510,2
Tekirdað;Hayrabolu;YUMURTA TAVUÐU;Kanatlý Hayvan;56000;3066;766,6
Tekirdað;Kapaklý;YUMURTA TAVUÐU;Kanatlý Hayvan;8550;468,1;117
Tekirdað;M.Ereðlisi;YUMURTA TAVUÐU;Kanatlý Hayvan;22100;1210;302,5
Tekirdað;Malkara;YUMURTA TAVUÐU;Kanatlý Hayvan;31150;1705,5;426,4
Tekirdað;Muratlý;YUMURTA TAVUÐU;Kanatlý Hayvan;49000;2682,8;670,8
Tekirdað;Saray;YUMURTA TAVUÐU;Kanatlý Hayvan;18000;985,5;246,4
Tekirdað;Þarköy;YUMURTA TAVUÐU;Kanatlý Hayvan;6500;355,9;89
Tekirdað;Süleymanpaþa;YUMURTA TAVUÐU;Kanatlý Hayvan;27000;1478,3;369,6
Tokat;Almus;AT;Büyükbaþ Hayvan;80;438;46083
Tokat;Artova;AT;Büyükbaþ Hayvan;4;46286;0,1
Tokat;Baþçiftlik;AT;Büyükbaþ Hayvan;3;46128;0,1
Tokat;Erbaa;AT;Büyükbaþ Hayvan;81;443,5;46114
Tokat;Merkez;AT;Büyükbaþ Hayvan;180;985,5;46086
Tokat;Niksar;AT;Büyükbaþ Hayvan;127;695,3;46206
Tokat;Pazar;AT;Büyükbaþ Hayvan;6;32,9;0,2
Tokat;Reþadiye;AT;Büyükbaþ Hayvan;157;859,6;46177
Tokat;Sulusaray;AT;Büyükbaþ Hayvan;38;208,1;46023
Tokat;Turhal;AT;Büyükbaþ Hayvan;104;569,4;3
Tokat;Yeþilyurt;AT;Büyükbaþ Hayvan;3;46128;0,1
Tokat;Zile;AT;Büyükbaþ Hayvan;23;125,9;0,7
Tokat;Almus;EÞEK;Büyükbaþ Hayvan;190;520,1;46204
Tokat;Artova;EÞEK;Büyükbaþ Hayvan;55;150,6;0,5
Tokat;Baþçiftlik;EÞEK;Büyükbaþ Hayvan;24;65,7;0,2
Tokat;Erbaa;EÞEK;Büyükbaþ Hayvan;174;476,3;46143
Tokat;Merkez;EÞEK;Büyükbaþ Hayvan;1905;5214,9;46250
Tokat;Niksar;EÞEK;Büyükbaþ Hayvan;705;1929,9;46059
Tokat;Pazar;EÞEK;Büyükbaþ Hayvan;15;41,1;0,1
Tokat;Reþadiye;EÞEK;Büyükbaþ Hayvan;197;539,3;46204
Tokat;Sulusaray;EÞEK;Büyükbaþ Hayvan;68;186,2;0,6
Tokat;Turhal;EÞEK;Büyükbaþ Hayvan;450;1231,9;4
Tokat;Yeþilyurt;EÞEK;Büyükbaþ Hayvan;19;52;0,2
Tokat;Zile;EÞEK;Büyükbaþ Hayvan;535;1464,6;46207
Tokat;Almus;KATIR;Büyükbaþ Hayvan;8;35;0,2
Tokat;Erbaa;KATIR;Büyükbaþ Hayvan;14;61,3;0,3
Tokat;Merkez;KATIR;Büyükbaþ Hayvan;104;455,5;2
Tokat;Pazar;KATIR;Büyükbaþ Hayvan;2;46242;0
Tokat;Reþadiye;KATIR;Büyükbaþ Hayvan;8;35;0,2
Tokat;Turhal;KATIR;Büyükbaþ Hayvan;5;46286;0,1
Tokat;Zile;KATIR;Büyükbaþ Hayvan;3;46035;0,1
Tokat;Almus;MANDA;Büyükbaþ Hayvan;207;1511,1;46092
Tokat;Artova;MANDA;Büyükbaþ Hayvan;59;430,7;46056
Tokat;Baþçiftlik;MANDA;Büyükbaþ Hayvan;10;73;0,5
Tokat;Erbaa;MANDA;Büyükbaþ Hayvan;2956;21578,8;161,7
Tokat;Merkez;MANDA;Büyükbaþ Hayvan;1740;12702;95,2
Tokat;Niksar;MANDA;Büyükbaþ Hayvan;851;6212,3;46,6
Tokat;Pazar;MANDA;Büyükbaþ Hayvan;1300;9490;71,1
Tokat;Reþadiye;MANDA;Büyükbaþ Hayvan;426;3109,8;46104
Tokat;Sulusaray;MANDA;Büyükbaþ Hayvan;34;248,2;46266
Tokat;Turhal;MANDA;Büyükbaþ Hayvan;2325;16972,5;127,2
Tokat;Yeþilyurt;MANDA;Büyükbaþ Hayvan;47;343,1;46175
Tokat;Zile;MANDA;Büyükbaþ Hayvan;850;6205;46,5
Tokat;Almus;SIÐIR (KÜLTÜR);Büyükbaþ Hayvan;4078;37211,8;298,8
Tokat;Artova;SIÐIR (KÜLTÜR);Büyükbaþ Hayvan;3358;30641,8;246,1
Tokat;Baþçiftlik;SIÐIR (KÜLTÜR);Büyükbaþ Hayvan;2637;24062,6;193,2
Tokat;Erbaa;SIÐIR (KÜLTÜR);Büyükbaþ Hayvan;1786;16297,3;130,9
Tokat;Merkez;SIÐIR (KÜLTÜR);Büyükbaþ Hayvan;25000;228125;1831,9
Tokat;Niksar;SIÐIR (KÜLTÜR);Büyükbaþ Hayvan;6981;63701,6;511,5
Tokat;Pazar;SIÐIR (KÜLTÜR);Büyükbaþ Hayvan;7207;65763,9;528,1
Tokat;Reþadiye;SIÐIR (KÜLTÜR);Büyükbaþ Hayvan;1053;9608,6;77,2
Tokat;Sulusaray;SIÐIR (KÜLTÜR);Büyükbaþ Hayvan;2566;23414,8;188
Tokat;Turhal;SIÐIR (KÜLTÜR);Büyükbaþ Hayvan;23900;218087,5;1751,3
Tokat;Yeþilyurt;SIÐIR (KÜLTÜR);Büyükbaþ Hayvan;3388;30915,5;248,3
Tokat;Zile;SIÐIR (KÜLTÜR);Büyükbaþ Hayvan;14962;136528,3;1096,4
Tokat;Almus;SIÐIR (MELEZ);Büyükbaþ Hayvan;8526;56015,8;359,9
Tokat;Artova;SIÐIR (MELEZ);Büyükbaþ Hayvan;6796;44649,7;286,8
Tokat;Baþçiftlik;SIÐIR (MELEZ);Büyükbaþ Hayvan;895;5880,2;37,8
Tokat;Erbaa;SIÐIR (MELEZ);Büyükbaþ Hayvan;19603;128791,7;827,4
Tokat;Merkez;SIÐIR (MELEZ);Büyükbaþ Hayvan;24712;162357,8;1043
Tokat;Niksar;SIÐIR (MELEZ);Büyükbaþ Hayvan;15265;100291,1;644,3
Tokat;Pazar;SIÐIR (MELEZ);Büyükbaþ Hayvan;7303;47980,7;308,2
Tokat;Reþadiye;SIÐIR (MELEZ);Büyükbaþ Hayvan;7727;50766,4;326,1
Tokat;Sulusaray;SIÐIR (MELEZ);Büyükbaþ Hayvan;7624;50089,7;321,8
Tokat;Turhal;SIÐIR (MELEZ);Büyükbaþ Hayvan;24480;160833,6;1033,2
Tokat;Yeþilyurt;SIÐIR (MELEZ);Büyükbaþ Hayvan;9631;63275,7;406,5
Tokat;Zile;SIÐIR (MELEZ);Büyükbaþ Hayvan;28165;185044,1;1188,8
Tokat;Almus;SIÐIR (YERLÝ);Büyükbaþ Hayvan;524;2868,9;46127
Tokat;Artova;SIÐIR (YERLÝ);Büyükbaþ Hayvan;2993;16386,7;87,7
Tokat;Baþçiftlik;SIÐIR (YERLÝ);Büyükbaþ Hayvan;70;383,3;46024
Tokat;Erbaa;SIÐIR (YERLÝ);Büyükbaþ Hayvan;8740;47851,5;256,2
Tokat;Merkez;SIÐIR (YERLÝ);Büyükbaþ Hayvan;8175;44758,1;239,6
Tokat;Niksar;SIÐIR (YERLÝ);Büyükbaþ Hayvan;7898;43241,6;231,5
Tokat;Pazar;SIÐIR (YERLÝ);Büyükbaþ Hayvan;1140;6241,5;33,4
Tokat;Reþadiye;SIÐIR (YERLÝ);Büyükbaþ Hayvan;4826;26422,4;141,5
Tokat;Sulusaray;SIÐIR (YERLÝ);Büyükbaþ Hayvan;828;4533,3;46105
Tokat;Turhal;SIÐIR (YERLÝ);Büyükbaþ Hayvan;2640;14454;77,4
Tokat;Yeþilyurt;SIÐIR (YERLÝ);Büyükbaþ Hayvan;903;4943,9;46168
Tokat;Zile;SIÐIR (YERLÝ);Büyükbaþ Hayvan;3246;17771,9;95,1
Tokat;Almus;KEÇÝ (KIL);Küçükbaþ Hayvan;2423;1768,8;46236
Tokat;Artova;KEÇÝ (KIL);Küçükbaþ Hayvan;1070;781,1;46082
Tokat;Baþçiftlik;KEÇÝ (KIL);Küçükbaþ Hayvan;24;46159;0
Tokat;Erbaa;KEÇÝ (KIL);Küçükbaþ Hayvan;8776;6406,5;46091
Tokat;Merkez;KEÇÝ (KIL);Küçükbaþ Hayvan;26500;19345;46053
Tokat;Niksar;KEÇÝ (KIL);Küçükbaþ Hayvan;1906;1391,4;46055
Tokat;Pazar;KEÇÝ (KIL);Küçükbaþ Hayvan;2005;1463,7;46114
Tokat;Reþadiye;KEÇÝ (KIL);Küçükbaþ Hayvan;1534;1119,8;46235
Tokat;Sulusaray;KEÇÝ (KIL);Küçükbaþ Hayvan;1440;1051,2;46204
Tokat;Turhal;KEÇÝ (KIL);Küçükbaþ Hayvan;16550;12081,5;46131
Tokat;Yeþilyurt;KEÇÝ (KIL);Küçükbaþ Hayvan;805;587,7;0,9
Tokat;Zile;KEÇÝ (KIL);Küçükbaþ Hayvan;14995;10946,4;46190
Tokat;Almus;KOYUN (MERÝNOS);Küçükbaþ Hayvan;529;579,3;46113
Tokat;Artova;KOYUN (MERÝNOS);Küçükbaþ Hayvan;152;166,4;0,4
Tokat;Turhal;KOYUN (MERÝNOS);Küçükbaþ Hayvan;2080;2277,6;46147
Tokat;Yeþilyurt;KOYUN (MERÝNOS);Küçükbaþ Hayvan;80;87,6;0,2
Tokat;Zile;KOYUN (MERÝNOS);Küçükbaþ Hayvan;897;982,2;46114
Tokat;Almus;KOYUN (YERLÝ);Küçükbaþ Hayvan;10930;11968,4;46262
Tokat;Artova;KOYUN (YERLÝ);Küçükbaþ Hayvan;9478;10378,4;25
Tokat;Baþçiftlik;KOYUN (YERLÝ);Küçükbaþ Hayvan;5212;5707,1;46216
Tokat;Erbaa;KOYUN (YERLÝ);Küçükbaþ Hayvan;83097;90991,2;219,2
Tokat;Merkez;KOYUN (YERLÝ);Küçükbaþ Hayvan;53000;58035;139,8
Tokat;Niksar;KOYUN (YERLÝ);Küçükbaþ Hayvan;35960;39376,2;94,9
Tokat;Pazar;KOYUN (YERLÝ);Küçükbaþ Hayvan;8000;8760;46043
Tokat;Reþadiye;KOYUN (YERLÝ);Küçükbaþ Hayvan;23334;25550,7;61,6
Tokat;Sulusaray;KOYUN (YERLÝ);Küçükbaþ Hayvan;5672;6210,8;15
Tokat;Turhal;KOYUN (YERLÝ);Küçükbaþ Hayvan;39300;43033,5;103,7
Tokat;Yeþilyurt;KOYUN (YERLÝ);Küçükbaþ Hayvan;6898;7553,3;46071
Tokat;Zile;KOYUN (YERLÝ);Küçükbaþ Hayvan;27543;30159,6;72,7
Tokat;Almus;ET TAVUÐU;Kanatlý Hayvan;0;0;0
Tokat;Artova;ET TAVUÐU;Kanatlý Hayvan;0;0;0
Tokat;Baþçiftlik;ET TAVUÐU;Kanatlý Hayvan;0;0;0
Tokat;Erbaa;ET TAVUÐU;Kanatlý Hayvan;0;0;0
Tokat;Merkez;ET TAVUÐU;Kanatlý Hayvan;0;0;0
Tokat;Niksar;ET TAVUÐU;Kanatlý Hayvan;0;0;0
Tokat;Pazar;ET TAVUÐU;Kanatlý Hayvan;0;0;0
Tokat;Reþadiye;ET TAVUÐU;Kanatlý Hayvan;0;0;0
Tokat;Sulusaray;ET TAVUÐU;Kanatlý Hayvan;0;0;0
Tokat;Turhal;ET TAVUÐU;Kanatlý Hayvan;0;0;0
Tokat;Yeþilyurt;ET TAVUÐU;Kanatlý Hayvan;0;0;0
Tokat;Zile;ET TAVUÐU;Kanatlý Hayvan;0;0;0
Tokat;Almus;HÝNDÝ;Kanatlý Hayvan;100;46237;0,9
Tokat;Artova;HÝNDÝ;Kanatlý Hayvan;350;46035;46084
Tokat;Baþçiftlik;HÝNDÝ;Kanatlý Hayvan;0;0;0
Tokat;Erbaa;HÝNDÝ;Kanatlý Hayvan;213;8;2
Tokat;Merkez;HÝNDÝ;Kanatlý Hayvan;775;46051;46088
Tokat;Niksar;HÝNDÝ;Kanatlý Hayvan;300;46092;46236
Tokat;Pazar;HÝNDÝ;Kanatlý Hayvan;90;46115;0,8
Tokat;Reþadiye;HÝNDÝ;Kanatlý Hayvan;110;46026;1
Tokat;Sulusaray;HÝNDÝ;Kanatlý Hayvan;450;46281;46057
Tokat;Turhal;HÝNDÝ;Kanatlý Hayvan;650;46136;46028
Tokat;Yeþilyurt;HÝNDÝ;Kanatlý Hayvan;620;46104;46239
Tokat;Zile;HÝNDÝ;Kanatlý Hayvan;710;46199;46209
Tokat;Almus;KAZ;Kanatlý Hayvan;250;46214;46267
Tokat;Artova;KAZ;Kanatlý Hayvan;660;46295;46210
Tokat;Baþçiftlik;KAZ;Kanatlý Hayvan;0;0;0
Tokat;Erbaa;KAZ;Kanatlý Hayvan;328;46127;46237
Tokat;Merkez;KAZ;Kanatlý Hayvan;2050;95,9;24
Tokat;Niksar;KAZ;Kanatlý Hayvan;700;32,8;46061
Tokat;Pazar;KAZ;Kanatlý Hayvan;110;46027;46082
Tokat;Reþadiye;KAZ;Kanatlý Hayvan;60;46236;0,7
Tokat;Sulusaray;KAZ;Kanatlý Hayvan;1900;88,9;46075
Tokat;Turhal;KAZ;Kanatlý Hayvan;100;46207;46054
Tokat;Yeþilyurt;KAZ;Kanatlý Hayvan;1050;49,1;46093
Tokat;Zile;KAZ;Kanatlý Hayvan;1050;49,1;46093
Tokat;Almus;ÖRDEK;Kanatlý Hayvan;95;46116;46023
Tokat;Artova;ÖRDEK;Kanatlý Hayvan;161;46149;46266
Tokat;Baþçiftlik;ÖRDEK;Kanatlý Hayvan;0;0;0
Tokat;Erbaa;ÖRDEK;Kanatlý Hayvan;251;46214;46267
Tokat;Merkez;ÖRDEK;Kanatlý Hayvan;950;44,5;46033
Tokat;Niksar;ÖRDEK;Kanatlý Hayvan;100;46207;46054
Tokat;Pazar;ÖRDEK;Kanatlý Hayvan;30;46113;0,4
Tokat;Reþadiye;ÖRDEK;Kanatlý Hayvan;38;46235;0,4
Tokat;Sulusaray;ÖRDEK;Kanatlý Hayvan;170;8;2
Tokat;Turhal;ÖRDEK;Kanatlý Hayvan;100;46207;46054
Tokat;Yeþilyurt;ÖRDEK;Kanatlý Hayvan;280;46035;46084
Tokat;Zile;ÖRDEK;Kanatlý Hayvan;1325;62;46157
Tokat;Almus;YUMURTA TAVUÐU;Kanatlý Hayvan;9000;492,8;123,2
Tokat;Artova;YUMURTA TAVUÐU;Kanatlý Hayvan;3450;188,9;47,2
Tokat;Baþçiftlik;YUMURTA TAVUÐU;Kanatlý Hayvan;700;38,3;46182
Tokat;Erbaa;YUMURTA TAVUÐU;Kanatlý Hayvan;31124;1704;426,1
Tokat;Merkez;YUMURTA TAVUÐU;Kanatlý Hayvan;37500;2053,1;513,4
Tokat;Niksar;YUMURTA TAVUÐU;Kanatlý Hayvan;12500;684,4;171,1
Tokat;Pazar;YUMURTA TAVUÐU;Kanatlý Hayvan;1500;82,1;46162
Tokat;Reþadiye;YUMURTA TAVUÐU;Kanatlý Hayvan;7950;435,3;108,8
Tokat;Sulusaray;YUMURTA TAVUÐU;Kanatlý Hayvan;5400;295,7;73,9
Tokat;Turhal;YUMURTA TAVUÐU;Kanatlý Hayvan;25000;1368,8;342,2
Tokat;Yeþilyurt;YUMURTA TAVUÐU;Kanatlý Hayvan;24880;1362,2;340,6
Tokat;Zile;YUMURTA TAVUÐU;Kanatlý Hayvan;25510;1396,7;349,2
Trabzon;Arsin;AT;Büyükbaþ Hayvan;7;38,3;0,2
Trabzon;Çaykara;AT;Büyükbaþ Hayvan;19;104;0,6
Trabzon;Maçka;AT;Büyükbaþ Hayvan;10;54,8;0,3
Trabzon;Tonya;AT;Büyükbaþ Hayvan;16;87,6;0,5
Trabzon;Arsin;EÞEK;Büyükbaþ Hayvan;2;46147;0
Trabzon;Maçka;EÞEK;Büyükbaþ Hayvan;12;32,9;0,1
Trabzon;Çaykara;KATIR;Büyükbaþ Hayvan;16;70,1;0,3
Trabzon;Maçka;KATIR;Büyükbaþ Hayvan;8;35;0,2
Trabzon;Araklý;MANDA;Büyükbaþ Hayvan;240;1752;46035
Trabzon;Arsin;MANDA;Büyükbaþ Hayvan;5;36,5;0,3
Trabzon;Hayrat;MANDA;Büyükbaþ Hayvan;1;46088;0,1
Trabzon;Köprübaþý;MANDA;Büyükbaþ Hayvan;14;102,2;0,8
Trabzon;Sürmene;MANDA;Büyükbaþ Hayvan;52;379,6;46236
Trabzon;Araklý;SIÐIR (KÜLTÜR);Büyükbaþ Hayvan;413;3768,6;46111
Trabzon;Arsin;SIÐIR (KÜLTÜR);Büyükbaþ Hayvan;527;4808,9;38,6
Trabzon;Beþikdüzü;SIÐIR (KÜLTÜR);Büyükbaþ Hayvan;210;1916,3;46127
Trabzon;Çarþýbaþý;SIÐIR (KÜLTÜR);Büyükbaþ Hayvan;340;3102,5;46289
Trabzon;Çaykara;SIÐIR (KÜLTÜR);Büyükbaþ Hayvan;208;1898;46068
Trabzon;Dernekpazarý;SIÐIR (KÜLTÜR);Büyükbaþ Hayvan;5;45,6;0,4
Trabzon;Düzköy;SIÐIR (KÜLTÜR);Büyükbaþ Hayvan;2200;20075;161,2
Trabzon;Köprübaþý;SIÐIR (KÜLTÜR);Büyükbaþ Hayvan;299;2728,4;46286
Trabzon;Maçka;SIÐIR (KÜLTÜR);Büyükbaþ Hayvan;92;839,5;46209
Trabzon;Of;SIÐIR (KÜLTÜR);Büyükbaþ Hayvan;483;4407,4;35,4
Trabzon;Ortahisar;SIÐIR (KÜLTÜR);Büyükbaþ Hayvan;1401;12784,1;102,7
Trabzon;Þalpazarý;SIÐIR (KÜLTÜR);Büyükbaþ Hayvan;5055;46126,9;370,4
Trabzon;Sürmene;SIÐIR (KÜLTÜR);Büyükbaþ Hayvan;487;4443,9;35,7
Trabzon;Tonya;SIÐIR (KÜLTÜR);Büyükbaþ Hayvan;11717;106917,6;858,6
Trabzon;Vakfýkebir;SIÐIR (KÜLTÜR);Büyükbaþ Hayvan;3138;28634,3;229,9
Trabzon;Yomra;SIÐIR (KÜLTÜR);Büyükbaþ Hayvan;276;2518,5;46073
Trabzon;Akçaabat;SIÐIR (MELEZ);Büyükbaþ Hayvan;20850;136984,5;880
Trabzon;Araklý;SIÐIR (MELEZ);Büyükbaþ Hayvan;11014;72362;464,9
Trabzon;Arsin;SIÐIR (MELEZ);Büyükbaþ Hayvan;4149;27258,9;175,1
Trabzon;Beþikdüzü;SIÐIR (MELEZ);Büyükbaþ Hayvan;2993;19664;126,3
Trabzon;Çarþýbaþý;SIÐIR (MELEZ);Büyükbaþ Hayvan;4195;27561,2;177,1
Trabzon;Çaykara;SIÐIR (MELEZ);Büyükbaþ Hayvan;5976;39262,3;252,2
Trabzon;Dernekpazarý;SIÐIR (MELEZ);Büyükbaþ Hayvan;990;6504,3;41,8
Trabzon;Düzköy;SIÐIR (MELEZ);Büyükbaþ Hayvan;12839;84352,2;541,9
Trabzon;Hayrat;SIÐIR (MELEZ);Büyükbaþ Hayvan;1172;7700;49,5
Trabzon;Köprübaþý;SIÐIR (MELEZ);Büyükbaþ Hayvan;2737;17982,1;115,5
Trabzon;Maçka;SIÐIR (MELEZ);Büyükbaþ Hayvan;11251;73919,1;474,9
Trabzon;Of;SIÐIR (MELEZ);Büyükbaþ Hayvan;4270;28053,9;180,2
Trabzon;Ortahisar;SIÐIR (MELEZ);Büyükbaþ Hayvan;9515;62513,6;401,6
Trabzon;Þalpazarý;SIÐIR (MELEZ);Büyükbaþ Hayvan;3178;20879,5;134,1
Trabzon;Sürmene;SIÐIR (MELEZ);Büyükbaþ Hayvan;4914;32285;207,4
Trabzon;Tonya;SIÐIR (MELEZ);Büyükbaþ Hayvan;1418;9316,3;59,8
Trabzon;Vakfýkebir;SIÐIR (MELEZ);Büyükbaþ Hayvan;5145;33802,7;217,2
Trabzon;Yomra;SIÐIR (MELEZ);Büyükbaþ Hayvan;5748;37764,4;242,6
Trabzon;Araklý;SIÐIR (YERLÝ);Büyükbaþ Hayvan;1050;5748,8;46264
Trabzon;Arsin;SIÐIR (YERLÝ);Büyükbaþ Hayvan;17;93,1;0,5
Trabzon;Beþikdüzü;SIÐIR (YERLÝ);Büyükbaþ Hayvan;44;240,9;46082
Trabzon;Çarþýbaþý;SIÐIR (YERLÝ);Büyükbaþ Hayvan;265;1450,9;46241
Trabzon;Çaykara;SIÐIR (YERLÝ);Büyükbaþ Hayvan;118;646,1;46145
Trabzon;Düzköy;SIÐIR (YERLÝ);Büyükbaþ Hayvan;461;2524;46155
Trabzon;Maçka;SIÐIR (YERLÝ);Büyükbaþ Hayvan;7;38,3;0,2
Trabzon;Of;SIÐIR (YERLÝ);Büyükbaþ Hayvan;102;558,5;3
Trabzon;Ortahisar;SIÐIR (YERLÝ);Büyükbaþ Hayvan;81;443,5;46114
Trabzon;Þalpazarý;SIÐIR (YERLÝ);Büyükbaþ Hayvan;117;640,6;46115
Trabzon;Sürmene;SIÐIR (YERLÝ);Büyükbaþ Hayvan;3;46128;0,1
Trabzon;Vakfýkebir;SIÐIR (YERLÝ);Büyükbaþ Hayvan;186;1018,4;46147
Trabzon;Yomra;SIÐIR (YERLÝ);Büyükbaþ Hayvan;35;191,6;1
Trabzon;Akçaabat;KEÇÝ (KIL);Küçükbaþ Hayvan;3148;2298;46206
Trabzon;Araklý;KEÇÝ (KIL);Küçükbaþ Hayvan;2206;1610,4;46175
Trabzon;Arsin;KEÇÝ (KIL);Küçükbaþ Hayvan;1162;848,3;46113
Trabzon;Beþikdüzü;KEÇÝ (KIL);Küçükbaþ Hayvan;362;264,3;0,4
Trabzon;Çarþýbaþý;KEÇÝ (KIL);Küçükbaþ Hayvan;785;573,1;0,9
Trabzon;Çaykara;KEÇÝ (KIL);Küçükbaþ Hayvan;391;285,4;0,5
Trabzon;Dernekpazarý;KEÇÝ (KIL);Küçükbaþ Hayvan;171;124,8;0,2
Trabzon;Düzköy;KEÇÝ (KIL);Küçükbaþ Hayvan;571;416,8;0,7
Trabzon;Hayrat;KEÇÝ (KIL);Küçükbaþ Hayvan;920;671,6;46023
Trabzon;Köprübaþý;KEÇÝ (KIL);Küçükbaþ Hayvan;447;326,3;0,5
Trabzon;Maçka;KEÇÝ (KIL);Küçükbaþ Hayvan;2281;1665,1;46205
Trabzon;Of;KEÇÝ (KIL);Küçükbaþ Hayvan;1750;1277,5;46024
Trabzon;Ortahisar;KEÇÝ (KIL);Küçükbaþ Hayvan;402;293,5;0,5
Trabzon;Þalpazarý;KEÇÝ (KIL);Küçükbaþ Hayvan;149;108,8;0,2
Trabzon;Sürmene;KEÇÝ (KIL);Küçükbaþ Hayvan;609;444,6;0,7
Trabzon;Tonya;KEÇÝ (KIL);Küçükbaþ Hayvan;635;463,6;0,7
Trabzon;Vakfýkebir;KEÇÝ (KIL);Küçükbaþ Hayvan;1013;739,5;46054
Trabzon;Yomra;KEÇÝ (KIL);Küçükbaþ Hayvan;1087;793,5;46082
Trabzon;Arsin;KOYUN (MERÝNOS);Küçükbaþ Hayvan;105;115;0,3
Trabzon;Çarþýbaþý;KOYUN (MERÝNOS);Küçükbaþ Hayvan;54;59,1;0,1
Trabzon;Köprübaþý;KOYUN (MERÝNOS);Küçükbaþ Hayvan;89;97,5;0,2
Trabzon;Of;KOYUN (MERÝNOS);Küçükbaþ Hayvan;140;153,3;0,4
Trabzon;Akçaabat;KOYUN (YERLÝ);Küçükbaþ Hayvan;20267;22192,4;53,5
Trabzon;Araklý;KOYUN (YERLÝ);Küçükbaþ Hayvan;29450;32247,8;77,7
Trabzon;Arsin;KOYUN (YERLÝ);Küçükbaþ Hayvan;6632;7262;46159
Trabzon;Beþikdüzü;KOYUN (YERLÝ);Küçükbaþ Hayvan;2047;2241,5;46117
Trabzon;Çarþýbaþý;KOYUN (YERLÝ);Küçükbaþ Hayvan;3765;4122,7;46274
Trabzon;Çaykara;KOYUN (YERLÝ);Küçükbaþ Hayvan;2851;3121,8;46149
Trabzon;Dernekpazarý;KOYUN (YERLÝ);Küçükbaþ Hayvan;572;626,3;46143
Trabzon;Düzköy;KOYUN (YERLÝ);Küçükbaþ Hayvan;2432;2663;46118
Trabzon;Hayrat;KOYUN (YERLÝ);Küçükbaþ Hayvan;2898;3173,3;46180
Trabzon;Köprübaþý;KOYUN (YERLÝ);Küçükbaþ Hayvan;5493;6014,8;46156
Trabzon;Maçka;KOYUN (YERLÝ);Küçükbaþ Hayvan;16219;17759,8;42,8
Trabzon;Of;KOYUN (YERLÝ);Küçükbaþ Hayvan;1795;1965,5;46207
Trabzon;Ortahisar;KOYUN (YERLÝ);Küçükbaþ Hayvan;16334;17885,7;43,1
Trabzon;Þalpazarý;KOYUN (YERLÝ);Küçükbaþ Hayvan;5255;5754,2;46278
Trabzon;Sürmene;KOYUN (YERLÝ);Küçükbaþ Hayvan;9677;10596,3;46167
Trabzon;Tonya;KOYUN (YERLÝ);Küçükbaþ Hayvan;7753;8489,5;46162
Trabzon;Vakfýkebir;KOYUN (YERLÝ);Küçükbaþ Hayvan;7250;7938,8;46041
Trabzon;Yomra;KOYUN (YERLÝ);Küçükbaþ Hayvan;5810;6362;46096
Trabzon;Akçaabat;ET TAVUÐU;Kanatlý Hayvan;0;0;0
Trabzon;Araklý;ET TAVUÐU;Kanatlý Hayvan;0;0;0
Trabzon;Arsin;ET TAVUÐU;Kanatlý Hayvan;0;0;0
Trabzon;Beþikdüzü;ET TAVUÐU;Kanatlý Hayvan;0;0;0
Trabzon;Çarþýbaþý;ET TAVUÐU;Kanatlý Hayvan;0;0;0
Trabzon;Çaykara;ET TAVUÐU;Kanatlý Hayvan;0;0;0
Trabzon;Dernekpazarý;ET TAVUÐU;Kanatlý Hayvan;0;0;0
Trabzon;Düzköy;ET TAVUÐU;Kanatlý Hayvan;0;0;0
Trabzon;Hayrat;ET TAVUÐU;Kanatlý Hayvan;0;0;0
Trabzon;Köprübaþý;ET TAVUÐU;Kanatlý Hayvan;0;0;0
Trabzon;Maçka;ET TAVUÐU;Kanatlý Hayvan;0;0;0
Trabzon;Of;ET TAVUÐU;Kanatlý Hayvan;0;0;0
Trabzon;Ortahisar;ET TAVUÐU;Kanatlý Hayvan;0;0;0
Trabzon;Þalpazarý;ET TAVUÐU;Kanatlý Hayvan;0;0;0
Trabzon;Sürmene;ET TAVUÐU;Kanatlý Hayvan;0;0;0
Trabzon;Tonya;ET TAVUÐU;Kanatlý Hayvan;0;0;0
Trabzon;Vakfýkebir;ET TAVUÐU;Kanatlý Hayvan;0;0;0
Trabzon;Yomra;ET TAVUÐU;Kanatlý Hayvan;0;0;0
Trabzon;Akçaabat;HÝNDÝ;Kanatlý Hayvan;250;46121;46083
Trabzon;Araklý;HÝNDÝ;Kanatlý Hayvan;20;0,8;0,2
Trabzon;Arsin;HÝNDÝ;Kanatlý Hayvan;15;0,6;0,1
Trabzon;Beþikdüzü;HÝNDÝ;Kanatlý Hayvan;45;46204;0,4
Trabzon;Çarþýbaþý;HÝNDÝ;Kanatlý Hayvan;40;46143;0,4
Trabzon;Çaykara;HÝNDÝ;Kanatlý Hayvan;10;0,4;0,1
Trabzon;Dernekpazarý;HÝNDÝ;Kanatlý Hayvan;14;0,5;0,1
Trabzon;Düzköy;HÝNDÝ;Kanatlý Hayvan;0;0;0
Trabzon;Hayrat;HÝNDÝ;Kanatlý Hayvan;0;0;0
Trabzon;Köprübaþý;HÝNDÝ;Kanatlý Hayvan;0;0;0
Trabzon;Maçka;HÝNDÝ;Kanatlý Hayvan;135;46027;46082
Trabzon;Of;HÝNDÝ;Kanatlý Hayvan;3;0,1;0
Trabzon;Ortahisar;HÝNDÝ;Kanatlý Hayvan;0;0;0
Trabzon;Þalpazarý;HÝNDÝ;Kanatlý Hayvan;0;0;0
Trabzon;Sürmene;HÝNDÝ;Kanatlý Hayvan;8;0,3;0,1
Trabzon;Tonya;HÝNDÝ;Kanatlý Hayvan;0;0;0
Trabzon;Vakfýkebir;HÝNDÝ;Kanatlý Hayvan;0;0;0
Trabzon;Yomra;HÝNDÝ;Kanatlý Hayvan;15;0,6;0,1
Trabzon;Akçaabat;KAZ;Kanatlý Hayvan;250;46214;46267
Trabzon;Araklý;KAZ;Kanatlý Hayvan;10;0,5;0,1
Trabzon;Arsin;KAZ;Kanatlý Hayvan;18;0,8;0,2
Trabzon;Beþikdüzü;KAZ;Kanatlý Hayvan;35;46174;0,4
Trabzon;Çarþýbaþý;KAZ;Kanatlý Hayvan;25;46054;0,3
Trabzon;Çaykara;KAZ;Kanatlý Hayvan;10;0,5;0,1
Trabzon;Dernekpazarý;KAZ;Kanatlý Hayvan;16;0,7;0,2
Trabzon;Düzköy;KAZ;Kanatlý Hayvan;0;0;0
Trabzon;Hayrat;KAZ;Kanatlý Hayvan;0;0;0
Trabzon;Köprübaþý;KAZ;Kanatlý Hayvan;0;0;0
Trabzon;Maçka;KAZ;Kanatlý Hayvan;122;46208;46113
Trabzon;Of;KAZ;Kanatlý Hayvan;41;46266;0,5
Trabzon;Ortahisar;KAZ;Kanatlý Hayvan;0;0;0
Trabzon;Þalpazarý;KAZ;Kanatlý Hayvan;0;0;0
Trabzon;Sürmene;KAZ;Kanatlý Hayvan;0;0;0
Trabzon;Tonya;KAZ;Kanatlý Hayvan;0;0;0
Trabzon;Vakfýkebir;KAZ;Kanatlý Hayvan;0;0;0
Trabzon;Yomra;KAZ;Kanatlý Hayvan;37;46204;0,4
Trabzon;Akçaabat;ÖRDEK;Kanatlý Hayvan;0;0;0
Trabzon;Araklý;ÖRDEK;Kanatlý Hayvan;18;0,8;0,2
Trabzon;Arsin;ÖRDEK;Kanatlý Hayvan;20;0,9;0,2
Trabzon;Beþikdüzü;ÖRDEK;Kanatlý Hayvan;60;46236;0,7
Trabzon;Çarþýbaþý;ÖRDEK;Kanatlý Hayvan;15;0,7;0,2
Trabzon;Çaykara;ÖRDEK;Kanatlý Hayvan;12;0,6;0,1
Trabzon;Dernekpazarý;ÖRDEK;Kanatlý Hayvan;9;0,4;0,1
Trabzon;Düzköy;ÖRDEK;Kanatlý Hayvan;0;0;0
Trabzon;Hayrat;ÖRDEK;Kanatlý Hayvan;0;0;0
Trabzon;Köprübaþý;ÖRDEK;Kanatlý Hayvan;0;0;0
Trabzon;Maçka;ÖRDEK;Kanatlý Hayvan;146;46240;46204
Trabzon;Of;ÖRDEK;Kanatlý Hayvan;51;46114;0,6
Trabzon;Ortahisar;ÖRDEK;Kanatlý Hayvan;0;0;0
Trabzon;Þalpazarý;ÖRDEK;Kanatlý Hayvan;0;0;0
Trabzon;Sürmene;ÖRDEK;Kanatlý Hayvan;17;0,8;0,2
Trabzon;Tonya;ÖRDEK;Kanatlý Hayvan;0;0;0
Trabzon;Vakfýkebir;ÖRDEK;Kanatlý Hayvan;0;0;0
Trabzon;Yomra;ÖRDEK;Kanatlý Hayvan;55;46175;0,6
Trabzon;Akçaabat;YUMURTA TAVUÐU;Kanatlý Hayvan;5300;290,2;72,6
Trabzon;Araklý;YUMURTA TAVUÐU;Kanatlý Hayvan;3850;210,8;52,7
Trabzon;Arsin;YUMURTA TAVUÐU;Kanatlý Hayvan;3000;164,3;41,1
Trabzon;Beþikdüzü;YUMURTA TAVUÐU;Kanatlý Hayvan;3100;169,7;42,4
Trabzon;Çarþýbaþý;YUMURTA TAVUÐU;Kanatlý Hayvan;800;43,8;11
Trabzon;Çaykara;YUMURTA TAVUÐU;Kanatlý Hayvan;950;52;13
Trabzon;Dernekpazarý;YUMURTA TAVUÐU;Kanatlý Hayvan;245;46125;46115
Trabzon;Düzköy;YUMURTA TAVUÐU;Kanatlý Hayvan;19000;1040,3;260,1
Trabzon;Hayrat;YUMURTA TAVUÐU;Kanatlý Hayvan;500;46139;46240
Trabzon;Köprübaþý;YUMURTA TAVUÐU;Kanatlý Hayvan;1750;95,8;24
Trabzon;Maçka;YUMURTA TAVUÐU;Kanatlý Hayvan;8455;462,9;115,7
Trabzon;Of;YUMURTA TAVUÐU;Kanatlý Hayvan;1105;60,5;46037
Trabzon;Ortahisar;YUMURTA TAVUÐU;Kanatlý Hayvan;9505;520,4;130,1
Trabzon;Þalpazarý;YUMURTA TAVUÐU;Kanatlý Hayvan;3375;184,8;46,2
Trabzon;Sürmene;YUMURTA TAVUÐU;Kanatlý Hayvan;5200;284,7;71,2
Trabzon;Tonya;YUMURTA TAVUÐU;Kanatlý Hayvan;1850;101,3;46106
Trabzon;Vakfýkebir;YUMURTA TAVUÐU;Kanatlý Hayvan;250;46216;46115
Trabzon;Yomra;YUMURTA TAVUÐU;Kanatlý Hayvan;4500;246,4;61,6
Tunceli;Çemiþgezek;AT;Büyükbaþ Hayvan;156;854,1;46177
Tunceli;Hozat;AT;Büyükbaþ Hayvan;82;449;46114
Tunceli;Mazgirt;AT;Büyükbaþ Hayvan;15;82,1;0,4
Tunceli;Merkez;AT;Büyükbaþ Hayvan;29;158,8;0,9
Tunceli;Nazýmiye;AT;Büyükbaþ Hayvan;43;235,4;46082
Tunceli;Ovacýk;AT;Büyükbaþ Hayvan;41;224,5;46054
Tunceli;Pertek;AT;Büyükbaþ Hayvan;85;465,4;46144
Tunceli;Pülümür;AT;Büyükbaþ Hayvan;45;246,4;46082
Tunceli;Çemiþgezek;EÞEK;Büyükbaþ Hayvan;410;1122,4;46176
Tunceli;Hozat;EÞEK;Büyükbaþ Hayvan;44;120,5;0,4
Tunceli;Mazgirt;EÞEK;Büyükbaþ Hayvan;24;65,7;0,2
Tunceli;Merkez;EÞEK;Büyükbaþ Hayvan;30;82,1;0,3
Tunceli;Nazýmiye;EÞEK;Büyükbaþ Hayvan;21;57,5;0,2
Tunceli;Ovacýk;EÞEK;Büyükbaþ Hayvan;2;46147;0
Tunceli;Pertek;EÞEK;Büyükbaþ Hayvan;161;440,7;46113
Tunceli;Pülümür;EÞEK;Büyükbaþ Hayvan;20;54,8;0,2
Tunceli;Çemiþgezek;KATIR;Büyükbaþ Hayvan;28;122,6;0,5
Tunceli;Hozat;KATIR;Büyükbaþ Hayvan;4;46159;0,1
Tunceli;Mazgirt;KATIR;Büyükbaþ Hayvan;3;46035;0,1
Tunceli;Merkez;KATIR;Büyükbaþ Hayvan;9;39,4;0,2
Tunceli;Nazýmiye;KATIR;Büyükbaþ Hayvan;22;96,4;0,4
Tunceli;Ovacýk;KATIR;Büyükbaþ Hayvan;5;46286;0,1
Tunceli;Pertek;KATIR;Büyükbaþ Hayvan;28;122,6;0,5
Tunceli;Çemiþgezek;SIÐIR (KÜLTÜR);Büyükbaþ Hayvan;3006;27429,8;220,3
Tunceli;Hozat;SIÐIR (KÜLTÜR);Büyükbaþ Hayvan;193;1761,1;46036
Tunceli;Mazgirt;SIÐIR (KÜLTÜR);Büyükbaþ Hayvan;2940;26827,5;215,4
Tunceli;Merkez;SIÐIR (KÜLTÜR);Büyükbaþ Hayvan;253;2308,6;46160
Tunceli;Nazýmiye;SIÐIR (KÜLTÜR);Büyükbaþ Hayvan;302;2755,8;46044
Tunceli;Ovacýk;SIÐIR (KÜLTÜR);Büyükbaþ Hayvan;1045;9535,6;76,6
Tunceli;Pertek;SIÐIR (KÜLTÜR);Büyükbaþ Hayvan;397;3622,6;46051
Tunceli;Pülümür;SIÐIR (KÜLTÜR);Büyükbaþ Hayvan;329;3002,1;46046
Tunceli;Çemiþgezek;SIÐIR (MELEZ);Büyükbaþ Hayvan;1158;7608,1;48,9
Tunceli;Hozat;SIÐIR (MELEZ);Büyükbaþ Hayvan;1367;8981,2;57,7
Tunceli;Mazgirt;SIÐIR (MELEZ);Büyükbaþ Hayvan;3325;21845,3;140,3
Tunceli;Merkez;SIÐIR (MELEZ);Büyükbaþ Hayvan;3575;23487,8;150,9
Tunceli;Nazýmiye;SIÐIR (MELEZ);Büyükbaþ Hayvan;1129;7417,5;47,7
Tunceli;Ovacýk;SIÐIR (MELEZ);Büyükbaþ Hayvan;3678;24164,5;155,2
Tunceli;Pertek;SIÐIR (MELEZ);Büyükbaþ Hayvan;5069;33303,3;213,9
Tunceli;Pülümür;SIÐIR (MELEZ);Büyükbaþ Hayvan;3548;23310,4;149,8
Tunceli;Çemiþgezek;SIÐIR (YERLÝ);Büyükbaþ Hayvan;9;49,3;0,3
Tunceli;Hozat;SIÐIR (YERLÝ);Büyükbaþ Hayvan;209;1144,3;46028
Tunceli;Mazgirt;SIÐIR (YERLÝ);Büyükbaþ Hayvan;144;788,4;46057
Tunceli;Merkez;SIÐIR (YERLÝ);Büyükbaþ Hayvan;564;3087,9;46158
Tunceli;Nazýmiye;SIÐIR (YERLÝ);Büyükbaþ Hayvan;1146;6274,4;33,6
Tunceli;Ovacýk;SIÐIR (YERLÝ);Büyükbaþ Hayvan;466;2551,4;46216
Tunceli;Pertek;SIÐIR (YERLÝ);Büyükbaþ Hayvan;37;202,6;46023
Tunceli;Pülümür;SIÐIR (YERLÝ);Büyükbaþ Hayvan;50;273,8;46143
Tunceli;Çemiþgezek;KEÇÝ (KIL);Küçükbaþ Hayvan;11579;8452,7;46186
Tunceli;Hozat;KEÇÝ (KIL);Küçükbaþ Hayvan;11473;8375,3;46155
Tunceli;Mazgirt;KEÇÝ (KIL);Küçükbaþ Hayvan;12887;9407,5;46037
Tunceli;Merkez;KEÇÝ (KIL);Küçükbaþ Hayvan;8936;6523,3;46152
Tunceli;Nazýmiye;KEÇÝ (KIL);Küçükbaþ Hayvan;2002;1461,5;46083
Tunceli;Ovacýk;KEÇÝ (KIL);Küçükbaþ Hayvan;11636;8494,3;46186
Tunceli;Pertek;KEÇÝ (KIL);Küçükbaþ Hayvan;25703;18763,2;46052
Tunceli;Pülümür;KEÇÝ (KIL);Küçükbaþ Hayvan;2701;1971,7;46056
Tunceli;Çemiþgezek;KEÇÝ (TÝFTÝK);Küçükbaþ Hayvan;1;0,7;0
Tunceli;Çemiþgezek;KOYUN (MERÝNOS);Küçükbaþ Hayvan;62;67,9;0,2
Tunceli;Çemiþgezek;KOYUN (YERLÝ);Küçükbaþ Hayvan;113770;124578,2;300,1
Tunceli;Hozat;KOYUN (YERLÝ);Küçükbaþ Hayvan;10157;11121,9;46260
Tunceli;Mazgirt;KOYUN (YERLÝ);Küçükbaþ Hayvan;30369;33254,1;80,1
Tunceli;Merkez;KOYUN (YERLÝ);Küçükbaþ Hayvan;5664;6202,1;46279
Tunceli;Nazýmiye;KOYUN (YERLÝ);Küçükbaþ Hayvan;419;458,8;46023
Tunceli;Ovacýk;KOYUN (YERLÝ);Küçükbaþ Hayvan;13285;14547,1;35
Tunceli;Pertek;KOYUN (YERLÝ);Küçükbaþ Hayvan;102936;112714,9;271,5
Tunceli;Pülümür;KOYUN (YERLÝ);Küçükbaþ Hayvan;4509;4937,4;46276
Tunceli;Hozat;ET TAVUÐU;Kanatlý Hayvan;0;0;0
Tunceli;Mazgirt;ET TAVUÐU;Kanatlý Hayvan;28064;757,7;189,5
Tunceli;Nazýmiye;ET TAVUÐU;Kanatlý Hayvan;0;0;0
Tunceli;Ovacýk;ET TAVUÐU;Kanatlý Hayvan;0;0;0
Tunceli;Pertek;ET TAVUÐU;Kanatlý Hayvan;0;0;0
Tunceli;Pülümür;ET TAVUÐU;Kanatlý Hayvan;0;0;0
Tunceli;Çemiþgezek;HÝNDÝ;Kanatlý Hayvan;250;46121;46083
Tunceli;Hozat;HÝNDÝ;Kanatlý Hayvan;300;46092;46236
Tunceli;Mazgirt;HÝNDÝ;Kanatlý Hayvan;21;0,8;0,2
Tunceli;Merkez;HÝNDÝ;Kanatlý Hayvan;50;46266;0,5
Tunceli;Nazýmiye;HÝNDÝ;Kanatlý Hayvan;180;46240;46204
Tunceli;Ovacýk;HÝNDÝ;Kanatlý Hayvan;115;46085;46023
Tunceli;Pertek;HÝNDÝ;Kanatlý Hayvan;60;46083;0,6
Tunceli;Pülümür;HÝNDÝ;Kanatlý Hayvan;210;46272;2
Tunceli;Çemiþgezek;KAZ;Kanatlý Hayvan;25;46054;0,3
Tunceli;Hozat;KAZ;Kanatlý Hayvan;6;0,3;0,1
Tunceli;Mazgirt;KAZ;Kanatlý Hayvan;50;46083;0,6
Tunceli;Merkez;KAZ;Kanatlý Hayvan;0;0;0
Tunceli;Nazýmiye;KAZ;Kanatlý Hayvan;0;0;0
Tunceli;Ovacýk;KAZ;Kanatlý Hayvan;0;0;0
Tunceli;Pertek;KAZ;Kanatlý Hayvan;50;46083;0,6
Tunceli;Pülümür;KAZ;Kanatlý Hayvan;0;0;0
Tunceli;Çemiþgezek;ÖRDEK;Kanatlý Hayvan;40;46266;0,5
Tunceli;Hozat;ÖRDEK;Kanatlý Hayvan;4;0,2;0
Tunceli;Mazgirt;ÖRDEK;Kanatlý Hayvan;0;0;0
Tunceli;Merkez;ÖRDEK;Kanatlý Hayvan;20;0,9;0,2
Tunceli;Nazýmiye;ÖRDEK;Kanatlý Hayvan;0;0;0
Tunceli;Ovacýk;ÖRDEK;Kanatlý Hayvan;0;0;0
Tunceli;Pertek;ÖRDEK;Kanatlý Hayvan;5;0,2;0,1
Tunceli;Pülümür;ÖRDEK;Kanatlý Hayvan;0;0;0
Tunceli;Çemiþgezek;YUMURTA TAVUÐU;Kanatlý Hayvan;2500;136,9;34,2
Tunceli;Hozat;YUMURTA TAVUÐU;Kanatlý Hayvan;4246;232,5;58,1
Tunceli;Mazgirt;YUMURTA TAVUÐU;Kanatlý Hayvan;30000;1642,5;410,7
Tunceli;Merkez;YUMURTA TAVUÐU;Kanatlý Hayvan;3000;164,3;41,1
Tunceli;Nazýmiye;YUMURTA TAVUÐU;Kanatlý Hayvan;1112;60,9;46068
Tunceli;Ovacýk;YUMURTA TAVUÐU;Kanatlý Hayvan;2200;120,5;46052
Tunceli;Pertek;YUMURTA TAVUÐU;Kanatlý Hayvan;2500;136,9;34,2
Tunceli;Pülümür;YUMURTA TAVUÐU;Kanatlý Hayvan;3400;186,2;46,5
Þanlýurfa;Akçakale;AT;Büyükbaþ Hayvan;80;438;46083
Þanlýurfa;Birecik;AT;Büyükbaþ Hayvan;187;1023,8;46147
Þanlýurfa;Bozova;AT;Büyükbaþ Hayvan;208;1138,8;46028
Þanlýurfa;Ceylanpýnar;AT;Büyükbaþ Hayvan;159;870,5;46207
Þanlýurfa;Eyyübüye;AT;Büyükbaþ Hayvan;800;4380;46135
Þanlýurfa;Halfeti;AT;Büyükbaþ Hayvan;382;2091,5;46064
Þanlýurfa;Haliliye;AT;Büyükbaþ Hayvan;1519;8316,5;44,5
Þanlýurfa;Harran;AT;Büyükbaþ Hayvan;119;651,5;46145
Þanlýurfa;Hilvan;AT;Büyükbaþ Hayvan;452;2474,7;46066
Þanlýurfa;Karaköprü;AT;Büyükbaþ Hayvan;691;3783,2;46101
Þanlýurfa;Siverek;AT;Büyükbaþ Hayvan;962;5267;46081
Þanlýurfa;Suruç;AT;Büyükbaþ Hayvan;3000;16425;87,9
Þanlýurfa;Viranþehir;AT;Büyükbaþ Hayvan;216;1182,6;46087
Þanlýurfa;Harran;DEVE;Büyükbaþ Hayvan;11;112,4;0,9
Þanlýurfa;Viranþehir;DEVE;Büyükbaþ Hayvan;5;51,1;0,4
Þanlýurfa;Akçakale;EÞEK;Büyükbaþ Hayvan;107;292,9;0,9
Þanlýurfa;Birecik;EÞEK;Büyükbaþ Hayvan;15;41,1;0,1
Þanlýurfa;Bozova;EÞEK;Büyükbaþ Hayvan;188;514,7;46204
Þanlýurfa;Ceylanpýnar;EÞEK;Büyükbaþ Hayvan;75;205,3;0,7
Þanlýurfa;Eyyübüye;EÞEK;Büyükbaþ Hayvan;399;1092,3;46145
Þanlýurfa;Halfeti;EÞEK;Büyükbaþ Hayvan;80;219;0,7
Þanlýurfa;Haliliye;EÞEK;Büyükbaþ Hayvan;150;410,6;46082
Þanlýurfa;Harran;EÞEK;Büyükbaþ Hayvan;106;290,2;0,9
Þanlýurfa;Hilvan;EÞEK;Büyükbaþ Hayvan;53;145,1;0,5
Þanlýurfa;Karaköprü;EÞEK;Büyükbaþ Hayvan;50;136,9;0,4
Þanlýurfa;Siverek;EÞEK;Büyükbaþ Hayvan;470;1286,6;46026
Þanlýurfa;Suruç;EÞEK;Büyükbaþ Hayvan;70;191,6;0,6
Þanlýurfa;Viranþehir;EÞEK;Büyükbaþ Hayvan;59;161,5;0,5
Þanlýurfa;Ceylanpýnar;KATIR;Büyükbaþ Hayvan;23;100,7;0,4
Þanlýurfa;Eyyübüye;KATIR;Büyükbaþ Hayvan;3;46035;0,1
Þanlýurfa;Siverek;KATIR;Büyükbaþ Hayvan;203;889,1;46237
Þanlýurfa;Akçakale;MANDA;Büyükbaþ Hayvan;123;897,9;46209
Þanlýurfa;Ceylanpýnar;MANDA;Büyükbaþ Hayvan;20;146;46023
Þanlýurfa;Eyyübüye;MANDA;Büyükbaþ Hayvan;8;58,4;0,4
Þanlýurfa;Haliliye;MANDA;Büyükbaþ Hayvan;16;116,8;0,9
Þanlýurfa;Harran;MANDA;Büyükbaþ Hayvan;25;182,5;46113
Þanlýurfa;Hilvan;MANDA;Büyükbaþ Hayvan;81;591,3;46116
Þanlýurfa;Karaköprü;MANDA;Büyükbaþ Hayvan;5;36,5;0,3
Þanlýurfa;Siverek;MANDA;Büyükbaþ Hayvan;355;2591,5;46131
Þanlýurfa;Akçakale;SIÐIR (KÜLTÜR);Büyükbaþ Hayvan;3476;31718,5;254,7
Þanlýurfa;Birecik;SIÐIR (KÜLTÜR);Büyükbaþ Hayvan;2845;25960,6;208,5
Þanlýurfa;Bozova;SIÐIR (KÜLTÜR);Büyükbaþ Hayvan;705;6433,1;51,7
Þanlýurfa;Ceylanpýnar;SIÐIR (KÜLTÜR);Büyükbaþ Hayvan;15833;144476,1;1160,2
Þanlýurfa;Eyyübüye;SIÐIR (KÜLTÜR);Büyükbaþ Hayvan;2844;25951,5;208,4
Þanlýurfa;Halfeti;SIÐIR (KÜLTÜR);Büyükbaþ Hayvan;3810;34766,3;279,2
Þanlýurfa;Haliliye;SIÐIR (KÜLTÜR);Büyükbaþ Hayvan;2152;19637;157,7
Þanlýurfa;Harran;SIÐIR (KÜLTÜR);Büyükbaþ Hayvan;761;6944,1;55,8
Þanlýurfa;Hilvan;SIÐIR (KÜLTÜR);Büyükbaþ Hayvan;4839;44155,9;354,6
Þanlýurfa;Karaköprü;SIÐIR (KÜLTÜR);Büyükbaþ Hayvan;1694;15457,8;124,1
Þanlýurfa;Siverek;SIÐIR (KÜLTÜR);Büyükbaþ Hayvan;7275;66384,4;533,1
Þanlýurfa;Viranþehir;SIÐIR (KÜLTÜR);Büyükbaþ Hayvan;4138;37759,3;303,2
Þanlýurfa;Akçakale;SIÐIR (MELEZ);Büyükbaþ Hayvan;16270;106893,9;686,7
Þanlýurfa;Birecik;SIÐIR (MELEZ);Büyükbaþ Hayvan;11560;75949,2;487,9
Þanlýurfa;Bozova;SIÐIR (MELEZ);Büyükbaþ Hayvan;9031;59333,7;381,2
Þanlýurfa;Ceylanpýnar;SIÐIR (MELEZ);Büyükbaþ Hayvan;3370;22140,9;142,2
Þanlýurfa;Eyyübüye;SIÐIR (MELEZ);Büyükbaþ Hayvan;24443;160590,5;1031,7
Þanlýurfa;Halfeti;SIÐIR (MELEZ);Büyükbaþ Hayvan;4420;29039,4;186,6
Þanlýurfa;Haliliye;SIÐIR (MELEZ);Büyükbaþ Hayvan;26607;174808;1123
Þanlýurfa;Harran;SIÐIR (MELEZ);Büyükbaþ Hayvan;5989;39347,7;252,8
Þanlýurfa;Hilvan;SIÐIR (MELEZ);Büyükbaþ Hayvan;7435;48848;313,8
Þanlýurfa;Karaköprü;SIÐIR (MELEZ);Büyükbaþ Hayvan;6255;41095,4;264
Þanlýurfa;Siverek;SIÐIR (MELEZ);Büyükbaþ Hayvan;32240;211816,8;1360,8
Þanlýurfa;Suruç;SIÐIR (MELEZ);Büyükbaþ Hayvan;8115;53315,6;342,5
Þanlýurfa;Viranþehir;SIÐIR (MELEZ);Büyükbaþ Hayvan;45799;300899,4;1933
Þanlýurfa;Akçakale;SIÐIR (YERLÝ);Büyükbaþ Hayvan;261;1429;46210
Þanlýurfa;Birecik;SIÐIR (YERLÝ);Büyükbaþ Hayvan;68;372,3;2
Þanlýurfa;Bozova;SIÐIR (YERLÝ);Büyükbaþ Hayvan;3989;21839,8;116,9
Þanlýurfa;Ceylanpýnar;SIÐIR (YERLÝ);Büyükbaþ Hayvan;552;3022,2;46069
Þanlýurfa;Eyyübüye;SIÐIR (YERLÝ);Büyükbaþ Hayvan;1481;8108,5;43,4
Þanlýurfa;Halfeti;SIÐIR (YERLÝ);Büyükbaþ Hayvan;4100;22447,5;120,2
Þanlýurfa;Haliliye;SIÐIR (YERLÝ);Büyükbaþ Hayvan;3203;17536,4;93,9
Þanlýurfa;Harran;SIÐIR (YERLÝ);Büyükbaþ Hayvan;90;492,8;46175
Þanlýurfa;Hilvan;SIÐIR (YERLÝ);Büyükbaþ Hayvan;1838;10063,1;53,9
Þanlýurfa;Karaköprü;SIÐIR (YERLÝ);Büyükbaþ Hayvan;607;3323,3;46251
Þanlýurfa;Siverek;SIÐIR (YERLÝ);Büyükbaþ Hayvan;49826;272797,4;1460,4
Þanlýurfa;Suruç;SIÐIR (YERLÝ);Büyükbaþ Hayvan;209;1144,3;46028
Þanlýurfa;Viranþehir;SIÐIR (YERLÝ);Büyükbaþ Hayvan;33321;182432,5;976,7
Þanlýurfa;Akçakale;KEÇÝ (KIL);Küçükbaþ Hayvan;15053;10988,7;46190
Þanlýurfa;Birecik;KEÇÝ (KIL);Küçükbaþ Hayvan;1029;751,2;46054
Þanlýurfa;Bozova;KEÇÝ (KIL);Küçükbaþ Hayvan;2652;1936;46025
Þanlýurfa;Ceylanpýnar;KEÇÝ (KIL);Küçükbaþ Hayvan;23492;17149,2;46169
Þanlýurfa;Eyyübüye;KEÇÝ (KIL);Küçükbaþ Hayvan;15325;11187,3;18
Þanlýurfa;Halfeti;KEÇÝ (KIL);Küçükbaþ Hayvan;3320;2423,6;46268
Þanlýurfa;Haliliye;KEÇÝ (KIL);Küçükbaþ Hayvan;23679;17285,7;46261
Þanlýurfa;Harran;KEÇÝ (KIL);Küçükbaþ Hayvan;5307;3874,1;46059
Þanlýurfa;Hilvan;KEÇÝ (KIL);Küçükbaþ Hayvan;12945;9449,9;46068
Þanlýurfa;Karaköprü;KEÇÝ (KIL);Küçükbaþ Hayvan;6722;4907,1;46272
Þanlýurfa;Siverek;KEÇÝ (KIL);Küçükbaþ Hayvan;62185;45395,1;72,9
Þanlýurfa;Suruç;KEÇÝ (KIL);Küçükbaþ Hayvan;2875;2098,8;46115
Þanlýurfa;Viranþehir;KEÇÝ (KIL);Küçükbaþ Hayvan;83080;60648,4;97,4
Þanlýurfa;Akçakale;KOYUN (MERÝNOS);Küçükbaþ Hayvan;177;193,8;0,5
Þanlýurfa;Hilvan;KOYUN (MERÝNOS);Küçükbaþ Hayvan;39;42,7;0,1
Þanlýurfa;Akçakale;KOYUN (YERLÝ);Küçükbaþ Hayvan;65740;71985,3;173,4
Þanlýurfa;Birecik;KOYUN (YERLÝ);Küçükbaþ Hayvan;40064;43870,1;105,7
Þanlýurfa;Bozova;KOYUN (YERLÝ);Küçükbaþ Hayvan;28629;31348,8;75,5
Þanlýurfa;Ceylanpýnar;KOYUN (YERLÝ);Küçükbaþ Hayvan;186463;204177;491,9
Þanlýurfa;Eyyübüye;KOYUN (YERLÝ);Küçükbaþ Hayvan;103630;113474,9;273,4
Þanlýurfa;Halfeti;KOYUN (YERLÝ);Küçükbaþ Hayvan;27800;30441;73,3
Þanlýurfa;Haliliye;KOYUN (YERLÝ);Küçükbaþ Hayvan;128723;140951,7;339,6
Þanlýurfa;Harran;KOYUN (YERLÝ);Küçükbaþ Hayvan;41120;45026,4;108,5
Þanlýurfa;Hilvan;KOYUN (YERLÝ);Küçükbaþ Hayvan;98165;107490,7;259
Þanlýurfa;Karaköprü;KOYUN (YERLÝ);Küçükbaþ Hayvan;39205;42929,5;103,4
Þanlýurfa;Siverek;KOYUN (YERLÝ);Küçükbaþ Hayvan;743945;814619,8;1962,5
Þanlýurfa;Suruç;KOYUN (YERLÝ);Küçükbaþ Hayvan;16600;18177;43,8
Þanlýurfa;Viranþehir;KOYUN (YERLÝ);Küçükbaþ Hayvan;370700;405916,5;977,9
Þanlýurfa;Akçakale;ET TAVUÐU;Kanatlý Hayvan;0;0;0
Þanlýurfa;Birecik;ET TAVUÐU;Kanatlý Hayvan;0;0;0
Þanlýurfa;Bozova;ET TAVUÐU;Kanatlý Hayvan;0;0;0
Þanlýurfa;Ceylanpýnar;ET TAVUÐU;Kanatlý Hayvan;0;0;0
Þanlýurfa;Eyyübüye;ET TAVUÐU;Kanatlý Hayvan;0;0;0
Þanlýurfa;Halfeti;ET TAVUÐU;Kanatlý Hayvan;40000;1080;270
Þanlýurfa;Haliliye;ET TAVUÐU;Kanatlý Hayvan;0;0;0
Þanlýurfa;Harran;ET TAVUÐU;Kanatlý Hayvan;0;0;0
Þanlýurfa;Hilvan;ET TAVUÐU;Kanatlý Hayvan;0;0;0
Þanlýurfa;Karaköprü;ET TAVUÐU;Kanatlý Hayvan;0;0;0
Þanlýurfa;Siverek;ET TAVUÐU;Kanatlý Hayvan;2250;60,8;46068
Þanlýurfa;Suruç;ET TAVUÐU;Kanatlý Hayvan;0;0;0
Þanlýurfa;Viranþehir;ET TAVUÐU;Kanatlý Hayvan;0;0;0
Þanlýurfa;Akçakale;HÝNDÝ;Kanatlý Hayvan;3100;116,3;46051
Þanlýurfa;Birecik;HÝNDÝ;Kanatlý Hayvan;2615;98,1;46166
Þanlýurfa;Bozova;HÝNDÝ;Kanatlý Hayvan;515;46100;46238
Þanlýurfa;Ceylanpýnar;HÝNDÝ;Kanatlý Hayvan;2457;92,1;23
Þanlýurfa;Eyyübüye;HÝNDÝ;Kanatlý Hayvan;19350;725,6;181,4
Þanlýurfa;Halfeti;HÝNDÝ;Kanatlý Hayvan;1600;60;15
Þanlýurfa;Haliliye;HÝNDÝ;Kanatlý Hayvan;2500;93,8;46135
Þanlýurfa;Harran;HÝNDÝ;Kanatlý Hayvan;2511;94,2;46165
Þanlýurfa;Hilvan;HÝNDÝ;Kanatlý Hayvan;2100;78,8;46222
Þanlýurfa;Karaköprü;HÝNDÝ;Kanatlý Hayvan;9700;363,8;91
Þanlýurfa;Siverek;HÝNDÝ;Kanatlý Hayvan;22770;853,9;213,5
Þanlýurfa;Suruç;HÝNDÝ;Kanatlý Hayvan;5100;191,3;47,8
Þanlýurfa;Viranþehir;HÝNDÝ;Kanatlý Hayvan;6280;235,5;58,9
Þanlýurfa;Akçakale;KAZ;Kanatlý Hayvan;380;46251;46116
Þanlýurfa;Birecik;KAZ;Kanatlý Hayvan;785;36,7;46062
Þanlýurfa;Bozova;KAZ;Kanatlý Hayvan;125;46270;46143
Þanlýurfa;Ceylanpýnar;KAZ;Kanatlý Hayvan;289;46155;46115
Þanlýurfa;Eyyübüye;KAZ;Kanatlý Hayvan;16250;760,5;190,2
Þanlýurfa;Halfeti;KAZ;Kanatlý Hayvan;700;32,8;46061
Þanlýurfa;Haliliye;KAZ;Kanatlý Hayvan;200;46121;46083
Þanlýurfa;Harran;KAZ;Kanatlý Hayvan;462;46194;46117
Þanlýurfa;Hilvan;KAZ;Kanatlý Hayvan;260;46065;3
Þanlýurfa;Karaköprü;KAZ;Kanatlý Hayvan;275;46277;46056
Þanlýurfa;Siverek;KAZ;Kanatlý Hayvan;4165;194,9;48,7
Þanlýurfa;Suruç;KAZ;Kanatlý Hayvan;550;46228;46118
Þanlýurfa;Viranþehir;KAZ;Kanatlý Hayvan;675;31,6;46272
Þanlýurfa;Akçakale;ÖRDEK;Kanatlý Hayvan;185;46211;46055
Þanlýurfa;Birecik;ÖRDEK;Kanatlý Hayvan;470;22;46147
Þanlýurfa;Bozova;ÖRDEK;Kanatlý Hayvan;300;14;46145
Þanlýurfa;Ceylanpýnar;ÖRDEK;Kanatlý Hayvan;211;46274;46144
Þanlýurfa;Eyyübüye;ÖRDEK;Kanatlý Hayvan;6170;288,8;72,2
Þanlýurfa;Halfeti;ÖRDEK;Kanatlý Hayvan;280;46035;46084
Þanlýurfa;Haliliye;ÖRDEK;Kanatlý Hayvan;200;46121;46083
Þanlýurfa;Harran;ÖRDEK;Kanatlý Hayvan;365;46039;46085
Þanlýurfa;Hilvan;ÖRDEK;Kanatlý Hayvan;340;46280;4
Þanlýurfa;Karaköprü;ÖRDEK;Kanatlý Hayvan;112;46058;46082
Þanlýurfa;Siverek;ÖRDEK;Kanatlý Hayvan;370;46098;46085
Þanlýurfa;Suruç;ÖRDEK;Kanatlý Hayvan;450;46043;46086
Þanlýurfa;Viranþehir;ÖRDEK;Kanatlý Hayvan;530;46258;46059
Þanlýurfa;Akçakale;YUMURTA TAVUÐU;Kanatlý Hayvan;6000;328,5;82,1
Þanlýurfa;Birecik;YUMURTA TAVUÐU;Kanatlý Hayvan;12250;670,7;167,7
Þanlýurfa;Bozova;YUMURTA TAVUÐU;Kanatlý Hayvan;8460;463,2;115,8
Þanlýurfa;Ceylanpýnar;YUMURTA TAVUÐU;Kanatlý Hayvan;7000;383,3;95,8
Þanlýurfa;Eyyübüye;YUMURTA TAVUÐU;Kanatlý Hayvan;61500;3367,1;841,9
Þanlýurfa;Halfeti;YUMURTA TAVUÐU;Kanatlý Hayvan;10500;574,9;143,7
Þanlýurfa;Haliliye;YUMURTA TAVUÐU;Kanatlý Hayvan;150000;8212,5;2053,5
Þanlýurfa;Harran;YUMURTA TAVUÐU;Kanatlý Hayvan;42965;2352,3;588,2
Þanlýurfa;Hilvan;YUMURTA TAVUÐU;Kanatlý Hayvan;11300;618,7;154,7
Þanlýurfa;Karaköprü;YUMURTA TAVUÐU;Kanatlý Hayvan;40000;2190;547,6
Þanlýurfa;Siverek;YUMURTA TAVUÐU;Kanatlý Hayvan;32655;1787,9;447
Þanlýurfa;Suruç;YUMURTA TAVUÐU;Kanatlý Hayvan;48000;2628;657,1
Þanlýurfa;Viranþehir;YUMURTA TAVUÐU;Kanatlý Hayvan;92000;5037;1259,5
Uþak;Banaz;AT;Büyükbaþ Hayvan;145;793,9;46085
Uþak;Eþme;AT;Büyükbaþ Hayvan;194;1062,2;46208
Uþak;Karahallý;AT;Büyükbaþ Hayvan;11;60,2;0,3
Uþak;Merkez;AT;Büyükbaþ Hayvan;250;1368,8;46088
Uþak;Sivaslý;AT;Büyükbaþ Hayvan;44;240,9;46082
Uþak;Ulubey;AT;Büyükbaþ Hayvan;15;82,1;0,4
Uþak;Banaz;EÞEK;Büyükbaþ Hayvan;290;793,9;46175
Uþak;Eþme;EÞEK;Büyükbaþ Hayvan;220;602,3;46266
Uþak;Karahallý;EÞEK;Büyükbaþ Hayvan;57;156;0,5
Uþak;Merkez;EÞEK;Büyükbaþ Hayvan;90;246,4;0,8
Uþak;Sivaslý;EÞEK;Büyükbaþ Hayvan;275;752,8;46114
Uþak;Ulubey;EÞEK;Büyükbaþ Hayvan;50;136,9;0,4
Uþak;Banaz;KATIR;Büyükbaþ Hayvan;75;328,5;46113
Uþak;Sivaslý;KATIR;Büyükbaþ Hayvan;7;46233;0,1
Uþak;Ulubey;MANDA;Büyükbaþ Hayvan;3;46286;0,2
Uþak;Banaz;SIÐIR (KÜLTÜR);Büyükbaþ Hayvan;20663;188549,9;1514,1
Uþak;Eþme;SIÐIR (KÜLTÜR);Büyükbaþ Hayvan;19132;174579,5;1401,9
Uþak;Karahallý;SIÐIR (KÜLTÜR);Büyükbaþ Hayvan;1412;12884,5;103,5
Uþak;Merkez;SIÐIR (KÜLTÜR);Büyükbaþ Hayvan;36527;333308,9;2676,6
Uþak;Sivaslý;SIÐIR (KÜLTÜR);Büyükbaþ Hayvan;6320;57670;463,1
Uþak;Ulubey;SIÐIR (KÜLTÜR);Büyükbaþ Hayvan;14604;133261,5;1070,1
Uþak;Banaz;SIÐIR (MELEZ);Büyükbaþ Hayvan;3271;21490,5;138,1
Uþak;Eþme;SIÐIR (MELEZ);Büyükbaþ Hayvan;8506;55884,4;359
Uþak;Karahallý;SIÐIR (MELEZ);Büyükbaþ Hayvan;573;3764,6;46077
Uþak;Merkez;SIÐIR (MELEZ);Büyükbaþ Hayvan;5516;36240,1;232,8
Uþak;Sivaslý;SIÐIR (MELEZ);Büyükbaþ Hayvan;8690;57093,3;366,8
Uþak;Ulubey;SIÐIR (MELEZ);Büyükbaþ Hayvan;3647;23960,8;153,9
Uþak;Banaz;SIÐIR (YERLÝ);Büyükbaþ Hayvan;16;87,6;0,5
Uþak;Eþme;SIÐIR (YERLÝ);Büyükbaþ Hayvan;965;5283,4;46109
Uþak;Merkez;SIÐIR (YERLÝ);Büyükbaþ Hayvan;8;43,8;0,2
Uþak;Sivaslý;SIÐIR (YERLÝ);Büyükbaþ Hayvan;790;4325,3;46076
Uþak;Banaz;KEÇÝ (KIL);Küçükbaþ Hayvan;4000;2920;46207
Uþak;Eþme;KEÇÝ (KIL);Küçükbaþ Hayvan;3100;2263;46176
Uþak;Karahallý;KEÇÝ (KIL);Küçükbaþ Hayvan;1500;1095;46235
Uþak;Merkez;KEÇÝ (KIL);Küçükbaþ Hayvan;16210;11833,3;19
Uþak;Sivaslý;KEÇÝ (KIL);Küçükbaþ Hayvan;13010;9497,3;46096
Uþak;Ulubey;KEÇÝ (KIL);Küçükbaþ Hayvan;11497;8392,8;46155
Uþak;Karahallý;KOYUN (MERÝNOS);Küçükbaþ Hayvan;150;164,3;0,4
Uþak;Banaz;KOYUN (YERLÝ);Küçükbaþ Hayvan;28000;30660;73,9
Uþak;Eþme;KOYUN (YERLÝ);Küçükbaþ Hayvan;118770;130053,2;313,3
Uþak;Karahallý;KOYUN (YERLÝ);Küçükbaþ Hayvan;11500;12592,5;46111
Uþak;Merkez;KOYUN (YERLÝ);Küçükbaþ Hayvan;78685;86160,1;207,6
Uþak;Sivaslý;KOYUN (YERLÝ);Küçükbaþ Hayvan;37010;40526;97,6
Uþak;Ulubey;KOYUN (YERLÝ);Küçükbaþ Hayvan;34753;38054,5;91,7
Uþak;Banaz;ET TAVUÐU;Kanatlý Hayvan;119000;3213;803,4
Uþak;Eþme;ET TAVUÐU;Kanatlý Hayvan;6883286;185848,7;46470,5
Uþak;Karahallý;ET TAVUÐU;Kanatlý Hayvan;30500;823,5;205,9
Uþak;Merkez;ET TAVUÐU;Kanatlý Hayvan;1975368;53334,9;13336,1
Uþak;Sivaslý;ET TAVUÐU;Kanatlý Hayvan;973700;26289,9;6573,7
Uþak;Ulubey;ET TAVUÐU;Kanatlý Hayvan;432400;11674,8;2919,2
Uþak;Banaz;HÝNDÝ;Kanatlý Hayvan;2400;90;46164
Uþak;Eþme;HÝNDÝ;Kanatlý Hayvan;220;46089;46024
Uþak;Karahallý;HÝNDÝ;Kanatlý Hayvan;220;46089;46024
Uþak;Merkez;HÝNDÝ;Kanatlý Hayvan;1500;56,3;46036
Uþak;Sivaslý;HÝNDÝ;Kanatlý Hayvan;725;46080;46240
Uþak;Ulubey;HÝNDÝ;Kanatlý Hayvan;650;46136;46028
Uþak;Banaz;KAZ;Kanatlý Hayvan;2750;128,7;32,2
Uþak;Eþme;KAZ;Kanatlý Hayvan;110;46027;46082
Uþak;Karahallý;KAZ;Kanatlý Hayvan;210;46243;46144
Uþak;Merkez;KAZ;Kanatlý Hayvan;5000;234;58,5
Uþak;Sivaslý;KAZ;Kanatlý Hayvan;530;46258;46059
Uþak;Ulubey;KAZ;Kanatlý Hayvan;250;46214;46267
Uþak;Banaz;ÖRDEK;Kanatlý Hayvan;350;46128;46026
Uþak;Eþme;ÖRDEK;Kanatlý Hayvan;900;42,1;46152
Uþak;Karahallý;ÖRDEK;Kanatlý Hayvan;235;11;46205
Uþak;Merkez;ÖRDEK;Kanatlý Hayvan;1500;70,2;46190
Uþak;Sivaslý;ÖRDEK;Kanatlý Hayvan;250;46214;46267
Uþak;Ulubey;ÖRDEK;Kanatlý Hayvan;200;46121;46083
Uþak;Banaz;YUMURTA TAVUÐU;Kanatlý Hayvan;12500;684,4;171,1
Uþak;Eþme;YUMURTA TAVUÐU;Kanatlý Hayvan;218000;11935,5;2984,4
Uþak;Karahallý;YUMURTA TAVUÐU;Kanatlý Hayvan;30000;1642,5;410,7
Uþak;Merkez;YUMURTA TAVUÐU;Kanatlý Hayvan;69246;3791,2;948
Uþak;Sivaslý;YUMURTA TAVUÐU;Kanatlý Hayvan;10400;569,4;142,4
Uþak;Ulubey;YUMURTA TAVUÐU;Kanatlý Hayvan;9600;525,6;131,4
Van;Bahçesaray;AT;Büyükbaþ Hayvan;52;284,7;46143
Van;Baþkale;AT;Büyükbaþ Hayvan;383;2096,9;46064
Van;Çaldýran;AT;Büyükbaþ Hayvan;500;2737,5;46217
Van;Çatak;AT;Büyükbaþ Hayvan;300;1642,5;46242
Van;Edremit;AT;Büyükbaþ Hayvan;7;38,3;0,2
Van;Erciþ;AT;Büyükbaþ Hayvan;880;4818;46259
Van;Gevaþ;AT;Büyükbaþ Hayvan;80;438;46083
Van;Gürpýnar;AT;Büyükbaþ Hayvan;98;536,6;46267
Van;Ýpekyolu;AT;Büyükbaþ Hayvan;10;54,8;0,3
Van;Muradiye;AT;Büyükbaþ Hayvan;97;531,1;46236
Van;Özalp;AT;Büyükbaþ Hayvan;350;1916,3;46091
Van;Saray;AT;Büyükbaþ Hayvan;230;1259,3;46209
Van;Tuþba;AT;Büyükbaþ Hayvan;202;1106;46270
Van;Baþkale;DEVE;Büyükbaþ Hayvan;60;613,2;46269
Van;Bahçesaray;EÞEK;Büyükbaþ Hayvan;61;167;0,5
Van;Baþkale;EÞEK;Büyükbaþ Hayvan;615;1683,6;46117
Van;Çaldýran;EÞEK;Büyükbaþ Hayvan;185;506,4;46174
Van;Çatak;EÞEK;Büyükbaþ Hayvan;300;821,3;46175
Van;Edremit;EÞEK;Büyükbaþ Hayvan;16;43,8;0,1
Van;Erciþ;EÞEK;Büyükbaþ Hayvan;391;1070,4;46115
Van;Gevaþ;EÞEK;Büyükbaþ Hayvan;49;134,1;0,4
Van;Gürpýnar;EÞEK;Büyükbaþ Hayvan;112;306,6;1
Van;Ýpekyolu;EÞEK;Büyükbaþ Hayvan;22;60,2;0,2
Van;Muradiye;EÞEK;Büyükbaþ Hayvan;187;511,9;46174
Van;Özalp;EÞEK;Büyükbaþ Hayvan;200;547,5;46235
Van;Saray;EÞEK;Büyükbaþ Hayvan;195;533,8;46204
Van;Tuþba;EÞEK;Büyükbaþ Hayvan;119;325,8;1
Van;Bahçesaray;KATIR;Büyükbaþ Hayvan;234;1024,9;46116
Van;Baþkale;KATIR;Büyükbaþ Hayvan;236;1033,7;46116
Van;Çatak;KATIR;Büyükbaþ Hayvan;320;1401,6;6
Van;Erciþ;KATIR;Büyükbaþ Hayvan;33;144,5;0,6
Van;Muradiye;KATIR;Büyükbaþ Hayvan;9;39,4;0,2
Van;Bahçesaray;MANDA;Büyükbaþ Hayvan;5;36,5;0,3
Van;Baþkale;MANDA;Büyükbaþ Hayvan;140;1022;46210
Van;Çaldýran;MANDA;Büyükbaþ Hayvan;272;1985,6;46279
Van;Çatak;MANDA;Büyükbaþ Hayvan;4;29,2;0,2
Van;Edremit;MANDA;Büyükbaþ Hayvan;55;401,5;3
Van;Erciþ;MANDA;Büyükbaþ Hayvan;165;1204,5;9
Van;Gürpýnar;MANDA;Büyükbaþ Hayvan;5;36,5;0,3
Van;Ýpekyolu;MANDA;Büyükbaþ Hayvan;142;1036,6;46241
Van;Saray;MANDA;Büyükbaþ Hayvan;2;46187;0,1
Van;Tuþba;MANDA;Büyükbaþ Hayvan;118;861,4;46148
Van;Bahçesaray;SIÐIR (KÜLTÜR);Büyükbaþ Hayvan;192;1752;46036
Van;Baþkale;SIÐIR (KÜLTÜR);Büyükbaþ Hayvan;4715;43024,4;345,5
Van;Çaldýran;SIÐIR (KÜLTÜR);Büyükbaþ Hayvan;1134;10347,8;83,1
Van;Çatak;SIÐIR (KÜLTÜR);Büyükbaþ Hayvan;483;4407,4;35,4
Van;Edremit;SIÐIR (KÜLTÜR);Büyükbaþ Hayvan;2972;27119,5;217,8
Van;Erciþ;SIÐIR (KÜLTÜR);Büyükbaþ Hayvan;12200;111325;894
Van;Gevaþ;SIÐIR (KÜLTÜR);Büyükbaþ Hayvan;1440;13140;105,5
Van;Gürpýnar;SIÐIR (KÜLTÜR);Büyükbaþ Hayvan;1466;13377,3;107,4
Van;Ýpekyolu;SIÐIR (KÜLTÜR);Büyükbaþ Hayvan;1570;14326,3;115
Van;Muradiye;SIÐIR (KÜLTÜR);Büyükbaþ Hayvan;4720;43070;345,9
Van;Özalp;SIÐIR (KÜLTÜR);Büyükbaþ Hayvan;2785;25413,1;204,1
Van;Saray;SIÐIR (KÜLTÜR);Büyükbaþ Hayvan;30;273,8;46055
Van;Tuþba;SIÐIR (KÜLTÜR);Büyükbaþ Hayvan;9690;88421,3;710
Van;Bahçesaray;SIÐIR (MELEZ);Büyükbaþ Hayvan;3199;21017,4;135
Van;Baþkale;SIÐIR (MELEZ);Büyükbaþ Hayvan;5850;38434,5;246,9
Van;Çaldýran;SIÐIR (MELEZ);Büyükbaþ Hayvan;3522;23139,5;148,7
Van;Çatak;SIÐIR (MELEZ);Büyükbaþ Hayvan;1300;8541;54,9
Van;Edremit;SIÐIR (MELEZ);Büyükbaþ Hayvan;7010;46055,7;295,9
Van;Erciþ;SIÐIR (MELEZ);Büyükbaþ Hayvan;21020;138101,4;887,2
Van;Gevaþ;SIÐIR (MELEZ);Büyükbaþ Hayvan;7120;46778,4;300,5
Van;Gürpýnar;SIÐIR (MELEZ);Büyükbaþ Hayvan;1604;10538,3;67,7
Van;Ýpekyolu;SIÐIR (MELEZ);Büyükbaþ Hayvan;9958;65424,1;420,3
Van;Muradiye;SIÐIR (MELEZ);Büyükbaþ Hayvan;14137;92880,1;596,7
Van;Özalp;SIÐIR (MELEZ);Büyükbaþ Hayvan;2788;18317,2;117,7
Van;Saray;SIÐIR (MELEZ);Büyükbaþ Hayvan;1817;11937,7;76,7
Van;Tuþba;SIÐIR (MELEZ);Büyükbaþ Hayvan;14237;93537,1;600,9
Van;Bahçesaray;SIÐIR (YERLÝ);Büyükbaþ Hayvan;609;3334,3;46282
Van;Baþkale;SIÐIR (YERLÝ);Büyükbaþ Hayvan;2535;13879,1;74,3
Van;Çaldýran;SIÐIR (YERLÝ);Büyükbaþ Hayvan;1635;8951,6;47,9
Van;Çatak;SIÐIR (YERLÝ);Büyükbaþ Hayvan;217;1188,1;46118
Van;Edremit;SIÐIR (YERLÝ);Büyükbaþ Hayvan;987;5403,8;46293
Van;Erciþ;SIÐIR (YERLÝ);Büyükbaþ Hayvan;4575;25048,1;134,1
Van;Gevaþ;SIÐIR (YERLÝ);Büyükbaþ Hayvan;540;2956,5;46249
Van;Gürpýnar;SIÐIR (YERLÝ);Büyükbaþ Hayvan;5646;30911,9;165,5
Van;Ýpekyolu;SIÐIR (YERLÝ);Büyükbaþ Hayvan;6330;34656,8;185,5
Van;Muradiye;SIÐIR (YERLÝ);Büyükbaþ Hayvan;2895;15850,1;84,9
Van;Özalp;SIÐIR (YERLÝ);Büyükbaþ Hayvan;3330;18231,8;97,6
Van;Saray;SIÐIR (YERLÝ);Büyükbaþ Hayvan;1225;6706,9;35,9
Van;Tuþba;SIÐIR (YERLÝ);Büyükbaþ Hayvan;8955;49028,6;262,5
Van;Bahçesaray;KEÇÝ (KIL);Küçükbaþ Hayvan;8007;5845,1;46121
Van;Baþkale;KEÇÝ (KIL);Küçükbaþ Hayvan;13535;9880,6;46280
Van;Çaldýran;KEÇÝ (KIL);Küçükbaþ Hayvan;8141;5942,9;46151
Van;Çatak;KEÇÝ (KIL);Küçükbaþ Hayvan;28000;20440;32,8
Van;Edremit;KEÇÝ (KIL);Küçükbaþ Hayvan;7430;5423,9;46211
Van;Erciþ;KEÇÝ (KIL);Küçükbaþ Hayvan;13120;9577,6;46127
Van;Gevaþ;KEÇÝ (KIL);Küçükbaþ Hayvan;10820;7898,6;46215
Van;Gürpýnar;KEÇÝ (KIL);Küçükbaþ Hayvan;40532;29588,4;47,5
Van;Ýpekyolu;KEÇÝ (KIL);Küçükbaþ Hayvan;15729;11482,2;46130
Van;Muradiye;KEÇÝ (KIL);Küçükbaþ Hayvan;10934;7981,8;46246
Van;Özalp;KEÇÝ (KIL);Küçükbaþ Hayvan;6568;4794,6;46210
Van;Saray;KEÇÝ (KIL);Küçükbaþ Hayvan;4350;3175,5;46027
Van;Tuþba;KEÇÝ (KIL);Küçükbaþ Hayvan;10972;8009,6;46277
Van;Bahçesaray;KOYUN (YERLÝ);Küçükbaþ Hayvan;32285;35352,1;85,2
Van;Baþkale;KOYUN (YERLÝ);Küçükbaþ Hayvan;300100;328609,5;791,6
Van;Çaldýran;KOYUN (YERLÝ);Küçükbaþ Hayvan;215866;236373,3;569,4
Van;Çatak;KOYUN (YERLÝ);Küçükbaþ Hayvan;106394;116501,4;280,7
Van;Edremit;KOYUN (YERLÝ);Küçükbaþ Hayvan;81532;89277,5;215,1
Van;Erciþ;KOYUN (YERLÝ);Küçükbaþ Hayvan;303900;332770,5;801,7
Van;Gevaþ;KOYUN (YERLÝ);Küçükbaþ Hayvan;71300;78073,5;188,1
Van;Gürpýnar;KOYUN (YERLÝ);Küçükbaþ Hayvan;603063;660354;1590,8
Van;Ýpekyolu;KOYUN (YERLÝ);Küçükbaþ Hayvan;138372;151517,3;365
Van;Muradiye;KOYUN (YERLÝ);Küçükbaþ Hayvan;158850;173940,8;419
Van;Özalp;KOYUN (YERLÝ);Küçükbaþ Hayvan;230077;251934,3;606,9
Van;Saray;KOYUN (YERLÝ);Küçükbaþ Hayvan;161600;176952;426,3
Van;Tuþba;KOYUN (YERLÝ);Küçükbaþ Hayvan;69054;75614,1;182,2
Van;Bahçesaray;ET TAVUÐU;Kanatlý Hayvan;0;0;0
Van;Baþkale;ET TAVUÐU;Kanatlý Hayvan;0;0;0
Van;Çaldýran;ET TAVUÐU;Kanatlý Hayvan;0;0;0
Van;Çatak;ET TAVUÐU;Kanatlý Hayvan;0;0;0
Van;Edremit;ET TAVUÐU;Kanatlý Hayvan;0;0;0
Van;Erciþ;ET TAVUÐU;Kanatlý Hayvan;0;0;0
Van;Gevaþ;ET TAVUÐU;Kanatlý Hayvan;0;0;0
Van;Gürpýnar;ET TAVUÐU;Kanatlý Hayvan;0;0;0
Van;Ýpekyolu;ET TAVUÐU;Kanatlý Hayvan;0;0;0
Van;Muradiye;ET TAVUÐU;Kanatlý Hayvan;0;0;0
Van;Özalp;ET TAVUÐU;Kanatlý Hayvan;0;0;0
Van;Saray;ET TAVUÐU;Kanatlý Hayvan;0;0;0
Van;Tuþba;ET TAVUÐU;Kanatlý Hayvan;0;0;0
Van;Bahçesaray;HÝNDÝ;Kanatlý Hayvan;33;46054;0,3
Van;Baþkale;HÝNDÝ;Kanatlý Hayvan;1500;56,3;46036
Van;Çaldýran;HÝNDÝ;Kanatlý Hayvan;1325;49,7;46124
Van;Çatak;HÝNDÝ;Kanatlý Hayvan;520;46161;46269
Van;Edremit;HÝNDÝ;Kanatlý Hayvan;1200;45;46092
Van;Erciþ;HÝNDÝ;Kanatlý Hayvan;9300;348,8;87,2
Van;Gevaþ;HÝNDÝ;Kanatlý Hayvan;280;46152;46175
Van;Gürpýnar;HÝNDÝ;Kanatlý Hayvan;3600;135;33,8
Van;Ýpekyolu;HÝNDÝ;Kanatlý Hayvan;2312;86,7;46224
Van;Muradiye;HÝNDÝ;Kanatlý Hayvan;2225;83,4;46285
Van;Özalp;HÝNDÝ;Kanatlý Hayvan;2110;79,1;46253
Van;Saray;HÝNDÝ;Kanatlý Hayvan;500;46252;46207
Van;Tuþba;HÝNDÝ;Kanatlý Hayvan;4928;184,8;46,2
Van;Bahçesaray;KAZ;Kanatlý Hayvan;21;1;0,2
Van;Baþkale;KAZ;Kanatlý Hayvan;0;0;0
Van;Çaldýran;KAZ;Kanatlý Hayvan;467;46286;46147
Van;Çatak;KAZ;Kanatlý Hayvan;122;46208;46113
Van;Edremit;KAZ;Kanatlý Hayvan;200;46121;46083
Van;Erciþ;KAZ;Kanatlý Hayvan;1200;56,2;14
Van;Gevaþ;KAZ;Kanatlý Hayvan;155;46088;46235
Van;Gürpýnar;KAZ;Kanatlý Hayvan;300;14;46145
Van;Ýpekyolu;KAZ;Kanatlý Hayvan;409;46041;46238
Van;Muradiye;KAZ;Kanatlý Hayvan;480;46164;46178
Van;Özalp;KAZ;Kanatlý Hayvan;1548;72,4;46040
Van;Saray;KAZ;Kanatlý Hayvan;200;46121;46083
Van;Tuþba;KAZ;Kanatlý Hayvan;1054;49,3;46093
Van;Bahçesaray;ÖRDEK;Kanatlý Hayvan;25;46054;0,3
Van;Baþkale;ÖRDEK;Kanatlý Hayvan;198;46090;46083
Van;Çaldýran;ÖRDEK;Kanatlý Hayvan;655;46233;46210
Van;Çatak;ÖRDEK;Kanatlý Hayvan;50;46083;0,6
Van;Edremit;ÖRDEK;Kanatlý Hayvan;150;7;46235
Van;Erciþ;ÖRDEK;Kanatlý Hayvan;900;42,1;46152
Van;Gevaþ;ÖRDEK;Kanatlý Hayvan;58;46205;0,7
Van;Gürpýnar;ÖRDEK;Kanatlý Hayvan;590;46200;46271
Van;Ýpekyolu;ÖRDEK;Kanatlý Hayvan;622;46051;46088
Van;Muradiye;ÖRDEK;Kanatlý Hayvan;530;46258;46059
Van;Özalp;ÖRDEK;Kanatlý Hayvan;886;41,5;46122
Van;Saray;ÖRDEK;Kanatlý Hayvan;100;46207;46054
Van;Tuþba;ÖRDEK;Kanatlý Hayvan;864;40,4;46032
Van;Bahçesaray;YUMURTA TAVUÐU;Kanatlý Hayvan;5200;284,7;71,2
Van;Baþkale;YUMURTA TAVUÐU;Kanatlý Hayvan;4500;246,4;61,6
Van;Çaldýran;YUMURTA TAVUÐU;Kanatlý Hayvan;5345;292,6;73,2
Van;Çatak;YUMURTA TAVUÐU;Kanatlý Hayvan;9600;525,6;131,4
Van;Edremit;YUMURTA TAVUÐU;Kanatlý Hayvan;3400;186,2;46,5
Van;Erciþ;YUMURTA TAVUÐU;Kanatlý Hayvan;34100;1867;466,8
Van;Gevaþ;YUMURTA TAVUÐU;Kanatlý Hayvan;3700;202,6;50,7
Van;Gürpýnar;YUMURTA TAVUÐU;Kanatlý Hayvan;16000;876;219
Van;Ýpekyolu;YUMURTA TAVUÐU;Kanatlý Hayvan;5330;291,8;73
Van;Muradiye;YUMURTA TAVUÐU;Kanatlý Hayvan;2030;111,1;46261
Van;Özalp;YUMURTA TAVUÐU;Kanatlý Hayvan;17444;955,1;238,8
Van;Saray;YUMURTA TAVUÐU;Kanatlý Hayvan;4300;235,4;58,9
Van;Tuþba;YUMURTA TAVUÐU;Kanatlý Hayvan;292928;16037,8;4010,2
Yozgat;Aydýncýk;AT;Büyükbaþ Hayvan;10;54,8;0,3
Yozgat;Boðazlýyan;AT;Büyükbaþ Hayvan;20;109,5;0,6
Yozgat;Çandýr;AT;Büyükbaþ Hayvan;1;46147;0
Yozgat;Çayýralan;AT;Büyükbaþ Hayvan;12;65,7;0,4
Yozgat;Çekerek;AT;Büyükbaþ Hayvan;5;46139;0,1
Yozgat;Kadýþehri;AT;Büyükbaþ Hayvan;31;169,7;0,9
Yozgat;Merkez;AT;Büyükbaþ Hayvan;22;120,5;0,6
Yozgat;Saraykent;AT;Büyükbaþ Hayvan;2;11;0,1
Yozgat;Sarýkaya;AT;Büyükbaþ Hayvan;20;109,5;0,6
Yozgat;Þefaatli;AT;Büyükbaþ Hayvan;6;32,9;0,2
Yozgat;Sorgun;AT;Büyükbaþ Hayvan;57;312,1;46204
Yozgat;Yerköy;AT;Büyükbaþ Hayvan;1;46147;0
Yozgat;Akdaðmadeni;EÞEK;Büyükbaþ Hayvan;105;287,4;0,9
Yozgat;Aydýncýk;EÞEK;Büyükbaþ Hayvan;200;547,5;46235
Yozgat;Boðazlýyan;EÞEK;Büyükbaþ Hayvan;250;684,4;46055
Yozgat;Çandýr;EÞEK;Büyükbaþ Hayvan;40;109,5;0,4
Yozgat;Çayýralan;EÞEK;Büyükbaþ Hayvan;28;76,7;0,2
Yozgat;Çekerek;EÞEK;Büyükbaþ Hayvan;100;273,8;0,9
Yozgat;Kadýþehri;EÞEK;Büyükbaþ Hayvan;92;251,9;0,8
Yozgat;Merkez;EÞEK;Büyükbaþ Hayvan;210;574,9;46235
Yozgat;Saraykent;EÞEK;Büyükbaþ Hayvan;55;150,6;0,5
Yozgat;Sarýkaya;EÞEK;Büyükbaþ Hayvan;192;525,6;46204
Yozgat;Þefaatli;EÞEK;Büyükbaþ Hayvan;213;583,1;46266
Yozgat;Sorgun;EÞEK;Büyükbaþ Hayvan;386;1056,7;46115
Yozgat;Yenifakýlý;EÞEK;Büyükbaþ Hayvan;10;46139;0,1
Yozgat;Yerköy;EÞEK;Büyükbaþ Hayvan;40;109,5;0,4
Yozgat;Çayýralan;KATIR;Büyükbaþ Hayvan;8;35;0,2
Yozgat;Merkez;KATIR;Büyükbaþ Hayvan;2;46242;0
Yozgat;Sorgun;KATIR;Büyükbaþ Hayvan;3;46035;0,1
Yozgat;Yerköy;KATIR;Büyükbaþ Hayvan;1;46116;0
Yozgat;Akdaðmadeni;MANDA;Büyükbaþ Hayvan;559;4080,7;46203
Yozgat;Aydýncýk;MANDA;Büyükbaþ Hayvan;143;1043,9;46241
Yozgat;Boðazlýyan;MANDA;Büyükbaþ Hayvan;50;365;46205
Yozgat;Çayýralan;MANDA;Büyükbaþ Hayvan;123;897,9;46209
Yozgat;Çekerek;MANDA;Büyükbaþ Hayvan;414;3022,2;46225
Yozgat;Kadýþehri;MANDA;Büyükbaþ Hayvan;693;5058,9;37,9
Yozgat;Merkez;MANDA;Büyükbaþ Hayvan;1120;8176;61,3
Yozgat;Saraykent;MANDA;Büyükbaþ Hayvan;52;379,6;46236
Yozgat;Sarýkaya;MANDA;Büyükbaþ Hayvan;143;1043,9;46241
Yozgat;Þefaatli;MANDA;Büyükbaþ Hayvan;13;94,9;0,7
Yozgat;Sorgun;MANDA;Büyükbaþ Hayvan;739;5394,7;40,4
Yozgat;Yenifakýlý;MANDA;Büyükbaþ Hayvan;20;146;46023
Yozgat;Yerköy;MANDA;Büyükbaþ Hayvan;10;73;0,5
Yozgat;Akdaðmadeni;SIÐIR (KÜLTÜR);Büyükbaþ Hayvan;18926;172699,8;1386,8
Yozgat;Aydýncýk;SIÐIR (KÜLTÜR);Büyükbaþ Hayvan;4997;45597,6;366,2
Yozgat;Boðazlýyan;SIÐIR (KÜLTÜR);Büyükbaþ Hayvan;7698;70244,3;564,1
Yozgat;Çandýr;SIÐIR (KÜLTÜR);Büyükbaþ Hayvan;1898;17319,3;139,1
Yozgat;Çayýralan;SIÐIR (KÜLTÜR);Büyükbaþ Hayvan;6175;56346,9;452,5
Yozgat;Çekerek;SIÐIR (KÜLTÜR);Büyükbaþ Hayvan;12764;116471,5;935,3
Yozgat;Kadýþehri;SIÐIR (KÜLTÜR);Büyükbaþ Hayvan;9587;87481,4;702,5
Yozgat;Merkez;SIÐIR (KÜLTÜR);Büyükbaþ Hayvan;19364;176696,5;1418,9
Yozgat;Saraykent;SIÐIR (KÜLTÜR);Büyükbaþ Hayvan;5410;49366,3;396,4
Yozgat;Sarýkaya;SIÐIR (KÜLTÜR);Büyükbaþ Hayvan;14000;127750;1025,9
Yozgat;Þefaatli;SIÐIR (KÜLTÜR);Büyükbaþ Hayvan;4980;45442,5;364,9
Yozgat;Sorgun;SIÐIR (KÜLTÜR);Büyükbaþ Hayvan;20955;191214,4;1535,5
Yozgat;Yenifakýlý;SIÐIR (KÜLTÜR);Büyükbaþ Hayvan;2284;20841,5;167,4
Yozgat;Yerköy;SIÐIR (KÜLTÜR);Büyükbaþ Hayvan;8580;78292,5;628,7
Yozgat;Akdaðmadeni;SIÐIR (MELEZ);Büyükbaþ Hayvan;13250;87052,5;559,2
Yozgat;Aydýncýk;SIÐIR (MELEZ);Büyükbaþ Hayvan;2473;16247,6;104,4
Yozgat;Boðazlýyan;SIÐIR (MELEZ);Büyükbaþ Hayvan;5063;33263,9;213,7
Yozgat;Çandýr;SIÐIR (MELEZ);Büyükbaþ Hayvan;183;1202,3;46210
Yozgat;Çayýralan;SIÐIR (MELEZ);Büyükbaþ Hayvan;1117;7338,7;47,1
Yozgat;Çekerek;SIÐIR (MELEZ);Büyükbaþ Hayvan;9460;62152,2;399,3
Yozgat;Kadýþehri;SIÐIR (MELEZ);Büyükbaþ Hayvan;7697;50569,3;324,9
Yozgat;Merkez;SIÐIR (MELEZ);Büyükbaþ Hayvan;12653;83130,2;534
Yozgat;Saraykent;SIÐIR (MELEZ);Büyükbaþ Hayvan;3243;21306,5;136,9
Yozgat;Sarýkaya;SIÐIR (MELEZ);Büyükbaþ Hayvan;7390;48552,3;311,9
Yozgat;Þefaatli;SIÐIR (MELEZ);Büyükbaþ Hayvan;3343;21963,5;141,1
Yozgat;Sorgun;SIÐIR (MELEZ);Büyükbaþ Hayvan;10842;71231,9;457,6
Yozgat;Yenifakýlý;SIÐIR (MELEZ);Büyükbaþ Hayvan;1300;8541;54,9
Yozgat;Yerköy;SIÐIR (MELEZ);Büyükbaþ Hayvan;9340;61363,8;394,2
Yozgat;Akdaðmadeni;SIÐIR (YERLÝ);Büyükbaþ Hayvan;3316;18155,1;97,2
Yozgat;Aydýncýk;SIÐIR (YERLÝ);Büyükbaþ Hayvan;728;3985,8;46102
Yozgat;Boðazlýyan;SIÐIR (YERLÝ);Büyükbaþ Hayvan;1595;8732,6;46,8
Yozgat;Çayýralan;SIÐIR (YERLÝ);Büyükbaþ Hayvan;30;164,3;0,9
Yozgat;Çekerek;SIÐIR (YERLÝ);Büyükbaþ Hayvan;3305;18094,9;96,9
Yozgat;Kadýþehri;SIÐIR (YERLÝ);Büyükbaþ Hayvan;1222;6690,5;35,8
Yozgat;Merkez;SIÐIR (YERLÝ);Büyükbaþ Hayvan;2369;12970,3;69,4
Yozgat;Saraykent;SIÐIR (YERLÝ);Büyükbaþ Hayvan;757;4144,6;46075
Yozgat;Sarýkaya;SIÐIR (YERLÝ);Büyükbaþ Hayvan;2245;12291,4;65,8
Yozgat;Þefaatli;SIÐIR (YERLÝ);Büyükbaþ Hayvan;965;5283,4;46109
Yozgat;Sorgun;SIÐIR (YERLÝ);Büyükbaþ Hayvan;359;1965,5;46152
Yozgat;Yenifakýlý;SIÐIR (YERLÝ);Büyükbaþ Hayvan;7;38,3;0,2
Yozgat;Yerköy;SIÐIR (YERLÝ);Büyükbaþ Hayvan;1860;10183,5;54,5
Yozgat;Akdaðmadeni;KEÇÝ (KIL);Küçükbaþ Hayvan;20217;14758,4;46226
Yozgat;Aydýncýk;KEÇÝ (KIL);Küçükbaþ Hayvan;4461;3256,5;46058
Yozgat;Boðazlýyan;KEÇÝ (KIL);Küçükbaþ Hayvan;4919;3590,9;46239
Yozgat;Çandýr;KEÇÝ (KIL);Küçükbaþ Hayvan;142;103,7;0,2
Yozgat;Çayýralan;KEÇÝ (KIL);Küçükbaþ Hayvan;900;657;46023
Yozgat;Çekerek;KEÇÝ (KIL);Küçükbaþ Hayvan;8160;5956,8;46182
Yozgat;Kadýþehri;KEÇÝ (KIL);Küçükbaþ Hayvan;2400;1752;46236
Yozgat;Merkez;KEÇÝ (KIL);Küçükbaþ Hayvan;4463;3258;46058
Yozgat;Saraykent;KEÇÝ (KIL);Küçükbaþ Hayvan;66;48,2;0,1
Yozgat;Sarýkaya;KEÇÝ (KIL);Küçükbaþ Hayvan;631;460,6;0,7
Yozgat;Þefaatli;KEÇÝ (KIL);Küçükbaþ Hayvan;1270;927,1;46143
Yozgat;Sorgun;KEÇÝ (KIL);Küçükbaþ Hayvan;1981;1446,1;46083
Yozgat;Yenifakýlý;KEÇÝ (KIL);Küçükbaþ Hayvan;1000;730;46054
Yozgat;Yerköy;KEÇÝ (KIL);Küçükbaþ Hayvan;6550;4781,5;46210
Yozgat;Akdaðmadeni;KEÇÝ (TÝFTÝK);Küçükbaþ Hayvan;13;46151;0
Yozgat;Çayýralan;KOYUN (MERÝNOS);Küçükbaþ Hayvan;38;41,6;0,1
Yozgat;Akdaðmadeni;KOYUN (YERLÝ);Küçükbaþ Hayvan;20633;22593,1;54,4
Yozgat;Aydýncýk;KOYUN (YERLÝ);Küçükbaþ Hayvan;2301;2519,6;46028
Yozgat;Boðazlýyan;KOYUN (YERLÝ);Küçükbaþ Hayvan;61255;67074,2;161,6
Yozgat;Çandýr;KOYUN (YERLÝ);Küçükbaþ Hayvan;6009;6579,9;46280
Yozgat;Çayýralan;KOYUN (YERLÝ);Küçükbaþ Hayvan;12300;13468,5;32,4
Yozgat;Çekerek;KOYUN (YERLÝ);Küçükbaþ Hayvan;9793;10723,3;46259
Yozgat;Kadýþehri;KOYUN (YERLÝ);Küçükbaþ Hayvan;6965;7626,7;46130
Yozgat;Merkez;KOYUN (YERLÝ);Küçükbaþ Hayvan;47537;52053;125,4
Yozgat;Saraykent;KOYUN (YERLÝ);Küçükbaþ Hayvan;2588;2833,9;46240
Yozgat;Sarýkaya;KOYUN (YERLÝ);Küçükbaþ Hayvan;23280;25491,6;61,4
Yozgat;Þefaatli;KOYUN (YERLÝ);Küçükbaþ Hayvan;23740;25995,3;62,6
Yozgat;Sorgun;KOYUN (YERLÝ);Küçükbaþ Hayvan;33236;36393,4;87,7
Yozgat;Yenifakýlý;KOYUN (YERLÝ);Küçükbaþ Hayvan;19000;20805;50,1
Yozgat;Yerköy;KOYUN (YERLÝ);Küçükbaþ Hayvan;52950;57980,3;139,7
Yozgat;Akdaðmadeni;ET TAVUÐU;Kanatlý Hayvan;0;0;0
Yozgat;Aydýncýk;ET TAVUÐU;Kanatlý Hayvan;0;0;0
Yozgat;Boðazlýyan;ET TAVUÐU;Kanatlý Hayvan;50;46155;46115
Yozgat;Çandýr;ET TAVUÐU;Kanatlý Hayvan;60000;1620;405,1
Yozgat;Çayýralan;ET TAVUÐU;Kanatlý Hayvan;0;0;0
Yozgat;Çekerek;ET TAVUÐU;Kanatlý Hayvan;0;0;0
Yozgat;Kadýþehri;ET TAVUÐU;Kanatlý Hayvan;0;0;0
Yozgat;Merkez;ET TAVUÐU;Kanatlý Hayvan;0;0;0
Yozgat;Saraykent;ET TAVUÐU;Kanatlý Hayvan;0;0;0
Yozgat;Sarýkaya;ET TAVUÐU;Kanatlý Hayvan;0;0;0
Yozgat;Þefaatli;ET TAVUÐU;Kanatlý Hayvan;0;0;0
Yozgat;Sorgun;ET TAVUÐU;Kanatlý Hayvan;0;0;0
Yozgat;Yerköy;ET TAVUÐU;Kanatlý Hayvan;51000;1377;344,3
Yozgat;Akdaðmadeni;HÝNDÝ;Kanatlý Hayvan;1375;51,6;46277
Yozgat;Aydýncýk;HÝNDÝ;Kanatlý Hayvan;481;18;46146
Yozgat;Boðazlýyan;HÝNDÝ;Kanatlý Hayvan;2670;100,1;25
Yozgat;Çandýr;HÝNDÝ;Kanatlý Hayvan;300;46092;46236
Yozgat;Çayýralan;HÝNDÝ;Kanatlý Hayvan;529;46253;5
Yozgat;Çekerek;HÝNDÝ;Kanatlý Hayvan;460;46098;46085
Yozgat;Kadýþehri;HÝNDÝ;Kanatlý Hayvan;300;46092;46236
Yozgat;Merkez;HÝNDÝ;Kanatlý Hayvan;897;33,6;46120
Yozgat;Saraykent;HÝNDÝ;Kanatlý Hayvan;900;33,8;46120
Yozgat;Sarýkaya;HÝNDÝ;Kanatlý Hayvan;3200;120;30
Yozgat;Þefaatli;HÝNDÝ;Kanatlý Hayvan;1100;41,3;46091
Yozgat;Sorgun;HÝNDÝ;Kanatlý Hayvan;1440;54;46155
Yozgat;Yenifakýlý;HÝNDÝ;Kanatlý Hayvan;100;46237;0,9
Yozgat;Yerköy;HÝNDÝ;Kanatlý Hayvan;1800;67,5;46281
Yozgat;Akdaðmadeni;KAZ;Kanatlý Hayvan;1050;49,1;46093
Yozgat;Aydýncýk;KAZ;Kanatlý Hayvan;204;46151;46114
Yozgat;Boðazlýyan;KAZ;Kanatlý Hayvan;4245;198,7;49,7
Yozgat;Çandýr;KAZ;Kanatlý Hayvan;300;14;46145
Yozgat;Çayýralan;KAZ;Kanatlý Hayvan;148;46271;46204
Yozgat;Çekerek;KAZ;Kanatlý Hayvan;1040;48,7;46065
Yozgat;Kadýþehri;KAZ;Kanatlý Hayvan;3982;186,4;46,6
Yozgat;Merkez;KAZ;Kanatlý Hayvan;4000;187,2;46,8
Yozgat;Saraykent;KAZ;Kanatlý Hayvan;850;39,8;46274
Yozgat;Sarýkaya;KAZ;Kanatlý Hayvan;4500;210,6;52,7
Yozgat;Þefaatli;KAZ;Kanatlý Hayvan;2500;117;46110
Yozgat;Sorgun;KAZ;Kanatlý Hayvan;3844;179,9;45
Yozgat;Yenifakýlý;KAZ;Kanatlý Hayvan;1000;46,8;46214
Yozgat;Yerköy;KAZ;Kanatlý Hayvan;1500;70,2;46190
Yozgat;Akdaðmadeni;ÖRDEK;Kanatlý Hayvan;550;46228;46118
Yozgat;Aydýncýk;ÖRDEK;Kanatlý Hayvan;160;46149;46266
Yozgat;Boðazlýyan;ÖRDEK;Kanatlý Hayvan;727;34;46150
Yozgat;Çandýr;ÖRDEK;Kanatlý Hayvan;150;7;46235
Yozgat;Çayýralan;ÖRDEK;Kanatlý Hayvan;99;46177;46054
Yozgat;Çekerek;ÖRDEK;Kanatlý Hayvan;345;46038;4
Yozgat;Kadýþehri;ÖRDEK;Kanatlý Hayvan;275;46277;46056
Yozgat;Merkez;ÖRDEK;Kanatlý Hayvan;774;36,2;46031
Yozgat;Saraykent;ÖRDEK;Kanatlý Hayvan;180;46120;46024
Yozgat;Sarýkaya;ÖRDEK;Kanatlý Hayvan;320;15;46206
Yozgat;Þefaatli;ÖRDEK;Kanatlý Hayvan;350;46128;46026
Yozgat;Sorgun;ÖRDEK;Kanatlý Hayvan;829;38,8;46212
Yozgat;Yenifakýlý;ÖRDEK;Kanatlý Hayvan;1000;46,8;46214
Yozgat;Yerköy;ÖRDEK;Kanatlý Hayvan;128;6;46143
Yozgat;Akdaðmadeni;YUMURTA TAVUÐU;Kanatlý Hayvan;315420;17269,2;4318,1
Yozgat;Aydýncýk;YUMURTA TAVUÐU;Kanatlý Hayvan;6900;377,8;94,5
Yozgat;Boðazlýyan;YUMURTA TAVUÐU;Kanatlý Hayvan;17102;936,3;234,1
Yozgat;Çandýr;YUMURTA TAVUÐU;Kanatlý Hayvan;3600;197,1;49,3
Yozgat;Çayýralan;YUMURTA TAVUÐU;Kanatlý Hayvan;5296;290;72,5
Yozgat;Çekerek;YUMURTA TAVUÐU;Kanatlý Hayvan;4325;236,8;59,2
Yozgat;Kadýþehri;YUMURTA TAVUÐU;Kanatlý Hayvan;9550;522,9;130,7
Yozgat;Merkez;YUMURTA TAVUÐU;Kanatlý Hayvan;20000;1095;273,8
Yozgat;Saraykent;YUMURTA TAVUÐU;Kanatlý Hayvan;4800;262,8;65,7
Yozgat;Sarýkaya;YUMURTA TAVUÐU;Kanatlý Hayvan;13250;725,4;181,4
Yozgat;Þefaatli;YUMURTA TAVUÐU;Kanatlý Hayvan;10800;591,3;147,9
Yozgat;Sorgun;YUMURTA TAVUÐU;Kanatlý Hayvan;83664;4580,6;1145,4
Yozgat;Yenifakýlý;YUMURTA TAVUÐU;Kanatlý Hayvan;3000;164,3;41,1
Yozgat;Yerköy;YUMURTA TAVUÐU;Kanatlý Hayvan;19500;1067,6;267
Zonguldak;Alaplý;AT;Büyükbaþ Hayvan;5;46139;0,1
Zonguldak;Çaycuma;AT;Büyükbaþ Hayvan;16;87,6;0,5
Zonguldak;Kilimli;AT;Büyükbaþ Hayvan;24;131,4;0,7
Zonguldak;Kozlu;AT;Büyükbaþ Hayvan;4;46286;0,1
Zonguldak;Merkez;AT;Büyükbaþ Hayvan;6;32,9;0,2
Zonguldak;Alaplý;EÞEK;Büyükbaþ Hayvan;10;46139;0,1
Zonguldak;Çaycuma;EÞEK;Büyükbaþ Hayvan;29;79,4;0,3
Zonguldak;Devrek;EÞEK;Büyükbaþ Hayvan;10;46139;0,1
Zonguldak;Ereðli;EÞEK;Büyükbaþ Hayvan;63;172,5;0,6
Zonguldak;Kilimli;EÞEK;Büyükbaþ Hayvan;4;11;0
Zonguldak;Kozlu;EÞEK;Büyükbaþ Hayvan;11;46052;0,1
Zonguldak;Merkez;EÞEK;Büyükbaþ Hayvan;3;46061;0
Zonguldak;Çaycuma;KATIR;Büyükbaþ Hayvan;8;35;0,2
Zonguldak;Ereðli;KATIR;Büyükbaþ Hayvan;71;311;46082
Zonguldak;Kilimli;KATIR;Büyükbaþ Hayvan;6;46107;0,1
Zonguldak;Kozlu;KATIR;Büyükbaþ Hayvan;10;43,8;0,2
Zonguldak;Merkez;KATIR;Büyükbaþ Hayvan;17;74,5;0,3
Zonguldak;Çaycuma;MANDA;Büyükbaþ Hayvan;1081;7891,3;59,1
Zonguldak;Devrek;MANDA;Büyükbaþ Hayvan;65;474,5;46176
Zonguldak;Ereðli;MANDA;Büyükbaþ Hayvan;58;423,4;46056
Zonguldak;Gökçebey;MANDA;Büyükbaþ Hayvan;79;576,7;46085
Zonguldak;Kozlu;MANDA;Büyükbaþ Hayvan;47;343,1;46175
Zonguldak;Merkez;MANDA;Büyükbaþ Hayvan;1;46088;0,1
Zonguldak;Alaplý;SIÐIR (KÜLTÜR);Büyükbaþ Hayvan;734;6697,8;53,8
Zonguldak;Çaycuma;SIÐIR (KÜLTÜR);Büyükbaþ Hayvan;18909;172544,6;1385,6
Zonguldak;Devrek;SIÐIR (KÜLTÜR);Büyükbaþ Hayvan;2105;19208,1;154,2
Zonguldak;Ereðli;SIÐIR (KÜLTÜR);Büyükbaþ Hayvan;4396;40113,5;322,1
Zonguldak;Gökçebey;SIÐIR (KÜLTÜR);Büyükbaþ Hayvan;3148;28725,5;230,7
Zonguldak;Kilimli;SIÐIR (KÜLTÜR);Büyükbaþ Hayvan;284;2591,5;46254
Zonguldak;Kozlu;SIÐIR (KÜLTÜR);Büyükbaþ Hayvan;4064;37084;297,8
Zonguldak;Merkez;SIÐIR (KÜLTÜR);Büyükbaþ Hayvan;4809;43882,1;352,4
Zonguldak;Alaplý;SIÐIR (MELEZ);Büyükbaþ Hayvan;2434;15991,4;102,7
Zonguldak;Çaycuma;SIÐIR (MELEZ);Büyükbaþ Hayvan;7405;48650,9;312,5
Zonguldak;Devrek;SIÐIR (MELEZ);Büyükbaþ Hayvan;6920;45464,4;292,1
Zonguldak;Ereðli;SIÐIR (MELEZ);Büyükbaþ Hayvan;7075;46482,8;298,6
Zonguldak;Gökçebey;SIÐIR (MELEZ);Büyükbaþ Hayvan;1521;9993;64,2
Zonguldak;Kilimli;SIÐIR (MELEZ);Büyükbaþ Hayvan;429;2818,5;46040
Zonguldak;Kozlu;SIÐIR (MELEZ);Büyükbaþ Hayvan;1706;11208,4;72
Zonguldak;Merkez;SIÐIR (MELEZ);Büyükbaþ Hayvan;2640;17344,8;111,4
Zonguldak;Alaplý;SIÐIR (YERLÝ);Büyükbaþ Hayvan;299;1637;46242
Zonguldak;Çaycuma;SIÐIR (YERLÝ);Büyükbaþ Hayvan;1720;9417;50,4
Zonguldak;Devrek;SIÐIR (YERLÝ);Büyükbaþ Hayvan;6022;32970,5;176,5
Zonguldak;Ereðli;SIÐIR (YERLÝ);Büyükbaþ Hayvan;2469;13517,8;72,4
Zonguldak;Gökçebey;SIÐIR (YERLÝ);Büyükbaþ Hayvan;578;3164,6;46281
Zonguldak;Kilimli;SIÐIR (YERLÝ);Büyükbaþ Hayvan;158;865,1;46177
Zonguldak;Kozlu;SIÐIR (YERLÝ);Büyükbaþ Hayvan;921;5042,5;27
Zonguldak;Merkez;SIÐIR (YERLÝ);Büyükbaþ Hayvan;1239;6783,5;36,3
Zonguldak;Alaplý;KEÇÝ (KIL);Küçükbaþ Hayvan;521;380,3;0,6
Zonguldak;Çaycuma;KEÇÝ (KIL);Küçükbaþ Hayvan;1767;1289,9;46024
Zonguldak;Devrek;KEÇÝ (KIL);Küçükbaþ Hayvan;5288;3860,2;46059
Zonguldak;Ereðli;KEÇÝ (KIL);Küçükbaþ Hayvan;2805;2047,7;46084
Zonguldak;Gökçebey;KEÇÝ (KIL);Küçükbaþ Hayvan;590;430,7;0,7
Zonguldak;Kilimli;KEÇÝ (KIL);Küçükbaþ Hayvan;229;167,2;0,3
Zonguldak;Kozlu;KEÇÝ (KIL);Küçükbaþ Hayvan;635;463,6;0,7
Zonguldak;Merkez;KEÇÝ (KIL);Küçükbaþ Hayvan;3719;2714,9;46116
Zonguldak;Merkez;KEÇÝ (TÝFTÝK);Küçükbaþ Hayvan;23;46250;0
Zonguldak;Alaplý;KOYUN (MERÝNOS);Küçükbaþ Hayvan;723;791,7;46266
Zonguldak;Devrek;KOYUN (MERÝNOS);Küçükbaþ Hayvan;12;46035;0
Zonguldak;Gökçebey;KOYUN (MERÝNOS);Küçükbaþ Hayvan;750;821,3;2
Zonguldak;Kilimli;KOYUN (MERÝNOS);Küçükbaþ Hayvan;106;116,1;0,3
Zonguldak;Kozlu;KOYUN (MERÝNOS);Küçükbaþ Hayvan;535;585,8;46113
Zonguldak;Merkez;KOYUN (MERÝNOS);Küçükbaþ Hayvan;557;609,9;46143
Zonguldak;Alaplý;KOYUN (YERLÝ);Küçükbaþ Hayvan;40;43,8;0,1
Zonguldak;Çaycuma;KOYUN (YERLÝ);Küçükbaþ Hayvan;3027;3314,6;8
Zonguldak;Devrek;KOYUN (YERLÝ);Küçükbaþ Hayvan;4790;5245,1;46185
Zonguldak;Ereðli;KOYUN (YERLÝ);Küçükbaþ Hayvan;3500;3832,5;46062
Zonguldak;Gökçebey;KOYUN (YERLÝ);Küçükbaþ Hayvan;622;681,1;46174
Zonguldak;Kilimli;KOYUN (YERLÝ);Küçükbaþ Hayvan;185;202,6;0,5
Zonguldak;Kozlu;KOYUN (YERLÝ);Küçükbaþ Hayvan;1820;1992,9;46238
Zonguldak;Merkez;KOYUN (YERLÝ);Küçükbaþ Hayvan;2699;2955,4;46029
Zonguldak;Alaplý;ET TAVUÐU;Kanatlý Hayvan;516000;13932;3483,6
Zonguldak;Çaycuma;ET TAVUÐU;Kanatlý Hayvan;2430100;65612,7;16406,1
Zonguldak;Devrek;ET TAVUÐU;Kanatlý Hayvan;970000;26190;6548,7
Zonguldak;Ereðli;ET TAVUÐU;Kanatlý Hayvan;591900;15981,3;3996
Zonguldak;Gökçebey;ET TAVUÐU;Kanatlý Hayvan;1061018;28647,5;7163,2
Zonguldak;Kilimli;ET TAVUÐU;Kanatlý Hayvan;0;0;0
Zonguldak;Kozlu;ET TAVUÐU;Kanatlý Hayvan;21000;567;141,8
Zonguldak;Merkez;ET TAVUÐU;Kanatlý Hayvan;306082;8264,2;2066,4
Zonguldak;Alaplý;HÝNDÝ;Kanatlý Hayvan;20;0,8;0,2
Zonguldak;Çaycuma;HÝNDÝ;Kanatlý Hayvan;98;46206;0,9
Zonguldak;Devrek;HÝNDÝ;Kanatlý Hayvan;130;46269;46054
Zonguldak;Ereðli;HÝNDÝ;Kanatlý Hayvan;278;46122;46175
Zonguldak;Gökçebey;HÝNDÝ;Kanatlý Hayvan;202;46180;46266
Zonguldak;Kilimli;HÝNDÝ;Kanatlý Hayvan;93;46145;0,9
Zonguldak;Kozlu;HÝNDÝ;Kanatlý Hayvan;115;46085;46023
Zonguldak;Merkez;HÝNDÝ;Kanatlý Hayvan;160;6;46143
Zonguldak;Alaplý;KAZ;Kanatlý Hayvan;45;46024;0,5
Zonguldak;Çaycuma;KAZ;Kanatlý Hayvan;71;46084;0,8
Zonguldak;Devrek;KAZ;Kanatlý Hayvan;0;0;0
Zonguldak;Ereðli;KAZ;Kanatlý Hayvan;70;46084;0,8
Zonguldak;Gökçebey;KAZ;Kanatlý Hayvan;198;46090;46083
Zonguldak;Kilimli;KAZ;Kanatlý Hayvan;115;46117;46082
Zonguldak;Kozlu;KAZ;Kanatlý Hayvan;40;46266;0,5
Zonguldak;Merkez;KAZ;Kanatlý Hayvan;55;46175;0,6
Zonguldak;Alaplý;ÖRDEK;Kanatlý Hayvan;35;46174;0,4
Zonguldak;Çaycuma;ÖRDEK;Kanatlý Hayvan;476;46103;46178
Zonguldak;Devrek;ÖRDEK;Kanatlý Hayvan;;0;0
Zonguldak;Ereðli;ÖRDEK;Kanatlý Hayvan;550;46228;46118
Zonguldak;Gökçebey;ÖRDEK;Kanatlý Hayvan;210;46243;46144
Zonguldak;Kilimli;ÖRDEK;Kanatlý Hayvan;66;46025;0,8
Zonguldak;Kozlu;ÖRDEK;Kanatlý Hayvan;120;46178;46113
Zonguldak;Merkez;ÖRDEK;Kanatlý Hayvan;157;46088;46235
Zonguldak;Alaplý;YUMURTA TAVUÐU;Kanatlý Hayvan;650;35,6;46273
Zonguldak;Çaycuma;YUMURTA TAVUÐU;Kanatlý Hayvan;122350;6698,7;1675
Zonguldak;Devrek;YUMURTA TAVUÐU;Kanatlý Hayvan;16900;925,3;231,4
Zonguldak;Ereðli;YUMURTA TAVUÐU;Kanatlý Hayvan;38750;2121,6;530,5
Zonguldak;Gökçebey;YUMURTA TAVUÐU;Kanatlý Hayvan;4120;225,6;56,4
Zonguldak;Kilimli;YUMURTA TAVUÐU;Kanatlý Hayvan;3265;178,8;44,7
Zonguldak;Kozlu;YUMURTA TAVUÐU;Kanatlý Hayvan;7300;399,7;99,9
Zonguldak;Merkez;YUMURTA TAVUÐU;Kanatlý Hayvan;18500;1012,9;253,3
Aksaray;Aðaçören;AT;Büyükbaþ Hayvan;12;65,7;0,4
Aksaray;Gülaðaç;AT;Büyükbaþ Hayvan;50;273,8;46143
Aksaray;Güzelyurt;AT;Büyükbaþ Hayvan;8;43,8;0,2
Aksaray;Merkez;AT;Büyükbaþ Hayvan;387;2118,8;46092
Aksaray;Ortaköy;AT;Büyükbaþ Hayvan;4;46286;0,1
Aksaray;Sarýyahþi;AT;Büyükbaþ Hayvan;3;46128;0,1
Aksaray;Sultanhaný;AT;Büyükbaþ Hayvan;10;54,8;0,3
Aksaray;Aðaçören;EÞEK;Büyükbaþ Hayvan;143;391,5;46082
Aksaray;Eskil;EÞEK;Büyükbaþ Hayvan;140;383,3;46054
Aksaray;Gülaðaç;EÞEK;Büyükbaþ Hayvan;45;123,2;0,4
Aksaray;Güzelyurt;EÞEK;Büyükbaþ Hayvan;444;1215,5;46268
Aksaray;Merkez;EÞEK;Büyükbaþ Hayvan;156;427,1;46113
Aksaray;Ortaköy;EÞEK;Büyükbaþ Hayvan;140;383,3;46054
Aksaray;Sarýyahþi;EÞEK;Büyükbaþ Hayvan;23;63;0,2
Aksaray;Sultanhaný;EÞEK;Büyükbaþ Hayvan;60;164,3;0,5
Aksaray;Merkez;KATIR;Büyükbaþ Hayvan;76;332,9;46113
Aksaray;Ortaköy;KATIR;Büyükbaþ Hayvan;1;46116;0
Aksaray;Aðaçören;MANDA;Büyükbaþ Hayvan;72;525,6;46268
Aksaray;Gülaðaç;MANDA;Büyükbaþ Hayvan;1;46088;0,1
Aksaray;Merkez;MANDA;Büyükbaþ Hayvan;1001;7307,3;54,8
Aksaray;Ortaköy;MANDA;Büyükbaþ Hayvan;5;36,5;0,3
Aksaray;Aðaçören;SIÐIR (KÜLTÜR);Büyükbaþ Hayvan;5291;48280,4;387,7
Aksaray;Eskil;SIÐIR (KÜLTÜR);Büyükbaþ Hayvan;51850;473131,3;3799,4
Aksaray;Gülaðaç;SIÐIR (KÜLTÜR);Büyükbaþ Hayvan;5245;47860,6;384,3
Aksaray;Güzelyurt;SIÐIR (KÜLTÜR);Büyükbaþ Hayvan;5002;45643,3;366,5
Aksaray;Merkez;SIÐIR (KÜLTÜR);Büyükbaþ Hayvan;119935;1094406,9;8788,4
Aksaray;Ortaköy;SIÐIR (KÜLTÜR);Büyükbaþ Hayvan;18880;172280;1383,5
Aksaray;Sarýyahþi;SIÐIR (KÜLTÜR);Büyükbaþ Hayvan;1164;10621,5;85,3
Aksaray;Sultanhaný;SIÐIR (KÜLTÜR);Büyükbaþ Hayvan;14470;132038,8;1060,3
Aksaray;Aðaçören;SIÐIR (MELEZ);Büyükbaþ Hayvan;1146;7529,2;48,4
Aksaray;Eskil;SIÐIR (MELEZ);Büyükbaþ Hayvan;9500;62415;401
Aksaray;Gülaðaç;SIÐIR (MELEZ);Büyükbaþ Hayvan;3371;22147,5;142,3
Aksaray;Güzelyurt;SIÐIR (MELEZ);Büyükbaþ Hayvan;1333;8757,8;56,3
Aksaray;Merkez;SIÐIR (MELEZ);Büyükbaþ Hayvan;20932;137523,2;883,5
Aksaray;Ortaköy;SIÐIR (MELEZ);Büyükbaþ Hayvan;2911;19125,3;122,9
Aksaray;Sarýyahþi;SIÐIR (MELEZ);Büyükbaþ Hayvan;228;1498;46182
Aksaray;Sultanhaný;SIÐIR (MELEZ);Büyükbaþ Hayvan;3183;20912,3;134,3
Aksaray;Aðaçören;SIÐIR (YERLÝ);Büyükbaþ Hayvan;8;43,8;0,2
Aksaray;Eskil;SIÐIR (YERLÝ);Büyükbaþ Hayvan;260;1423,5;46180
Aksaray;Gülaðaç;SIÐIR (YERLÝ);Büyükbaþ Hayvan;4;46286;0,1
Aksaray;Güzelyurt;SIÐIR (YERLÝ);Büyükbaþ Hayvan;7;38,3;0,2
Aksaray;Merkez;SIÐIR (YERLÝ);Büyükbaþ Hayvan;667;3651,8;46192
Aksaray;Ortaköy;SIÐIR (YERLÝ);Büyükbaþ Hayvan;6;32,9;0,2
Aksaray;Sarýyahþi;SIÐIR (YERLÝ);Büyükbaþ Hayvan;8;43,8;0,2
Aksaray;Sultanhaný;SIÐIR (YERLÝ);Büyükbaþ Hayvan;3;46128;0,1
Aksaray;Aðaçören;KEÇÝ (KIL);Küçükbaþ Hayvan;5183;3783,6;46028
Aksaray;Eskil;KEÇÝ (KIL);Küçükbaþ Hayvan;2920;2131,6;46115
Aksaray;Gülaðaç;KEÇÝ (KIL);Küçükbaþ Hayvan;2673;1951,3;46025
Aksaray;Güzelyurt;KEÇÝ (KIL);Küçükbaþ Hayvan;1895;1383,4;46055
Aksaray;Merkez;KEÇÝ (KIL);Küçükbaþ Hayvan;44052;32158;51,6
Aksaray;Ortaköy;KEÇÝ (KIL);Küçükbaþ Hayvan;6885;5026,1;46030
Aksaray;Sarýyahþi;KEÇÝ (KIL);Küçükbaþ Hayvan;442;322,7;0,5
Aksaray;Sultanhaný;KEÇÝ (KIL);Küçükbaþ Hayvan;2248;1641;46175
Aksaray;Gülaðaç;KEÇÝ (TÝFTÝK);Küçükbaþ Hayvan;1;0,7;0
Aksaray;Merkez;KEÇÝ (TÝFTÝK);Küçükbaþ Hayvan;306;223,4;0,4
Aksaray;Sarýyahþi;KEÇÝ (TÝFTÝK);Küçükbaþ Hayvan;10;46088;0
Aksaray;Sultanhaný;KEÇÝ (TÝFTÝK);Küçükbaþ Hayvan;70;51,1;0,1
Aksaray;Aðaçören;KOYUN (MERÝNOS);Küçükbaþ Hayvan;55;60,2;0,1
Aksaray;Eskil;KOYUN (MERÝNOS);Küçükbaþ Hayvan;5000;5475;46066
Aksaray;Gülaðaç;KOYUN (MERÝNOS);Küçükbaþ Hayvan;265;290,2;0,7
Aksaray;Merkez;KOYUN (MERÝNOS);Küçükbaþ Hayvan;2726;2985;46060
Aksaray;Ortaköy;KOYUN (MERÝNOS);Küçükbaþ Hayvan;200;219;0,5
Aksaray;Sarýyahþi;KOYUN (MERÝNOS);Küçükbaþ Hayvan;75;82,1;0,2
Aksaray;Sultanhaný;KOYUN (MERÝNOS);Küçükbaþ Hayvan;4058;4443,5;46213
Aksaray;Aðaçören;KOYUN (YERLÝ);Küçükbaþ Hayvan;22782;24946,3;60,1
Aksaray;Eskil;KOYUN (YERLÝ);Küçükbaþ Hayvan;104100;113989,5;274,6
Aksaray;Gülaðaç;KOYUN (YERLÝ);Küçükbaþ Hayvan;23500;25732,5;62
Aksaray;Güzelyurt;KOYUN (YERLÝ);Küçükbaþ Hayvan;19978;21875,9;52,7
Aksaray;Merkez;KOYUN (YERLÝ);Küçükbaþ Hayvan;335148;366987,1;884,1
Aksaray;Ortaköy;KOYUN (YERLÝ);Küçükbaþ Hayvan;48619;53237,8;128,3
Aksaray;Sarýyahþi;KOYUN (YERLÝ);Küçükbaþ Hayvan;3725;4078,9;46243
Aksaray;Sultanhaný;KOYUN (YERLÝ);Küçükbaþ Hayvan;41719;45682,3;110,1
Aksaray;Aðaçören;ET TAVUÐU;Kanatlý Hayvan;0;0;0
Aksaray;Eskil;ET TAVUÐU;Kanatlý Hayvan;0;0;0
Aksaray;Gülaðaç;ET TAVUÐU;Kanatlý Hayvan;0;0;0
Aksaray;Güzelyurt;ET TAVUÐU;Kanatlý Hayvan;0;0;0
Aksaray;Merkez;ET TAVUÐU;Kanatlý Hayvan;0;0;0
Aksaray;Ortaköy;ET TAVUÐU;Kanatlý Hayvan;0;0;0
Aksaray;Sarýyahþi;ET TAVUÐU;Kanatlý Hayvan;0;0;0
Aksaray;Sultanhaný;ET TAVUÐU;Kanatlý Hayvan;0;0;0
Aksaray;Aðaçören;HÝNDÝ;Kanatlý Hayvan;425;46280;4
Aksaray;Eskil;HÝNDÝ;Kanatlý Hayvan;2700;101,3;46106
Aksaray;Gülaðaç;HÝNDÝ;Kanatlý Hayvan;820;46264;46210
Aksaray;Güzelyurt;HÝNDÝ;Kanatlý Hayvan;280;46152;46175
Aksaray;Merkez;HÝNDÝ;Kanatlý Hayvan;5891;220,9;55,2
Aksaray;Ortaköy;HÝNDÝ;Kanatlý Hayvan;1100;41,3;46091
Aksaray;Sarýyahþi;HÝNDÝ;Kanatlý Hayvan;40;46143;0,4
Aksaray;Sultanhaný;HÝNDÝ;Kanatlý Hayvan;778;29,2;46088
Aksaray;Aðaçören;KAZ;Kanatlý Hayvan;237;46033;46236
Aksaray;Eskil;KAZ;Kanatlý Hayvan;920;43,1;46244
Aksaray;Gülaðaç;KAZ;Kanatlý Hayvan;665;46053;46241
Aksaray;Güzelyurt;KAZ;Kanatlý Hayvan;233;46275;46205
Aksaray;Merkez;KAZ;Kanatlý Hayvan;5673;265,5;66,4
Aksaray;Ortaköy;KAZ;Kanatlý Hayvan;450;46043;46086
Aksaray;Sarýyahþi;KAZ;Kanatlý Hayvan;625;46110;46088
Aksaray;Sultanhaný;KAZ;Kanatlý Hayvan;805;37,7;46121
Aksaray;Aðaçören;ÖRDEK;Kanatlý Hayvan;83;46268;1
Aksaray;Eskil;ÖRDEK;Kanatlý Hayvan;450;46043;46086
Aksaray;Gülaðaç;ÖRDEK;Kanatlý Hayvan;700;32,8;46061
Aksaray;Güzelyurt;ÖRDEK;Kanatlý Hayvan;145;46240;46204
Aksaray;Merkez;ÖRDEK;Kanatlý Hayvan;3966;185,6;46,4
Aksaray;Ortaköy;ÖRDEK;Kanatlý Hayvan;150;7;46235
Aksaray;Sarýyahþi;ÖRDEK;Kanatlý Hayvan;12;0,6;0,1
Aksaray;Sultanhaný;ÖRDEK;Kanatlý Hayvan;215;46032;46144
Aksaray;Aðaçören;YUMURTA TAVUÐU;Kanatlý Hayvan;7059;386,5;96,6
Aksaray;Eskil;YUMURTA TAVUÐU;Kanatlý Hayvan;9500;520,1;130,1
Aksaray;Gülaðaç;YUMURTA TAVUÐU;Kanatlý Hayvan;18600;1018,4;254,6
Aksaray;Güzelyurt;YUMURTA TAVUÐU;Kanatlý Hayvan;6720;367,9;92
Aksaray;Merkez;YUMURTA TAVUÐU;Kanatlý Hayvan;233512;12784,8;3196,8
Aksaray;Ortaköy;YUMURTA TAVUÐU;Kanatlý Hayvan;9100;498,2;124,6
Aksaray;Sarýyahþi;YUMURTA TAVUÐU;Kanatlý Hayvan;1370;75;46252
Aksaray;Sultanhaný;YUMURTA TAVUÐU;Kanatlý Hayvan;1920;105,1;46107
Bayburt;Aydýntepe;AT;Büyükbaþ Hayvan;8;43,8;0,2
Bayburt;Merkez;AT;Büyükbaþ Hayvan;155;848,6;46146
Bayburt;Aydýntepe;EÞEK;Büyükbaþ Hayvan;17;46,5;0,1
Bayburt;Merkez;EÞEK;Büyükbaþ Hayvan;84;230;0,7
Bayburt;Aydýntepe;MANDA;Büyükbaþ Hayvan;139;1014,7;46180
Bayburt;Demirözü;MANDA;Büyükbaþ Hayvan;266;1941,8;46187
Bayburt;Merkez;MANDA;Büyükbaþ Hayvan;475;3467,5;26
Bayburt;Aydýntepe;SIÐIR (KÜLTÜR);Büyükbaþ Hayvan;5316;48508,5;389,5
Bayburt;Demirözü;SIÐIR (KÜLTÜR);Büyükbaþ Hayvan;1208;11023;88,5
Bayburt;Merkez;SIÐIR (KÜLTÜR);Büyükbaþ Hayvan;4095;37366,9;300,1
Bayburt;Aydýntepe;SIÐIR (MELEZ);Büyükbaþ Hayvan;4047;26588,8;170,8
Bayburt;Demirözü;SIÐIR (MELEZ);Büyükbaþ Hayvan;17415;114416,6;735
Bayburt;Merkez;SIÐIR (MELEZ);Büyükbaþ Hayvan;64520;423896,4;2723,2
Bayburt;Aydýntepe;SIÐIR (YERLÝ);Büyükbaþ Hayvan;164;897,9;46238
Bayburt;Demirözü;SIÐIR (YERLÝ);Büyükbaþ Hayvan;95;520,1;46236
Bayburt;Merkez;SIÐIR (YERLÝ);Büyükbaþ Hayvan;320;1752;46121
Bayburt;Aydýntepe;KEÇÝ (KIL);Küçükbaþ Hayvan;1134;827,8;46082
Bayburt;Demirözü;KEÇÝ (KIL);Küçükbaþ Hayvan;1393;1016,9;46174
Bayburt;Merkez;KEÇÝ (KIL);Küçükbaþ Hayvan;4922;3593,1;46239
Bayburt;Demirözü;KOYUN (MERÝNOS);Küçükbaþ Hayvan;36;39,4;0,1
Bayburt;Merkez;KOYUN (MERÝNOS);Küçükbaþ Hayvan;4176;4572,7;11
Bayburt;Aydýntepe;KOYUN (YERLÝ);Küçükbaþ Hayvan;4933;5401,6;13
Bayburt;Demirözü;KOYUN (YERLÝ);Küçükbaþ Hayvan;5155;5644,7;46186
Bayburt;Merkez;KOYUN (YERLÝ);Küçükbaþ Hayvan;27038;29606,6;71,3
Bayburt;Demirözü;ET TAVUÐU;Kanatlý Hayvan;0;0;0
Bayburt;Merkez;ET TAVUÐU;Kanatlý Hayvan;0;0;0
Bayburt;Aydýntepe;HÝNDÝ;Kanatlý Hayvan;140;46086;46082
Bayburt;Demirözü;HÝNDÝ;Kanatlý Hayvan;390;46187;46206
Bayburt;Merkez;HÝNDÝ;Kanatlý Hayvan;283;46183;46205
Bayburt;Aydýntepe;KAZ;Kanatlý Hayvan;85;4;1
Bayburt;Demirözü;KAZ;Kanatlý Hayvan;185;46211;46055
Bayburt;Merkez;KAZ;Kanatlý Hayvan;124;46239;46143
Bayburt;Aydýntepe;ÖRDEK;Kanatlý Hayvan;210;46243;46144
Bayburt;Demirözü;ÖRDEK;Kanatlý Hayvan;0;0;0
Bayburt;Merkez;ÖRDEK;Kanatlý Hayvan;36;46204;0,4
Bayburt;Aydýntepe;YUMURTA TAVUÐU;Kanatlý Hayvan;8950;490;122,5
Bayburt;Demirözü;YUMURTA TAVUÐU;Kanatlý Hayvan;3102;169,8;42,5
Bayburt;Merkez;YUMURTA TAVUÐU;Kanatlý Hayvan;30071;1646,4;411,7
Karaman;Ayrancý;AT;Büyükbaþ Hayvan;18;98,6;0,5
Karaman;Ermenek;AT;Büyükbaþ Hayvan;19;104;0,6
Karaman;Kazýmkarabekir;AT;Büyükbaþ Hayvan;10;54,8;0,3
Karaman;Merkez;AT;Büyükbaþ Hayvan;277;1516,6;46030
Karaman;Sarýveliler;AT;Büyükbaþ Hayvan;15;82,1;0,4
Karaman;Ayrancý;EÞEK;Büyükbaþ Hayvan;122;334;46023
Karaman;Baþyayla;EÞEK;Büyükbaþ Hayvan;9;46197;0,1
Karaman;Ermenek;EÞEK;Büyükbaþ Hayvan;79;216,3;0,7
Karaman;Kazýmkarabekir;EÞEK;Büyükbaþ Hayvan;35;95,8;0,3
Karaman;Merkez;EÞEK;Büyükbaþ Hayvan;1380;3777,8;46034
Karaman;Sarýveliler;EÞEK;Büyükbaþ Hayvan;222;607,7;2
Karaman;Ermenek;KATIR;Büyükbaþ Hayvan;49;214,6;0,9
Karaman;Merkez;KATIR;Büyükbaþ Hayvan;97;424,9;46235
Karaman;Sarýveliler;KATIR;Büyükbaþ Hayvan;45;197,1;0,8
Karaman;Ayrancý;SIÐIR (KÜLTÜR);Büyükbaþ Hayvan;6981;63701,6;511,5
Karaman;Ermenek;SIÐIR (KÜLTÜR);Büyükbaþ Hayvan;3657;33370,1;268
Karaman;Kazýmkarabekir;SIÐIR (KÜLTÜR);Büyükbaþ Hayvan;3449;31472,1;252,7
Karaman;Merkez;SIÐIR (KÜLTÜR);Büyükbaþ Hayvan;33914;309465,3;2485,1
Karaman;Sarýveliler;SIÐIR (KÜLTÜR);Büyükbaþ Hayvan;675;6159,4;49,5
Karaman;Ayrancý;SIÐIR (MELEZ);Büyükbaþ Hayvan;882;5794,7;37,2
Karaman;Baþyayla;SIÐIR (MELEZ);Büyükbaþ Hayvan;1403;9217,7;59,2
Karaman;Ermenek;SIÐIR (MELEZ);Büyükbaþ Hayvan;1840;12088,8;77,7
Karaman;Kazýmkarabekir;SIÐIR (MELEZ);Büyükbaþ Hayvan;447;2936,8;46283
Karaman;Merkez;SIÐIR (MELEZ);Büyükbaþ Hayvan;11078;72782,5;467,6
Karaman;Sarýveliler;SIÐIR (MELEZ);Büyükbaþ Hayvan;3421;22476;144,4
Karaman;Ayrancý;SIÐIR (YERLÝ);Büyükbaþ Hayvan;1;46147;0
Karaman;Ermenek;SIÐIR (YERLÝ);Büyükbaþ Hayvan;10;54,8;0,3
Karaman;Kazýmkarabekir;SIÐIR (YERLÝ);Büyükbaþ Hayvan;1;46147;0
Karaman;Merkez;SIÐIR (YERLÝ);Büyükbaþ Hayvan;226;1237,4;46179
Karaman;Sarýveliler;SIÐIR (YERLÝ);Büyükbaþ Hayvan;281;1538,5;46061
Karaman;Ayrancý;KEÇÝ (KIL);Küçükbaþ Hayvan;18831;13746,6;46044
Karaman;Baþyayla;KEÇÝ (KIL);Küçükbaþ Hayvan;3666;2676,2;46085
Karaman;Ermenek;KEÇÝ (KIL);Küçükbaþ Hayvan;47795;34890,4;56
Karaman;Kazýmkarabekir;KEÇÝ (KIL);Küçükbaþ Hayvan;4120;3007,6;46238
Karaman;Merkez;KEÇÝ (KIL);Küçükbaþ Hayvan;108606;79282,4;127,3
Karaman;Sarýveliler;KEÇÝ (KIL);Küçükbaþ Hayvan;5524;4032,5;46148
Karaman;Ayrancý;KEÇÝ (TÝFTÝK);Küçükbaþ Hayvan;246;179,6;0,3
Karaman;Merkez;KEÇÝ (TÝFTÝK);Küçükbaþ Hayvan;3291;2402,4;46268
Karaman;Ayrancý;KOYUN (MERÝNOS);Küçükbaþ Hayvan;11593;12694,3;46203
Karaman;Ermenek;KOYUN (MERÝNOS);Küçükbaþ Hayvan;1040;1138,8;46205
Karaman;Kazýmkarabekir;KOYUN (MERÝNOS);Küçükbaþ Hayvan;2006;2196,6;46086
Karaman;Merkez;KOYUN (MERÝNOS);Küçükbaþ Hayvan;118479;129734,5;312,5
Karaman;Ayrancý;KOYUN (YERLÝ);Küçükbaþ Hayvan;212541;232732,4;560,7
Karaman;Baþyayla;KOYUN (YERLÝ);Küçükbaþ Hayvan;2002;2192,2;46086
Karaman;Ermenek;KOYUN (YERLÝ);Küçükbaþ Hayvan;6815;7462,4;18
Karaman;Kazýmkarabekir;KOYUN (YERLÝ);Küçükbaþ Hayvan;14412;15781,1;38
Karaman;Merkez;KOYUN (YERLÝ);Küçükbaþ Hayvan;98733;108112,6;260,5
Karaman;Sarýveliler;KOYUN (YERLÝ);Küçükbaþ Hayvan;3153;3452,5;46089
Karaman;Ayrancý;ET TAVUÐU;Kanatlý Hayvan;0;0;0
Karaman;Baþyayla;ET TAVUÐU;Kanatlý Hayvan;0;0;0
Karaman;Ermenek;ET TAVUÐU;Kanatlý Hayvan;0;0;0
Karaman;Merkez;ET TAVUÐU;Kanatlý Hayvan;0;0;0
Karaman;Sarýveliler;ET TAVUÐU;Kanatlý Hayvan;0;0;0
Karaman;Ayrancý;HÝNDÝ;Kanatlý Hayvan;617;46045;46239
Karaman;Baþyayla;HÝNDÝ;Kanatlý Hayvan;0;0;0
Karaman;Ermenek;HÝNDÝ;Kanatlý Hayvan;85;46056;0,8
Karaman;Kazýmkarabekir;HÝNDÝ;Kanatlý Hayvan;190;46029;46235
Karaman;Merkez;HÝNDÝ;Kanatlý Hayvan;1538;57,7;46126
Karaman;Sarýveliler;HÝNDÝ;Kanatlý Hayvan;0;0;0
Karaman;Ayrancý;KAZ;Kanatlý Hayvan;229;46213;46205
Karaman;Baþyayla;KAZ;Kanatlý Hayvan;11;0,5;0,1
Karaman;Ermenek;KAZ;Kanatlý Hayvan;14;0,7;0,2
Karaman;Kazýmkarabekir;KAZ;Kanatlý Hayvan;45;46024;0,5
Karaman;Merkez;KAZ;Kanatlý Hayvan;505;46196;46270
Karaman;Sarýveliler;KAZ;Kanatlý Hayvan;39;46235;0,5
Karaman;Ayrancý;ÖRDEK;Kanatlý Hayvan;105;46269;46054
Karaman;Baþyayla;ÖRDEK;Kanatlý Hayvan;0;0;0
Karaman;Ermenek;ÖRDEK;Kanatlý Hayvan;35;46174;0,4
Karaman;Kazýmkarabekir;ÖRDEK;Kanatlý Hayvan;35;46174;0,4
Karaman;Merkez;ÖRDEK;Kanatlý Hayvan;186;46211;46055
Karaman;Sarýveliler;ÖRDEK;Kanatlý Hayvan;30;46113;0,4
Karaman;Ayrancý;YUMURTA TAVUÐU;Kanatlý Hayvan;4541;248,6;62,2
Karaman;Baþyayla;YUMURTA TAVUÐU;Kanatlý Hayvan;250;46216;46115
Karaman;Ermenek;YUMURTA TAVUÐU;Kanatlý Hayvan;10755;588,8;147,2
Karaman;Kazýmkarabekir;YUMURTA TAVUÐU;Kanatlý Hayvan;102300;5600,9;1400,5
Karaman;Merkez;YUMURTA TAVUÐU;Kanatlý Hayvan;1065108;58314,7;14581,3
Karaman;Sarýveliler;YUMURTA TAVUÐU;Kanatlý Hayvan;14771;808,7;202,2
Kýrýkkale;Bahþýlý;AT;Büyükbaþ Hayvan;7;38,3;0,2
Kýrýkkale;Balýþeyh;AT;Büyükbaþ Hayvan;14;76,7;0,4
Kýrýkkale;Delice;AT;Büyükbaþ Hayvan;7;38,3;0,2
Kýrýkkale;Keskin;AT;Büyükbaþ Hayvan;26;142,4;0,8
Kýrýkkale;Merkez;AT;Büyükbaþ Hayvan;20;109,5;0,6
Kýrýkkale;Yahþihan;AT;Büyükbaþ Hayvan;4;46286;0,1
Kýrýkkale;Bahþýlý;EÞEK;Büyükbaþ Hayvan;37;101,3;0,3
Kýrýkkale;Balýþeyh;EÞEK;Büyükbaþ Hayvan;40;109,5;0,4
Kýrýkkale;Çelebi;EÞEK;Büyükbaþ Hayvan;41;112,2;0,4
Kýrýkkale;Delice;EÞEK;Büyükbaþ Hayvan;98;268,3;0,9
Kýrýkkale;Karakeçili;EÞEK;Büyükbaþ Hayvan;21;57,5;0,2
Kýrýkkale;Keskin;EÞEK;Büyükbaþ Hayvan;200;547,5;46235
Kýrýkkale;Merkez;EÞEK;Büyükbaþ Hayvan;28;76,7;0,2
Kýrýkkale;Sulakyurt;EÞEK;Büyükbaþ Hayvan;129;353,1;46023
Kýrýkkale;Yahþihan;EÞEK;Büyükbaþ Hayvan;36;98,6;0,3
Kýrýkkale;Balýþeyh;MANDA;Büyükbaþ Hayvan;14;102,2;0,8
Kýrýkkale;Delice;MANDA;Büyükbaþ Hayvan;25;182,5;46113
Kýrýkkale;Keskin;MANDA;Büyükbaþ Hayvan;326;2379,8;46251
Kýrýkkale;Merkez;MANDA;Büyükbaþ Hayvan;16;116,8;0,9
Kýrýkkale;Sulakyurt;MANDA;Büyükbaþ Hayvan;1;46088;0,1
Kýrýkkale;Yahþihan;MANDA;Büyükbaþ Hayvan;183;1335,9;10
Kýrýkkale;Bahþýlý;SIÐIR (KÜLTÜR);Büyükbaþ Hayvan;349;3184,6;46198
Kýrýkkale;Balýþeyh;SIÐIR (KÜLTÜR);Büyükbaþ Hayvan;2564;23396,5;187,9
Kýrýkkale;Çelebi;SIÐIR (KÜLTÜR);Büyükbaþ Hayvan;825;7528,1;60,5
Kýrýkkale;Delice;SIÐIR (KÜLTÜR);Büyükbaþ Hayvan;500;4562,5;36,6
Kýrýkkale;Karakeçili;SIÐIR (KÜLTÜR);Büyükbaþ Hayvan;1346;12282,3;98,6
Kýrýkkale;Keskin;SIÐIR (KÜLTÜR);Büyükbaþ Hayvan;5800;52925;425
Kýrýkkale;Merkez;SIÐIR (KÜLTÜR);Büyükbaþ Hayvan;2878;26261,8;210,9
Kýrýkkale;Sulakyurt;SIÐIR (KÜLTÜR);Büyükbaþ Hayvan;833;7601,1;61
Kýrýkkale;Yahþihan;SIÐIR (KÜLTÜR);Büyükbaþ Hayvan;1913;17456,1;140,2
Kýrýkkale;Bahþýlý;SIÐIR (MELEZ);Büyükbaþ Hayvan;717;4710,7;46111
Kýrýkkale;Balýþeyh;SIÐIR (MELEZ);Büyükbaþ Hayvan;5057;33224,5;213,4
Kýrýkkale;Çelebi;SIÐIR (MELEZ);Büyükbaþ Hayvan;1115;7325,6;47,1
Kýrýkkale;Delice;SIÐIR (MELEZ);Büyükbaþ Hayvan;5338;35070,7;225,3
Kýrýkkale;Karakeçili;SIÐIR (MELEZ);Büyükbaþ Hayvan;2363;15524,9;99,7
Kýrýkkale;Keskin;SIÐIR (MELEZ);Büyükbaþ Hayvan;17850;117274,5;753,4
Kýrýkkale;Merkez;SIÐIR (MELEZ);Büyükbaþ Hayvan;7972;52376;336,5
Kýrýkkale;Sulakyurt;SIÐIR (MELEZ);Büyükbaþ Hayvan;2655;17443,4;112,1
Kýrýkkale;Yahþihan;SIÐIR (MELEZ);Büyükbaþ Hayvan;2296;15084,7;96,9
Kýrýkkale;Bahþýlý;SIÐIR (YERLÝ);Büyükbaþ Hayvan;206;1127,9;6
Kýrýkkale;Balýþeyh;SIÐIR (YERLÝ);Büyükbaþ Hayvan;1780;9745,5;52,2
Kýrýkkale;Çelebi;SIÐIR (YERLÝ);Büyükbaþ Hayvan;775;4243,1;46225
Kýrýkkale;Delice;SIÐIR (YERLÝ);Büyükbaþ Hayvan;1190;6515,3;34,9
Kýrýkkale;Karakeçili;SIÐIR (YERLÝ);Büyükbaþ Hayvan;49;268,3;46113
Kýrýkkale;Keskin;SIÐIR (YERLÝ);Büyükbaþ Hayvan;4103;22463,9;120,3
Kýrýkkale;Merkez;SIÐIR (YERLÝ);Büyükbaþ Hayvan;810;4434,8;46226
Kýrýkkale;Sulakyurt;SIÐIR (YERLÝ);Büyükbaþ Hayvan;924;5058,9;46049
Kýrýkkale;Yahþihan;SIÐIR (YERLÝ);Büyükbaþ Hayvan;443;2425,4;13
Kýrýkkale;Bahþýlý;KEÇÝ (KIL);Küçükbaþ Hayvan;1431;1044,6;46204
Kýrýkkale;Balýþeyh;KEÇÝ (KIL);Küçükbaþ Hayvan;2180;1591,4;46175
Kýrýkkale;Çelebi;KEÇÝ (KIL);Küçükbaþ Hayvan;930;678,9;46023
Kýrýkkale;Delice;KEÇÝ (KIL);Küçükbaþ Hayvan;2626;1917;46025
Kýrýkkale;Karakeçili;KEÇÝ (KIL);Küçükbaþ Hayvan;1060;773,8;46054
Kýrýkkale;Keskin;KEÇÝ (KIL);Küçükbaþ Hayvan;5085;3712,1;6
Kýrýkkale;Merkez;KEÇÝ (KIL);Küçükbaþ Hayvan;2513;1834,5;46267
Kýrýkkale;Sulakyurt;KEÇÝ (KIL);Küçükbaþ Hayvan;6000;4380;7
Kýrýkkale;Yahþihan;KEÇÝ (KIL);Küçükbaþ Hayvan;2231;1628,6;46175
Kýrýkkale;Çelebi;KEÇÝ (TÝFTÝK);Küçükbaþ Hayvan;345;251,9;0,4
Kýrýkkale;Delice;KEÇÝ (TÝFTÝK);Küçükbaþ Hayvan;1;0,7;0
Kýrýkkale;Keskin;KEÇÝ (TÝFTÝK);Küçükbaþ Hayvan;176;128,5;0,2
Kýrýkkale;Yahþihan;KEÇÝ (TÝFTÝK);Küçükbaþ Hayvan;1091;796,4;46082
Kýrýkkale;Bahþýlý;KOYUN (MERÝNOS);Küçükbaþ Hayvan;108;118,3;0,3
Kýrýkkale;Balýþeyh;KOYUN (MERÝNOS);Küçükbaþ Hayvan;25;46139;0,1
Kýrýkkale;Delice;KOYUN (MERÝNOS);Küçükbaþ Hayvan;356;389,8;0,9
Kýrýkkale;Karakeçili;KOYUN (MERÝNOS);Küçükbaþ Hayvan;34;37,2;0,1
Kýrýkkale;Keskin;KOYUN (MERÝNOS);Küçükbaþ Hayvan;2585;2830,6;46240
Kýrýkkale;Merkez;KOYUN (MERÝNOS);Küçükbaþ Hayvan;931;1019,4;46144
Kýrýkkale;Yahþihan;KOYUN (MERÝNOS);Küçükbaþ Hayvan;163;178,5;0,4
Kýrýkkale;Bahþýlý;KOYUN (YERLÝ);Küçükbaþ Hayvan;3707;4059,2;46243
Kýrýkkale;Balýþeyh;KOYUN (YERLÝ);Küçükbaþ Hayvan;10940;11979,3;46293
Kýrýkkale;Çelebi;KOYUN (YERLÝ);Küçükbaþ Hayvan;6420;7029,9;46281
Kýrýkkale;Delice;KOYUN (YERLÝ);Küçükbaþ Hayvan;18013;19724,2;47,5
Kýrýkkale;Karakeçili;KOYUN (YERLÝ);Küçükbaþ Hayvan;4860;5321,7;46246
Kýrýkkale;Keskin;KOYUN (YERLÝ);Küçükbaþ Hayvan;25030;27407,9;66
Kýrýkkale;Merkez;KOYUN (YERLÝ);Küçükbaþ Hayvan;14194;15542,4;37,4
Kýrýkkale;Sulakyurt;KOYUN (YERLÝ);Küçükbaþ Hayvan;11800;12921;46053
Kýrýkkale;Yahþihan;KOYUN (YERLÝ);Küçükbaþ Hayvan;10267;11242,4;46049
Kýrýkkale;Bahþýlý;ET TAVUÐU;Kanatlý Hayvan;0;0;0
Kýrýkkale;Balýþeyh;ET TAVUÐU;Kanatlý Hayvan;0;0;0
Kýrýkkale;Çelebi;ET TAVUÐU;Kanatlý Hayvan;0;0;0
Kýrýkkale;Delice;ET TAVUÐU;Kanatlý Hayvan;0;0;0
Kýrýkkale;Karakeçili;ET TAVUÐU;Kanatlý Hayvan;0;0;0
Kýrýkkale;Keskin;ET TAVUÐU;Kanatlý Hayvan;0;0;0
Kýrýkkale;Merkez;ET TAVUÐU;Kanatlý Hayvan;0;0;0
Kýrýkkale;Sulakyurt;ET TAVUÐU;Kanatlý Hayvan;0;0;0
Kýrýkkale;Yahþihan;ET TAVUÐU;Kanatlý Hayvan;0;0;0
Kýrýkkale;Bahþýlý;HÝNDÝ;Kanatlý Hayvan;120;46146;46023
Kýrýkkale;Balýþeyh;HÝNDÝ;Kanatlý Hayvan;520;46161;46269
Kýrýkkale;Çelebi;HÝNDÝ;Kanatlý Hayvan;65;46114;0,6
Kýrýkkale;Delice;HÝNDÝ;Kanatlý Hayvan;155;46239;46143
Kýrýkkale;Karakeçili;HÝNDÝ;Kanatlý Hayvan;60;46083;0,6
Kýrýkkale;Keskin;HÝNDÝ;Kanatlý Hayvan;805;30,2;46149
Kýrýkkale;Merkez;HÝNDÝ;Kanatlý Hayvan;145;46117;46113
Kýrýkkale;Sulakyurt;HÝNDÝ;Kanatlý Hayvan;180;46240;46204
Kýrýkkale;Yahþihan;HÝNDÝ;Kanatlý Hayvan;50;46266;0,5
Kýrýkkale;Bahþýlý;KAZ;Kanatlý Hayvan;80;46206;0,9
Kýrýkkale;Balýþeyh;KAZ;Kanatlý Hayvan;615;46262;46060
Kýrýkkale;Çelebi;KAZ;Kanatlý Hayvan;450;46043;46086
Kýrýkkale;Delice;KAZ;Kanatlý Hayvan;1210;56,6;46067
Kýrýkkale;Karakeçili;KAZ;Kanatlý Hayvan;160;46149;46266
Kýrýkkale;Keskin;KAZ;Kanatlý Hayvan;85;4;1
Kýrýkkale;Merkez;KAZ;Kanatlý Hayvan;680;46265;8
Kýrýkkale;Sulakyurt;KAZ;Kanatlý Hayvan;550;46228;46118
Kýrýkkale;Yahþihan;KAZ;Kanatlý Hayvan;70;46084;0,8
Kýrýkkale;Bahþýlý;ÖRDEK;Kanatlý Hayvan;0;0;0
Kýrýkkale;Balýþeyh;ÖRDEK;Kanatlý Hayvan;352;46158;46026
Kýrýkkale;Çelebi;ÖRDEK;Kanatlý Hayvan;210;46243;46144
Kýrýkkale;Delice;ÖRDEK;Kanatlý Hayvan;55;46175;0,6
Kýrýkkale;Karakeçili;ÖRDEK;Kanatlý Hayvan;19;0,9;0,2
Kýrýkkale;Keskin;ÖRDEK;Kanatlý Hayvan;23;46023;0,3
Kýrýkkale;Merkez;ÖRDEK;Kanatlý Hayvan;110;46027;46082
Kýrýkkale;Sulakyurt;ÖRDEK;Kanatlý Hayvan;120;46178;46113
Kýrýkkale;Yahþihan;ÖRDEK;Kanatlý Hayvan;12;0,6;0,1
Kýrýkkale;Bahþýlý;YUMURTA TAVUÐU;Kanatlý Hayvan;5350;292,9;73,2
Kýrýkkale;Balýþeyh;YUMURTA TAVUÐU;Kanatlý Hayvan;8130;445,1;111,3
Kýrýkkale;Çelebi;YUMURTA TAVUÐU;Kanatlý Hayvan;5000;273,8;68,4
Kýrýkkale;Delice;YUMURTA TAVUÐU;Kanatlý Hayvan;8320;455,5;113,9
Kýrýkkale;Karakeçili;YUMURTA TAVUÐU;Kanatlý Hayvan;2900;158,8;39,7
Kýrýkkale;Keskin;YUMURTA TAVUÐU;Kanatlý Hayvan;2230;122,1;46172
Kýrýkkale;Merkez;YUMURTA TAVUÐU;Kanatlý Hayvan;3640;199,3;49,8
Kýrýkkale;Sulakyurt;YUMURTA TAVUÐU;Kanatlý Hayvan;3600;197,1;49,3
Kýrýkkale;Yahþihan;YUMURTA TAVUÐU;Kanatlý Hayvan;405000;22173,8;5544,4
Batman;Beþiri;AT;Büyükbaþ Hayvan;29;158,8;0,9
Batman;Gercüþ;AT;Büyükbaþ Hayvan;46;251,9;46082
Batman;Hasankeyf;AT;Büyükbaþ Hayvan;15;82,1;0,4
Batman;Kozluk;AT;Büyükbaþ Hayvan;79;432,5;46083
Batman;Merkez;AT;Büyükbaþ Hayvan;18;98,6;0,5
Batman;Sason;AT;Büyükbaþ Hayvan;20;109,5;0,6
Batman;Beþiri;EÞEK;Büyükbaþ Hayvan;505;1382,4;46116
Batman;Gercüþ;EÞEK;Büyükbaþ Hayvan;105;287,4;0,9
Batman;Hasankeyf;EÞEK;Büyükbaþ Hayvan;12;32,9;0,1
Batman;Kozluk;EÞEK;Büyükbaþ Hayvan;125;342,2;46023
Batman;Merkez;EÞEK;Büyükbaþ Hayvan;25;68,4;0,2
Batman;Sason;EÞEK;Büyükbaþ Hayvan;19;52;0,2
Batman;Beþiri;KATIR;Büyükbaþ Hayvan;8;35;0,2
Batman;Gercüþ;KATIR;Büyükbaþ Hayvan;7;46233;0,1
Batman;Hasankeyf;KATIR;Büyükbaþ Hayvan;15;65,7;0,3
Batman;Kozluk;KATIR;Büyükbaþ Hayvan;30;131,4;0,6
Batman;Merkez;KATIR;Büyükbaþ Hayvan;35;153,3;0,7
Batman;Sason;KATIR;Büyükbaþ Hayvan;40;175,2;0,8
Batman;Beþiri;MANDA;Büyükbaþ Hayvan;11;80,3;0,6
Batman;Kozluk;MANDA;Büyükbaþ Hayvan;249;1817,7;46186
Batman;Merkez;MANDA;Büyükbaþ Hayvan;324;2365,2;46220
Batman;Beþiri;SIÐIR (KÜLTÜR);Büyükbaþ Hayvan;3624;33069;265,6
Batman;Gercüþ;SIÐIR (KÜLTÜR);Büyükbaþ Hayvan;532;4854,5;39
Batman;Hasankeyf;SIÐIR (KÜLTÜR);Büyükbaþ Hayvan;447;4078,9;32,8
Batman;Kozluk;SIÐIR (KÜLTÜR);Büyükbaþ Hayvan;12270;111963,8;899,1
Batman;Merkez;SIÐIR (KÜLTÜR);Büyükbaþ Hayvan;6449;58847,1;472,6
Batman;Sason;SIÐIR (KÜLTÜR);Büyükbaþ Hayvan;4400;40150;322,4
Batman;Beþiri;SIÐIR (MELEZ);Büyükbaþ Hayvan;3009;19769,1;127
Batman;Gercüþ;SIÐIR (MELEZ);Büyükbaþ Hayvan;1953;12831,2;82,4
Batman;Hasankeyf;SIÐIR (MELEZ);Büyükbaþ Hayvan;806;5295,4;34
Batman;Kozluk;SIÐIR (MELEZ);Büyükbaþ Hayvan;18876;124015,3;796,7
Batman;Merkez;SIÐIR (MELEZ);Büyükbaþ Hayvan;16157;106151,5;681,9
Batman;Sason;SIÐIR (MELEZ);Büyükbaþ Hayvan;7239;47560,2;305,5
Batman;Beþiri;SIÐIR (YERLÝ);Büyükbaþ Hayvan;222;1215,5;46148
Batman;Gercüþ;SIÐIR (YERLÝ);Büyükbaþ Hayvan;2029;11108,8;59,5
Batman;Hasankeyf;SIÐIR (YERLÝ);Büyükbaþ Hayvan;171;936,2;5
Batman;Kozluk;SIÐIR (YERLÝ);Büyükbaþ Hayvan;9685;53025,4;283,9
Batman;Merkez;SIÐIR (YERLÝ);Büyükbaþ Hayvan;1241;6794,5;36,4
Batman;Sason;SIÐIR (YERLÝ);Büyükbaþ Hayvan;18090;99042,8;530,2
Batman;Beþiri;KEÇÝ (KIL);Küçükbaþ Hayvan;19639;14336,5;23
Batman;Gercüþ;KEÇÝ (KIL);Küçükbaþ Hayvan;30603;22340,2;35,9
Batman;Hasankeyf;KEÇÝ (KIL);Küçükbaþ Hayvan;11974;8741;14
Batman;Kozluk;KEÇÝ (KIL);Küçükbaþ Hayvan;47194;34451,6;55,3
Batman;Merkez;KEÇÝ (KIL);Küçükbaþ Hayvan;20964;15303,7;46197
Batman;Sason;KEÇÝ (KIL);Küçükbaþ Hayvan;42079;30717,7;49,3
Batman;Beþiri;KOYUN (MERÝNOS);Küçükbaþ Hayvan;71;77,7;0,2
Batman;Gercüþ;KOYUN (MERÝNOS);Küçükbaþ Hayvan;271;296,7;0,7
Batman;Merkez;KOYUN (MERÝNOS);Küçükbaþ Hayvan;267;292,4;0,7
Batman;Sason;KOYUN (MERÝNOS);Küçükbaþ Hayvan;104;113,9;0,3
Batman;Beþiri;KOYUN (YERLÝ);Küçükbaþ Hayvan;170592;186798,2;450
Batman;Gercüþ;KOYUN (YERLÝ);Küçükbaþ Hayvan;29834;32668,2;78,7
Batman;Hasankeyf;KOYUN (YERLÝ);Küçükbaþ Hayvan;5823;6376,2;46127
Batman;Kozluk;KOYUN (YERLÝ);Küçükbaþ Hayvan;89009;97464,9;234,8
Batman;Merkez;KOYUN (YERLÝ);Küçükbaþ Hayvan;336612;368590,1;888
Batman;Sason;KOYUN (YERLÝ);Küçükbaþ Hayvan;15119;16555,3;39,9
Batman;Beþiri;ET TAVUÐU;Kanatlý Hayvan;0;0;0
Batman;Gercüþ;ET TAVUÐU;Kanatlý Hayvan;0;0;0
Batman;Hasankeyf;ET TAVUÐU;Kanatlý Hayvan;0;0;0
Batman;Kozluk;ET TAVUÐU;Kanatlý Hayvan;0;0;0
Batman;Merkez;ET TAVUÐU;Kanatlý Hayvan;0;0;0
Batman;Sason;ET TAVUÐU;Kanatlý Hayvan;0;0;0
Batman;Beþiri;HÝNDÝ;Kanatlý Hayvan;14550;545,6;136,4
Batman;Gercüþ;HÝNDÝ;Kanatlý Hayvan;470;46190;46116
Batman;Hasankeyf;HÝNDÝ;Kanatlý Hayvan;39;46143;0,4
Batman;Kozluk;HÝNDÝ;Kanatlý Hayvan;7000;262,5;65,6
Batman;Merkez;HÝNDÝ;Kanatlý Hayvan;3500;131,3;32,8
Batman;Sason;HÝNDÝ;Kanatlý Hayvan;1020;38,3;46182
Batman;Beþiri;KAZ;Kanatlý Hayvan;1200;56,2;14
Batman;Gercüþ;KAZ;Kanatlý Hayvan;360;46250;46057
Batman;Hasankeyf;KAZ;Kanatlý Hayvan;0;0;0
Batman;Kozluk;KAZ;Kanatlý Hayvan;400;46221;46207
Batman;Merkez;KAZ;Kanatlý Hayvan;320;15;46206
Batman;Sason;KAZ;Kanatlý Hayvan;90;46057;46023
Batman;Beþiri;ÖRDEK;Kanatlý Hayvan;260;46065;3
Batman;Gercüþ;ÖRDEK;Kanatlý Hayvan;34;46174;0,4
Batman;Hasankeyf;ÖRDEK;Kanatlý Hayvan;0;0;0
Batman;Kozluk;ÖRDEK;Kanatlý Hayvan;500;46135;46270
Batman;Merkez;ÖRDEK;Kanatlý Hayvan;390;46099;46177
Batman;Sason;ÖRDEK;Kanatlý Hayvan;80;46206;0,9
Batman;Beþiri;YUMURTA TAVUÐU;Kanatlý Hayvan;36500;1998,4;499,7
Batman;Gercüþ;YUMURTA TAVUÐU;Kanatlý Hayvan;4120;225,6;56,4
Batman;Hasankeyf;YUMURTA TAVUÐU;Kanatlý Hayvan;117;46118;46174
Batman;Kozluk;YUMURTA TAVUÐU;Kanatlý Hayvan;1000;54,8;46216
Batman;Merkez;YUMURTA TAVUÐU;Kanatlý Hayvan;50000;2737,5;684,5
Batman;Sason;YUMURTA TAVUÐU;Kanatlý Hayvan;4200;230;57,5
Þýrnak;Beytüþþebap;AT;Büyükbaþ Hayvan;198;1084,1;46239
Þýrnak;Cizre;AT;Büyükbaþ Hayvan;157;859,6;46177
Þýrnak;Güçlükonak;AT;Büyükbaþ Hayvan;32;175,2;0,9
Þýrnak;Ýdil;AT;Büyükbaþ Hayvan;702;3843,5;46193
Þýrnak;Merkez;AT;Büyükbaþ Hayvan;345;1888,9;46032
Þýrnak;Silopi;AT;Büyükbaþ Hayvan;14;76,7;0,4
Þýrnak;Uludere;AT;Büyükbaþ Hayvan;242;1325;46029
Þýrnak;Beytüþþebap;EÞEK;Büyükbaþ Hayvan;50;136,9;0,4
Þýrnak;Cizre;EÞEK;Büyükbaþ Hayvan;138;377,8;46054
Þýrnak;Güçlükonak;EÞEK;Büyükbaþ Hayvan;142;388,7;46054
Þýrnak;Ýdil;EÞEK;Büyükbaþ Hayvan;772;2113,4;46240
Þýrnak;Merkez;EÞEK;Büyükbaþ Hayvan;210;574,9;46235
Þýrnak;Silopi;EÞEK;Büyükbaþ Hayvan;6;46128;0,1
Þýrnak;Uludere;EÞEK;Büyükbaþ Hayvan;603;1650,7;46086
Þýrnak;Beytüþþebap;KATIR;Büyükbaþ Hayvan;220;963,6;46026
Þýrnak;Cizre;KATIR;Büyükbaþ Hayvan;78;341,6;46143
Þýrnak;Güçlükonak;KATIR;Büyükbaþ Hayvan;80;350,4;46143
Þýrnak;Ýdil;KATIR;Büyükbaþ Hayvan;233;1020,5;46116
Þýrnak;Merkez;KATIR;Büyükbaþ Hayvan;250;1095;46207
Þýrnak;Uludere;KATIR;Büyükbaþ Hayvan;2900;12702;54,4
Þýrnak;Beytüþþebap;MANDA;Büyükbaþ Hayvan;20;146;46023
Þýrnak;Cizre;MANDA;Büyükbaþ Hayvan;266;1941,8;46187
Þýrnak;Silopi;MANDA;Büyükbaþ Hayvan;15;109,5;0,8
Þýrnak;Uludere;MANDA;Büyükbaþ Hayvan;5;36,5;0,3
Þýrnak;Beytüþþebap;SIÐIR (KÜLTÜR);Büyükbaþ Hayvan;274;2500,3;46042
Þýrnak;Cizre;SIÐIR (KÜLTÜR);Büyükbaþ Hayvan;1945;17748,1;142,5
Þýrnak;Güçlükonak;SIÐIR (KÜLTÜR);Büyükbaþ Hayvan;25;228,1;46235
Þýrnak;Ýdil;SIÐIR (KÜLTÜR);Büyükbaþ Hayvan;3411;31125,4;249,9
Þýrnak;Merkez;SIÐIR (KÜLTÜR);Büyükbaþ Hayvan;1283;11707,4;94
Þýrnak;Silopi;SIÐIR (KÜLTÜR);Büyükbaþ Hayvan;1840;16790;134,8
Þýrnak;Uludere;SIÐIR (KÜLTÜR);Büyükbaþ Hayvan;211;1925,4;46157
Þýrnak;Beytüþþebap;SIÐIR (MELEZ);Büyükbaþ Hayvan;451;2963,1;19
Þýrnak;Cizre;SIÐIR (MELEZ);Büyükbaþ Hayvan;4643;30504,5;196
Þýrnak;Güçlükonak;SIÐIR (MELEZ);Büyükbaþ Hayvan;106;696,4;46146
Þýrnak;Ýdil;SIÐIR (MELEZ);Büyükbaþ Hayvan;9732;63939,2;410,8
Þýrnak;Merkez;SIÐIR (MELEZ);Büyükbaþ Hayvan;1073;7049,6;45,3
Þýrnak;Silopi;SIÐIR (MELEZ);Büyükbaþ Hayvan;2177;14302,9;91,9
Þýrnak;Uludere;SIÐIR (MELEZ);Büyükbaþ Hayvan;1059;6957,6;44,7
Þýrnak;Beytüþþebap;SIÐIR (YERLÝ);Büyükbaþ Hayvan;229;1253,8;46209
Þýrnak;Cizre;SIÐIR (YERLÝ);Büyükbaþ Hayvan;8557;46849,6;250,8
Þýrnak;Güçlükonak;SIÐIR (YERLÝ);Büyükbaþ Hayvan;1920;10512;56,3
Þýrnak;Ýdil;SIÐIR (YERLÝ);Büyükbaþ Hayvan;19073;104424,7;559
Þýrnak;Merkez;SIÐIR (YERLÝ);Büyükbaþ Hayvan;4302;23553,5;126,1
Þýrnak;Silopi;SIÐIR (YERLÝ);Büyükbaþ Hayvan;7450;40788,8;218,4
Þýrnak;Uludere;SIÐIR (YERLÝ);Büyükbaþ Hayvan;1053;5765,2;46295
Þýrnak;Beytüþþebap;KEÇÝ (KIL);Küçükbaþ Hayvan;24323;17755,8;46170
Þýrnak;Cizre;KEÇÝ (KIL);Küçükbaþ Hayvan;65761;48005,5;77,1
Þýrnak;Güçlükonak;KEÇÝ (KIL);Küçükbaþ Hayvan;54000;39420;63,3
Þýrnak;Ýdil;KEÇÝ (KIL);Küçükbaþ Hayvan;110936;80983,3;130,1
Þýrnak;Merkez;KEÇÝ (KIL);Küçükbaþ Hayvan;152790;111536,7;179,1
Þýrnak;Silopi;KEÇÝ (KIL);Küçükbaþ Hayvan;39550;28871,5;46,4
Þýrnak;Uludere;KEÇÝ (KIL);Küçükbaþ Hayvan;45042;32880,7;52,8
Þýrnak;Merkez;KEÇÝ (TÝFTÝK);Küçükbaþ Hayvan;756;551,9;0,9
Þýrnak;Silopi;KEÇÝ (TÝFTÝK);Küçükbaþ Hayvan;13;46151;0
Þýrnak;Cizre;KOYUN (MERÝNOS);Küçükbaþ Hayvan;30;32,9;0,1
Þýrnak;Ýdil;KOYUN (MERÝNOS);Küçükbaþ Hayvan;61;66,8;0,2
Þýrnak;Merkez;KOYUN (MERÝNOS);Küçükbaþ Hayvan;113;123,7;0,3
Þýrnak;Beytüþþebap;KOYUN (YERLÝ);Küçükbaþ Hayvan;32860;35981,7;86,7
Þýrnak;Cizre;KOYUN (YERLÝ);Küçükbaþ Hayvan;134500;147277,5;354,8
Þýrnak;Güçlükonak;KOYUN (YERLÝ);Küçükbaþ Hayvan;57100;62524,5;150,6
Þýrnak;Ýdil;KOYUN (YERLÝ);Küçükbaþ Hayvan;214343;234705,6;565,4
Þýrnak;Merkez;KOYUN (YERLÝ);Küçükbaþ Hayvan;110981;121524,2;292,8
Þýrnak;Silopi;KOYUN (YERLÝ);Küçükbaþ Hayvan;70150;76814,3;185,1
Þýrnak;Uludere;KOYUN (YERLÝ);Küçükbaþ Hayvan;25320;27725,4;66,8
Þýrnak;Beytüþþebap;ET TAVUÐU;Kanatlý Hayvan;0;0;0
Þýrnak;Cizre;ET TAVUÐU;Kanatlý Hayvan;0;0;0
Þýrnak;Güçlükonak;ET TAVUÐU;Kanatlý Hayvan;0;0;0
Þýrnak;Ýdil;ET TAVUÐU;Kanatlý Hayvan;0;0;0
Þýrnak;Merkez;ET TAVUÐU;Kanatlý Hayvan;0;0;0
Þýrnak;Silopi;ET TAVUÐU;Kanatlý Hayvan;0;0;0
Þýrnak;Uludere;ET TAVUÐU;Kanatlý Hayvan;0;0;0
Þýrnak;Beytüþþebap;HÝNDÝ;Kanatlý Hayvan;750;46050;7
Þýrnak;Cizre;HÝNDÝ;Kanatlý Hayvan;620;46104;46239
Þýrnak;Güçlükonak;HÝNDÝ;Kanatlý Hayvan;375;46036;46145
Þýrnak;Ýdil;HÝNDÝ;Kanatlý Hayvan;13796;517,4;129,4
Þýrnak;Merkez;HÝNDÝ;Kanatlý Hayvan;5000;187,5;46,9
Þýrnak;Silopi;HÝNDÝ;Kanatlý Hayvan;678;46137;46118
Þýrnak;Uludere;HÝNDÝ;Kanatlý Hayvan;600;46164;46178
Þýrnak;Beytüþþebap;KAZ;Kanatlý Hayvan;150;7;46235
Þýrnak;Cizre;KAZ;Kanatlý Hayvan;160;46149;46266
Þýrnak;Güçlükonak;KAZ;Kanatlý Hayvan;15;0,7;0,2
Þýrnak;Ýdil;KAZ;Kanatlý Hayvan;13026;609,6;152,4
Þýrnak;Merkez;KAZ;Kanatlý Hayvan;1000;46,8;46214
Þýrnak;Silopi;KAZ;Kanatlý Hayvan;271;46215;46056
Þýrnak;Uludere;KAZ;Kanatlý Hayvan;300;14;46145
Þýrnak;Beytüþþebap;ÖRDEK;Kanatlý Hayvan;72;46115;0,8
Þýrnak;Cizre;ÖRDEK;Kanatlý Hayvan;113;46086;46082
Þýrnak;Güçlükonak;ÖRDEK;Kanatlý Hayvan;50;46083;0,6
Þýrnak;Ýdil;ÖRDEK;Kanatlý Hayvan;6345;296,9;74,2
Þýrnak;Merkez;ÖRDEK;Kanatlý Hayvan;250;46214;46267
Þýrnak;Silopi;ÖRDEK;Kanatlý Hayvan;252;46245;46267
Þýrnak;Uludere;ÖRDEK;Kanatlý Hayvan;30;46113;0,4
Þýrnak;Beytüþþebap;YUMURTA TAVUÐU;Kanatlý Hayvan;2100;115;46231
Þýrnak;Cizre;YUMURTA TAVUÐU;Kanatlý Hayvan;19120;1046,8;261,8
Þýrnak;Güçlükonak;YUMURTA TAVUÐU;Kanatlý Hayvan;1500;82,1;46162
Þýrnak;Ýdil;YUMURTA TAVUÐU;Kanatlý Hayvan;37147;2033,8;508,5
Þýrnak;Merkez;YUMURTA TAVUÐU;Kanatlý Hayvan;20000;1095;273,8
Þýrnak;Silopi;YUMURTA TAVUÐU;Kanatlý Hayvan;5212;285,4;71,4
Þýrnak;Uludere;YUMURTA TAVUÐU;Kanatlý Hayvan;6400;350,4;87,6
Bartýn;Amasra;AT;Büyükbaþ Hayvan;180;985,5;46086
Bartýn;Kurucaþile;AT;Büyükbaþ Hayvan;6;32,9;0,2
Bartýn;Merkez;AT;Büyükbaþ Hayvan;305;1669,9;46273
Bartýn;Ulus;AT;Büyükbaþ Hayvan;25;136,9;0,7
Bartýn;Amasra;EÞEK;Büyükbaþ Hayvan;98;268,3;0,9
Bartýn;Kurucaþile;EÞEK;Büyükbaþ Hayvan;33;90,3;0,3
Bartýn;Merkez;EÞEK;Büyükbaþ Hayvan;244;668;46024
Bartýn;Ulus;EÞEK;Büyükbaþ Hayvan;189;517,4;46204
Bartýn;Amasra;KATIR;Büyükbaþ Hayvan;73;319,7;46113
Bartýn;Kurucaþile;KATIR;Büyükbaþ Hayvan;5;46286;0,1
Bartýn;Merkez;KATIR;Büyükbaþ Hayvan;232;1016,2;46116
Bartýn;Ulus;KATIR;Büyükbaþ Hayvan;52;227,8;1
Bartýn;Amasra;MANDA;Büyükbaþ Hayvan;246;1795,8;46155
Bartýn;Kurucaþile;MANDA;Büyükbaþ Hayvan;218;1591,4;46276
Bartýn;Merkez;MANDA;Büyükbaþ Hayvan;3078;22469,4;168,4
Bartýn;Ulus;MANDA;Büyükbaþ Hayvan;785;5730,5;42,9
Bartýn;Amasra;SIÐIR (KÜLTÜR);Büyükbaþ Hayvan;1568;14308;114,9
Bartýn;Kurucaþile;SIÐIR (KÜLTÜR);Büyükbaþ Hayvan;765;6980,6;56,1
Bartýn;Merkez;SIÐIR (KÜLTÜR);Büyükbaþ Hayvan;23662;215915,8;1733,9
Bartýn;Ulus;SIÐIR (KÜLTÜR);Büyükbaþ Hayvan;4555;41564,4;333,8
Bartýn;Amasra;SIÐIR (MELEZ);Büyükbaþ Hayvan;1007;6616;42,5
Bartýn;Kurucaþile;SIÐIR (MELEZ);Büyükbaþ Hayvan;699;4592,4;46171
Bartýn;Merkez;SIÐIR (MELEZ);Büyükbaþ Hayvan;16721;109857;705,7
Bartýn;Ulus;SIÐIR (MELEZ);Büyükbaþ Hayvan;5395;35445,2;227,7
Bartýn;Amasra;SIÐIR (YERLÝ);Büyükbaþ Hayvan;102;558,5;3
Bartýn;Kurucaþile;SIÐIR (YERLÝ);Büyükbaþ Hayvan;49;268,3;46113
Bartýn;Merkez;SIÐIR (YERLÝ);Büyükbaþ Hayvan;2392;13096,2;70,1
Bartýn;Ulus;SIÐIR (YERLÝ);Büyükbaþ Hayvan;1515;8294,6;44,4
Bartýn;Amasra;KEÇÝ (KIL);Küçükbaþ Hayvan;50;36,5;0,1
Bartýn;Merkez;KEÇÝ (KIL);Küçükbaþ Hayvan;1092;797,2;46082
Bartýn;Ulus;KEÇÝ (KIL);Küçükbaþ Hayvan;461;336,5;0,5
Bartýn;Amasra;KOYUN (MERÝNOS);Küçükbaþ Hayvan;152;166,4;0,4
Bartýn;Kurucaþile;KOYUN (MERÝNOS);Küçükbaþ Hayvan;129;141,3;0,3
Bartýn;Merkez;KOYUN (MERÝNOS);Küçükbaþ Hayvan;1624;1778,3;46085
Bartýn;Ulus;KOYUN (MERÝNOS);Küçükbaþ Hayvan;329;360,3;0,9
Bartýn;Amasra;KOYUN (YERLÝ);Küçükbaþ Hayvan;393;430,3;1
Bartýn;Kurucaþile;KOYUN (YERLÝ);Küçükbaþ Hayvan;194;212,4;0,5
Bartýn;Merkez;KOYUN (YERLÝ);Küçükbaþ Hayvan;1439;1575,7;46237
Bartýn;Ulus;KOYUN (YERLÝ);Küçükbaþ Hayvan;439;480,7;46054
Bartýn;Amasra;ET TAVUÐU;Kanatlý Hayvan;3020;81,5;46132
Bartýn;Kurucaþile;ET TAVUÐU;Kanatlý Hayvan;0;0;0
Bartýn;Merkez;ET TAVUÐU;Kanatlý Hayvan;855050;23086,4;5772,6
Bartýn;Ulus;ET TAVUÐU;Kanatlý Hayvan;193300;5219,1;1305
Bartýn;Amasra;HÝNDÝ;Kanatlý Hayvan;120;46146;46023
Bartýn;Kurucaþile;HÝNDÝ;Kanatlý Hayvan;300;46092;46236
Bartýn;Merkez;HÝNDÝ;Kanatlý Hayvan;292;11;46205
Bartýn;Ulus;HÝNDÝ;Kanatlý Hayvan;497;46191;46207
Bartýn;Amasra;KAZ;Kanatlý Hayvan;127;46270;46143
Bartýn;Kurucaþile;KAZ;Kanatlý Hayvan;450;46043;46086
Bartýn;Merkez;KAZ;Kanatlý Hayvan;107;5;46082
Bartýn;Ulus;KAZ;Kanatlý Hayvan;65;3;0,8
Bartýn;Amasra;ÖRDEK;Kanatlý Hayvan;86;4;1
Bartýn;Kurucaþile;ÖRDEK;Kanatlý Hayvan;150;7;46235
Bartýn;Merkez;ÖRDEK;Kanatlý Hayvan;1157;54,1;46155
Bartýn;Ulus;ÖRDEK;Kanatlý Hayvan;267;46154;46025
Bartýn;Amasra;YUMURTA TAVUÐU;Kanatlý Hayvan;5607;307;76,8
Bartýn;Kurucaþile;YUMURTA TAVUÐU;Kanatlý Hayvan;3260;178,5;44,6
Bartýn;Merkez;YUMURTA TAVUÐU;Kanatlý Hayvan;71998;3941,9;985,7
Bartýn;Ulus;YUMURTA TAVUÐU;Kanatlý Hayvan;30780;1685,2;421,4
Ardahan;Çýldýr;AT;Büyükbaþ Hayvan;387;2118,8;46092
Ardahan;Damal;AT;Büyükbaþ Hayvan;373;2042,2;46275
Ardahan;Göle;AT;Büyükbaþ Hayvan;1043;5710,4;46203
Ardahan;Hanak;AT;Büyükbaþ Hayvan;752;4117,2;22
Ardahan;Merkez;AT;Büyükbaþ Hayvan;700;3832,5;46162
Ardahan;Posof;AT;Büyükbaþ Hayvan;140;766,5;46026
Ardahan;Çýldýr;EÞEK;Büyükbaþ Hayvan;130;355,9;46023
Ardahan;Damal;EÞEK;Büyükbaþ Hayvan;10;46139;0,1
Ardahan;Göle;EÞEK;Büyükbaþ Hayvan;115;314,8;1
Ardahan;Hanak;EÞEK;Büyükbaþ Hayvan;50;136,9;0,4
Ardahan;Merkez;MANDA;Büyükbaþ Hayvan;17;124,1;0,9
Ardahan;Çýldýr;SIÐIR (KÜLTÜR);Büyükbaþ Hayvan;1282;11698,3;93,9
Ardahan;Damal;SIÐIR (KÜLTÜR);Büyükbaþ Hayvan;2319;21160,9;169,9
Ardahan;Göle;SIÐIR (KÜLTÜR);Büyükbaþ Hayvan;4745;43298,1;347,7
Ardahan;Hanak;SIÐIR (KÜLTÜR);Büyükbaþ Hayvan;3960;36135;290,2
Ardahan;Merkez;SIÐIR (KÜLTÜR);Büyükbaþ Hayvan;4016;36646;294,3
Ardahan;Posof;SIÐIR (KÜLTÜR);Büyükbaþ Hayvan;355;3239,4;26
Ardahan;Çýldýr;SIÐIR (MELEZ);Büyükbaþ Hayvan;38106;250356,4;1608,3
Ardahan;Damal;SIÐIR (MELEZ);Büyükbaþ Hayvan;16078;105632,5;678,6
Ardahan;Göle;SIÐIR (MELEZ);Büyükbaþ Hayvan;87476;574717,3;3692,1
Ardahan;Hanak;SIÐIR (MELEZ);Büyükbaþ Hayvan;27802;182659,1;1173,4
Ardahan;Merkez;SIÐIR (MELEZ);Büyükbaþ Hayvan;86070;565479,9;3632,8
Ardahan;Posof;SIÐIR (MELEZ);Büyükbaþ Hayvan;16774;110205,2;708
Ardahan;Çýldýr;SIÐIR (YERLÝ);Büyükbaþ Hayvan;255;1396,1;46149
Ardahan;Damal;SIÐIR (YERLÝ);Büyükbaþ Hayvan;183;1001,9;46117
Ardahan;Göle;SIÐIR (YERLÝ);Büyükbaþ Hayvan;1104;6044,4;32,4
Ardahan;Hanak;SIÐIR (YERLÝ);Büyükbaþ Hayvan;10810;59184,8;316,8
Ardahan;Merkez;SIÐIR (YERLÝ);Büyükbaþ Hayvan;5530;30276,8;162,1
Ardahan;Posof;SIÐIR (YERLÝ);Büyükbaþ Hayvan;43;235,4;46082
Ardahan;Çýldýr;KEÇÝ (KIL);Küçükbaþ Hayvan;794;579,6;0,9
Ardahan;Damal;KEÇÝ (KIL);Küçükbaþ Hayvan;5;46206;0
Ardahan;Göle;KEÇÝ (KIL);Küçükbaþ Hayvan;1000;730;46054
Ardahan;Hanak;KEÇÝ (KIL);Küçükbaþ Hayvan;110;80,3;0,1
Ardahan;Merkez;KEÇÝ (KIL);Küçükbaþ Hayvan;800;584;0,9
Ardahan;Posof;KEÇÝ (KIL);Küçükbaþ Hayvan;45;32,9;0,1
Ardahan;Çýldýr;KEÇÝ (TÝFTÝK);Küçükbaþ Hayvan;8;46239;0
Ardahan;Çýldýr;KOYUN (YERLÝ);Küçükbaþ Hayvan;28294;30981,9;74,6
Ardahan;Damal;KOYUN (YERLÝ);Küçükbaþ Hayvan;135;147,8;0,4
Ardahan;Göle;KOYUN (YERLÝ);Küçükbaþ Hayvan;15750;17246,3;41,5
Ardahan;Hanak;KOYUN (YERLÝ);Küçükbaþ Hayvan;3130;3427,4;46089
Ardahan;Merkez;KOYUN (YERLÝ);Küçükbaþ Hayvan;23200;25404;61,2
Ardahan;Posof;KOYUN (YERLÝ);Küçükbaþ Hayvan;967;1058,9;46175
Ardahan;Çýldýr;ET TAVUÐU;Kanatlý Hayvan;0;0;0
Ardahan;Damal;ET TAVUÐU;Kanatlý Hayvan;0;0;0
Ardahan;Göle;ET TAVUÐU;Kanatlý Hayvan;0;0;0
Ardahan;Hanak;ET TAVUÐU;Kanatlý Hayvan;2119;57,2;46095
Ardahan;Merkez;ET TAVUÐU;Kanatlý Hayvan;0;0;0
Ardahan;Çýldýr;HÝNDÝ;Kanatlý Hayvan;3000;112,5;46050
Ardahan;Damal;HÝNDÝ;Kanatlý Hayvan;25;0,9;0,2
Ardahan;Göle;HÝNDÝ;Kanatlý Hayvan;3000;112,5;46050
Ardahan;Hanak;HÝNDÝ;Kanatlý Hayvan;45;46204;0,4
Ardahan;Merkez;HÝNDÝ;Kanatlý Hayvan;3669;137,6;34,4
Ardahan;Posof;HÝNDÝ;Kanatlý Hayvan;25;0,9;0,2
Ardahan;Çýldýr;KAZ;Kanatlý Hayvan;25000;1170;292,6
Ardahan;Damal;KAZ;Kanatlý Hayvan;300;14;46145
Ardahan;Göle;KAZ;Kanatlý Hayvan;12251;573,3;143,4
Ardahan;Hanak;KAZ;Kanatlý Hayvan;19479;911,6;227,9
Ardahan;Merkez;KAZ;Kanatlý Hayvan;17850;835,4;208,9
Ardahan;Posof;KAZ;Kanatlý Hayvan;746;34,9;46211
Ardahan;Çýldýr;ÖRDEK;Kanatlý Hayvan;3000;140,4;35,1
Ardahan;Damal;ÖRDEK;Kanatlý Hayvan;25;46054;0,3
Ardahan;Göle;ÖRDEK;Kanatlý Hayvan;825;38,6;46212
Ardahan;Hanak;ÖRDEK;Kanatlý Hayvan;155;46088;46235
Ardahan;Merkez;ÖRDEK;Kanatlý Hayvan;762;35,7;46273
Ardahan;Posof;ÖRDEK;Kanatlý Hayvan;40;46266;0,5
Ardahan;Çýldýr;YUMURTA TAVUÐU;Kanatlý Hayvan;19000;1040,3;260,1
Ardahan;Damal;YUMURTA TAVUÐU;Kanatlý Hayvan;2900;158,8;39,7
Ardahan;Göle;YUMURTA TAVUÐU;Kanatlý Hayvan;32500;1779,4;444,9
Ardahan;Hanak;YUMURTA TAVUÐU;Kanatlý Hayvan;8800;481,8;120,5
Ardahan;Merkez;YUMURTA TAVUÐU;Kanatlý Hayvan;40818;2234,8;558,8
Ardahan;Posof;YUMURTA TAVUÐU;Kanatlý Hayvan;9080;497,1;124,3
Iðdýr;Aralýk;AT;Büyükbaþ Hayvan;77;421,6;46083
Iðdýr;Karakoyunlu;AT;Büyükbaþ Hayvan;108;591,3;46056
Iðdýr;Merkez;AT;Büyükbaþ Hayvan;842;4610;46227
Iðdýr;Tuzluca;AT;Büyükbaþ Hayvan;515;2819,6;46037
Iðdýr;Aralýk;EÞEK;Büyükbaþ Hayvan;516;1412,6;46146
Iðdýr;Karakoyunlu;EÞEK;Büyükbaþ Hayvan;453;1240,1;4
Iðdýr;Merkez;EÞEK;Büyükbaþ Hayvan;1234;3378,1;46275
Iðdýr;Tuzluca;EÞEK;Büyükbaþ Hayvan;440;1204,5;46268
Iðdýr;Karakoyunlu;KATIR;Büyükbaþ Hayvan;7;46233;0,1
Iðdýr;Tuzluca;KATIR;Büyükbaþ Hayvan;60;262,8;46023
Iðdýr;Aralýk;MANDA;Büyükbaþ Hayvan;588;4292,4;32,2
Iðdýr;Karakoyunlu;MANDA;Büyükbaþ Hayvan;431;3146,3;46196
Iðdýr;Merkez;MANDA;Büyükbaþ Hayvan;1211;8840,3;66,3
Iðdýr;Aralýk;SIÐIR (KÜLTÜR);Büyükbaþ Hayvan;11845;108085,6;868
Iðdýr;Karakoyunlu;SIÐIR (KÜLTÜR);Büyükbaþ Hayvan;5434;49585,3;398,2
Iðdýr;Merkez;SIÐIR (KÜLTÜR);Büyükbaþ Hayvan;31124;284006,5;2280,6
Iðdýr;Tuzluca;SIÐIR (KÜLTÜR);Büyükbaþ Hayvan;7400;67525;542,2
Iðdýr;Aralýk;SIÐIR (MELEZ);Büyükbaþ Hayvan;12418;81586,3;524,1
Iðdýr;Karakoyunlu;SIÐIR (MELEZ);Büyükbaþ Hayvan;12553;82473,2;529,8
Iðdýr;Merkez;SIÐIR (MELEZ);Büyükbaþ Hayvan;30716;201804,1;1296,4
Iðdýr;Tuzluca;SIÐIR (MELEZ);Büyükbaþ Hayvan;29100;191187;1228,2
Iðdýr;Aralýk;SIÐIR (YERLÝ);Büyükbaþ Hayvan;356;1949,1;46122
Iðdýr;Karakoyunlu;SIÐIR (YERLÝ);Büyükbaþ Hayvan;1704;9329,4;49,9
Iðdýr;Merkez;SIÐIR (YERLÝ);Büyükbaþ Hayvan;1783;9761,9;52,3
Iðdýr;Tuzluca;SIÐIR (YERLÝ);Büyükbaþ Hayvan;3970;21735,8;116,4
Iðdýr;Aralýk;KEÇÝ (KIL);Küçükbaþ Hayvan;8540;6234,2;10
Iðdýr;Karakoyunlu;KEÇÝ (KIL);Küçükbaþ Hayvan;6376;4654,5;46149
Iðdýr;Merkez;KEÇÝ (KIL);Küçükbaþ Hayvan;20749;15146,8;46105
Iðdýr;Tuzluca;KEÇÝ (KIL);Küçükbaþ Hayvan;10170;7424,1;46276
Iðdýr;Aralýk;KOYUN (YERLÝ);Küçükbaþ Hayvan;180844;198024,2;477,1
Iðdýr;Karakoyunlu;KOYUN (YERLÝ);Küçükbaþ Hayvan;103670;113518,7;273,5
Iðdýr;Merkez;KOYUN (YERLÝ);Küçükbaþ Hayvan;526673;576706,9;1389,3
Iðdýr;Tuzluca;KOYUN (YERLÝ);Küçükbaþ Hayvan;171300;187573,5;451,9
Iðdýr;Aralýk;ET TAVUÐU;Kanatlý Hayvan;0;0;0
Iðdýr;Karakoyunlu;ET TAVUÐU;Kanatlý Hayvan;0;0;0
Iðdýr;Merkez;ET TAVUÐU;Kanatlý Hayvan;0;0;0
Iðdýr;Tuzluca;ET TAVUÐU;Kanatlý Hayvan;0;0;0
Iðdýr;Aralýk;HÝNDÝ;Kanatlý Hayvan;1700;63,8;46280
Iðdýr;Karakoyunlu;HÝNDÝ;Kanatlý Hayvan;555;46254;46058
Iðdýr;Merkez;HÝNDÝ;Kanatlý Hayvan;2000;75;46252
Iðdýr;Tuzluca;HÝNDÝ;Kanatlý Hayvan;2500;93,8;46135
Iðdýr;Aralýk;KAZ;Kanatlý Hayvan;810;37,9;46151
Iðdýr;Karakoyunlu;KAZ;Kanatlý Hayvan;680;46265;8
Iðdýr;Merkez;KAZ;Kanatlý Hayvan;1200;56,2;14
Iðdýr;Tuzluca;KAZ;Kanatlý Hayvan;950;44,5;46033
Iðdýr;Aralýk;ÖRDEK;Kanatlý Hayvan;395;46160;46177
Iðdýr;Karakoyunlu;ÖRDEK;Kanatlý Hayvan;190;46273;46055
Iðdýr;Merkez;ÖRDEK;Kanatlý Hayvan;1000;46,8;46214
Iðdýr;Tuzluca;ÖRDEK;Kanatlý Hayvan;420;46222;46269
Iðdýr;Aralýk;YUMURTA TAVUÐU;Kanatlý Hayvan;16880;924,2;231,1
Iðdýr;Karakoyunlu;YUMURTA TAVUÐU;Kanatlý Hayvan;20040;1097,2;274,3
Iðdýr;Merkez;YUMURTA TAVUÐU;Kanatlý Hayvan;22000;1204,5;301,2
Iðdýr;Tuzluca;YUMURTA TAVUÐU;Kanatlý Hayvan;42500;2326,9;581,8
Yalova;Altýnova;AT;Büyükbaþ Hayvan;11;60,2;0,3
Yalova;Armutlu;AT;Büyükbaþ Hayvan;45;246,4;46082
Yalova;Çiftlikköy;AT;Büyükbaþ Hayvan;44;240,9;46082
Yalova;Çýnarcýk;AT;Büyükbaþ Hayvan;35;191,6;1
Yalova;Merkez;AT;Büyükbaþ Hayvan;50;273,8;46143
Yalova;Termal;AT;Büyükbaþ Hayvan;13;71,2;0,4
Yalova;Altýnova;EÞEK;Büyükbaþ Hayvan;2;46147;0
Yalova;Armutlu;EÞEK;Büyükbaþ Hayvan;7;46072;0,1
Yalova;Çiftlikköy;EÞEK;Büyükbaþ Hayvan;4;11;0
Yalova;Çýnarcýk;EÞEK;Büyükbaþ Hayvan;5;46216;0
Yalova;Merkez;EÞEK;Büyükbaþ Hayvan;9;46197;0,1
Yalova;Armutlu;KATIR;Büyükbaþ Hayvan;5;46286;0,1
Yalova;Çiftlikköy;KATIR;Büyükbaþ Hayvan;3;46035;0,1
Yalova;Çýnarcýk;KATIR;Büyükbaþ Hayvan;70;306,6;46082
Yalova;Merkez;KATIR;Büyükbaþ Hayvan;7;46233;0,1
Yalova;Merkez;MANDA;Büyükbaþ Hayvan;13;94,9;0,7
Yalova;Altýnova;SIÐIR (KÜLTÜR);Büyükbaþ Hayvan;864;7884;63,3
Yalova;Armutlu;SIÐIR (KÜLTÜR);Büyükbaþ Hayvan;153;1396,1;46064
Yalova;Çiftlikköy;SIÐIR (KÜLTÜR);Büyükbaþ Hayvan;1877;17127,6;137,5
Yalova;Çýnarcýk;SIÐIR (KÜLTÜR);Büyükbaþ Hayvan;524;4781,5;38,4
Yalova;Merkez;SIÐIR (KÜLTÜR);Büyükbaþ Hayvan;2228;20330,5;163,3
Yalova;Termal;SIÐIR (KÜLTÜR);Büyükbaþ Hayvan;489;4462,1;35,8
Yalova;Altýnova;SIÐIR (MELEZ);Büyükbaþ Hayvan;1179;7746;49,8
Yalova;Armutlu;SIÐIR (MELEZ);Büyükbaþ Hayvan;289;1898,7;46065
Yalova;Çiftlikköy;SIÐIR (MELEZ);Büyükbaþ Hayvan;1610;10577,7;68
Yalova;Çýnarcýk;SIÐIR (MELEZ);Büyükbaþ Hayvan;999;6563,4;42,2
Yalova;Merkez;SIÐIR (MELEZ);Büyükbaþ Hayvan;1883;12371,3;79,5
Yalova;Termal;SIÐIR (MELEZ);Büyükbaþ Hayvan;368;2417,8;46157
Yalova;Altýnova;SIÐIR (YERLÝ);Büyükbaþ Hayvan;54;295,7;46174
Yalova;Armutlu;SIÐIR (YERLÝ);Büyükbaþ Hayvan;278;1522,1;46030
Yalova;Çiftlikköy;SIÐIR (YERLÝ);Büyükbaþ Hayvan;203;1111,4;6
Yalova;Çýnarcýk;SIÐIR (YERLÝ);Büyükbaþ Hayvan;489;2677,3;46095
Yalova;Merkez;SIÐIR (YERLÝ);Büyükbaþ Hayvan;354;1938,2;46122
Yalova;Termal;SIÐIR (YERLÝ);Büyükbaþ Hayvan;40;219;46054
Yalova;Altýnova;KEÇÝ (KIL);Küçükbaþ Hayvan;367;267,9;0,4
Yalova;Armutlu;KEÇÝ (KIL);Küçükbaþ Hayvan;1201;876,7;46113
Yalova;Çiftlikköy;KEÇÝ (KIL);Küçükbaþ Hayvan;81;59,1;0,1
Yalova;Çýnarcýk;KEÇÝ (KIL);Küçükbaþ Hayvan;250;182,5;0,3
Yalova;Merkez;KEÇÝ (KIL);Küçükbaþ Hayvan;1206;880,4;46113
Yalova;Termal;KEÇÝ (KIL);Küçükbaþ Hayvan;21;46096;0
Yalova;Altýnova;KOYUN (MERÝNOS);Küçükbaþ Hayvan;201;220,1;0,5
Yalova;Çýnarcýk;KOYUN (MERÝNOS);Küçükbaþ Hayvan;35;38,3;0,1
Yalova;Termal;KOYUN (MERÝNOS);Küçükbaþ Hayvan;130;142,4;0,3
Yalova;Altýnova;KOYUN (YERLÝ);Küçükbaþ Hayvan;3107;3402,2;46061
Yalova;Armutlu;KOYUN (YERLÝ);Küçükbaþ Hayvan;1620;1773,9;46085
Yalova;Çiftlikköy;KOYUN (YERLÝ);Küçükbaþ Hayvan;7623;8347,2;46042
Yalova;Çýnarcýk;KOYUN (YERLÝ);Küçükbaþ Hayvan;1626;1780,5;46085
Yalova;Merkez;KOYUN (YERLÝ);Küçükbaþ Hayvan;6241;6833,9;46158
Yalova;Termal;KOYUN (YERLÝ);Küçükbaþ Hayvan;4251;4654,8;46064
Yalova;Armutlu;ET TAVUÐU;Kanatlý Hayvan;;0;0
Yalova;Çiftlikköy;ET TAVUÐU;Kanatlý Hayvan;;0;0
Yalova;Çýnarcýk;ET TAVUÐU;Kanatlý Hayvan;;0;0
Yalova;Merkez;ET TAVUÐU;Kanatlý Hayvan;;0;0
Yalova;Termal;ET TAVUÐU;Kanatlý Hayvan;;0;0
Yalova;Altýnova;HÝNDÝ;Kanatlý Hayvan;73;46205;0,7
Yalova;Armutlu;HÝNDÝ;Kanatlý Hayvan;68;46175;0,6
Yalova;Çiftlikköy;HÝNDÝ;Kanatlý Hayvan;40;46143;0,4
Yalova;Çýnarcýk;HÝNDÝ;Kanatlý Hayvan;176;46179;46204
Yalova;Merkez;HÝNDÝ;Kanatlý Hayvan;8200;307,5;76,9
Yalova;Termal;HÝNDÝ;Kanatlý Hayvan;16;0,6;0,2
Yalova;Altýnova;KAZ;Kanatlý Hayvan;67;46025;0,8
Yalova;Armutlu;KAZ;Kanatlý Hayvan;103;46238;46054
Yalova;Çiftlikköy;KAZ;Kanatlý Hayvan;280;46035;46084
Yalova;Çýnarcýk;KAZ;Kanatlý Hayvan;147;46271;46204
Yalova;Merkez;KAZ;Kanatlý Hayvan;62;46267;0,7
Yalova;Termal;KAZ;Kanatlý Hayvan;18;0,8;0,2
Yalova;Altýnova;ÖRDEK;Kanatlý Hayvan;92;46085;46023
Yalova;Armutlu;ÖRDEK;Kanatlý Hayvan;32;46143;0,4
Yalova;Çiftlikköy;ÖRDEK;Kanatlý Hayvan;170;8;2
Yalova;Çýnarcýk;ÖRDEK;Kanatlý Hayvan;89;46057;1
Yalova;Merkez;ÖRDEK;Kanatlý Hayvan;48;46055;0,6
Yalova;Termal;ÖRDEK;Kanatlý Hayvan;35;46174;0,4
Yalova;Altýnova;YUMURTA TAVUÐU;Kanatlý Hayvan;26500;1450,9;362,8
Yalova;Armutlu;YUMURTA TAVUÐU;Kanatlý Hayvan;2161;118,3;46202
Yalova;Çiftlikköy;YUMURTA TAVUÐU;Kanatlý Hayvan;11090;607,2;151,8
Yalova;Çýnarcýk;YUMURTA TAVUÐU;Kanatlý Hayvan;22790;1247,8;312
Yalova;Merkez;YUMURTA TAVUÐU;Kanatlý Hayvan;3015;165,1;41,3
Yalova;Termal;YUMURTA TAVUÐU;Kanatlý Hayvan;3480;190,5;47,6
Karabük;Eflani;AT;Büyükbaþ Hayvan;2;11;0,1
Karabük;Eskipazar;AT;Büyükbaþ Hayvan;20;109,5;0,6
Karabük;Merkez;AT;Büyükbaþ Hayvan;37;202,6;46023
Karabük;Ovacýk;AT;Büyükbaþ Hayvan;39;213,5;46023
Karabük;Safranbolu;AT;Büyükbaþ Hayvan;13;71,2;0,4
Karabük;Yenice;AT;Büyükbaþ Hayvan;58;317,6;46204
Karabük;Eflani;EÞEK;Büyükbaþ Hayvan;10;46139;0,1
Karabük;Eskipazar;EÞEK;Büyükbaþ Hayvan;85;232,7;0,7
Karabük;Merkez;EÞEK;Büyükbaþ Hayvan;46;125,9;0,4
Karabük;Ovacýk;EÞEK;Büyükbaþ Hayvan;257;703,5;46083
Karabük;Safranbolu;EÞEK;Büyükbaþ Hayvan;34;93,1;0,3
Karabük;Yenice;EÞEK;Büyükbaþ Hayvan;41;112,2;0,4
Karabük;Eskipazar;KATIR;Büyükbaþ Hayvan;1;46116;0
Karabük;Merkez;KATIR;Büyükbaþ Hayvan;18;78,8;0,3
Karabük;Ovacýk;KATIR;Büyükbaþ Hayvan;15;65,7;0,3
Karabük;Safranbolu;KATIR;Büyükbaþ Hayvan;3;46035;0,1
Karabük;Yenice;KATIR;Büyükbaþ Hayvan;39;170,8;0,7
Karabük;Eflani;MANDA;Büyükbaþ Hayvan;122;890,6;46209
Karabük;Eskipazar;MANDA;Büyükbaþ Hayvan;33;240,9;46235
Karabük;Merkez;MANDA;Büyükbaþ Hayvan;249;1817,7;46186
Karabük;Safranbolu;MANDA;Büyükbaþ Hayvan;150;1095;46061
Karabük;Yenice;MANDA;Büyükbaþ Hayvan;597;4358,1;32,7
Karabük;Eflani;SIÐIR (KÜLTÜR);Büyükbaþ Hayvan;862;7865,8;63,2
Karabük;Eskipazar;SIÐIR (KÜLTÜR);Büyükbaþ Hayvan;756;6898,5;55,4
Karabük;Merkez;SIÐIR (KÜLTÜR);Büyükbaþ Hayvan;1418;12939,3;103,9
Karabük;Ovacýk;SIÐIR (KÜLTÜR);Büyükbaþ Hayvan;467;4261,4;34,2
Karabük;Safranbolu;SIÐIR (KÜLTÜR);Büyükbaþ Hayvan;688;6278;50,4
Karabük;Yenice;SIÐIR (KÜLTÜR);Büyükbaþ Hayvan;520;4745;38,1
Karabük;Eflani;SIÐIR (MELEZ);Büyükbaþ Hayvan;10714;70391;452,2
Karabük;Eskipazar;SIÐIR (MELEZ);Büyükbaþ Hayvan;8988;59051,2;379,4
Karabük;Merkez;SIÐIR (MELEZ);Büyükbaþ Hayvan;2026;13310,8;85,5
Karabük;Ovacýk;SIÐIR (MELEZ);Büyükbaþ Hayvan;1673;10991,6;70,6
Karabük;Safranbolu;SIÐIR (MELEZ);Büyükbaþ Hayvan;5485;36036,5;231,5
Karabük;Yenice;SIÐIR (MELEZ);Büyükbaþ Hayvan;6771;44485,5;285,8
Karabük;Eflani;SIÐIR (YERLÝ);Büyükbaþ Hayvan;1292;7073,7;37,9
Karabük;Eskipazar;SIÐIR (YERLÝ);Büyükbaþ Hayvan;730;3996,8;46133
Karabük;Merkez;SIÐIR (YERLÝ);Büyükbaþ Hayvan;1306;7150,4;38,3
Karabük;Ovacýk;SIÐIR (YERLÝ);Büyükbaþ Hayvan;1496;8190,6;43,8
Karabük;Safranbolu;SIÐIR (YERLÝ);Büyükbaþ Hayvan;2177;11919,1;63,8
Karabük;Yenice;SIÐIR (YERLÝ);Büyükbaþ Hayvan;1706;9340,4;50
Karabük;Eflani;KEÇÝ (KIL);Küçükbaþ Hayvan;97;70,8;0,1
Karabük;Eskipazar;KEÇÝ (KIL);Küçükbaþ Hayvan;338;246,7;0,4
Karabük;Merkez;KEÇÝ (KIL);Küçükbaþ Hayvan;900;657;46023
Karabük;Ovacýk;KEÇÝ (KIL);Küçükbaþ Hayvan;207;151,1;0,2
Karabük;Safranbolu;KEÇÝ (KIL);Küçükbaþ Hayvan;685;500,1;0,8
Karabük;Yenice;KEÇÝ (KIL);Küçükbaþ Hayvan;1138;830,7;46082
Karabük;Eskipazar;KEÇÝ (TÝFTÝK);Küçükbaþ Hayvan;36;46107;0
Karabük;Safranbolu;KEÇÝ (TÝFTÝK);Küçükbaþ Hayvan;15;11;0
Karabük;Eflani;KOYUN (MERÝNOS);Küçükbaþ Hayvan;1713;1875,7;46146
Karabük;Eskipazar;KOYUN (MERÝNOS);Küçükbaþ Hayvan;7711;8443,5;46101
Karabük;Merkez;KOYUN (MERÝNOS);Küçükbaþ Hayvan;1075;1177,1;46236
Karabük;Ovacýk;KOYUN (MERÝNOS);Küçükbaþ Hayvan;995;1089,5;46175
Karabük;Safranbolu;KOYUN (MERÝNOS);Küçükbaþ Hayvan;4300;4708,5;46092
Karabük;Yenice;KOYUN (MERÝNOS);Küçükbaþ Hayvan;200;219;0,5
Karabük;Eflani;KOYUN (YERLÝ);Küçükbaþ Hayvan;182;199,3;0,5
Karabük;Eskipazar;KOYUN (YERLÝ);Küçükbaþ Hayvan;911;997,5;46114
Karabük;Merkez;KOYUN (YERLÝ);Küçükbaþ Hayvan;1725;1888,9;46177
Karabük;Safranbolu;KOYUN (YERLÝ);Küçükbaþ Hayvan;700;766,5;46235
Karabük;Yenice;KOYUN (YERLÝ);Küçükbaþ Hayvan;3529;3864,3;46090
Karabük;Eflani;ET TAVUÐU;Kanatlý Hayvan;0;0;0
Karabük;Eskipazar;ET TAVUÐU;Kanatlý Hayvan;401700;10845,9;2712
Karabük;Merkez;ET TAVUÐU;Kanatlý Hayvan;109600;2959,2;739,9
Karabük;Ovacýk;ET TAVUÐU;Kanatlý Hayvan;0;0;0
Karabük;Safranbolu;ET TAVUÐU;Kanatlý Hayvan;48400;1306,8;326,8
Karabük;Yenice;ET TAVUÐU;Kanatlý Hayvan;210800;5691,6;1423,2
Karabük;Eflani;HÝNDÝ;Kanatlý Hayvan;2685;100,7;46078
Karabük;Eskipazar;HÝNDÝ;Kanatlý Hayvan;430;46038;4
Karabük;Merkez;HÝNDÝ;Kanatlý Hayvan;597;46134;46178
Karabük;Ovacýk;HÝNDÝ;Kanatlý Hayvan;625;46135;46270
Karabük;Safranbolu;HÝNDÝ;Kanatlý Hayvan;1000;37,5;46121
Karabük;Yenice;HÝNDÝ;Kanatlý Hayvan;318;46276;3
Karabük;Eflani;KAZ;Kanatlý Hayvan;300;14;46145
Karabük;Eskipazar;KAZ;Kanatlý Hayvan;480;46164;46178
Karabük;Merkez;KAZ;Kanatlý Hayvan;93;46116;46023
Karabük;Ovacýk;KAZ;Kanatlý Hayvan;125;46270;46143
Karabük;Safranbolu;KAZ;Kanatlý Hayvan;200;46121;46083
Karabük;Yenice;KAZ;Kanatlý Hayvan;251;46214;46267
Karabük;Eflani;ÖRDEK;Kanatlý Hayvan;140;46179;46174
Karabük;Eskipazar;ÖRDEK;Kanatlý Hayvan;100;46207;46054
Karabük;Merkez;ÖRDEK;Kanatlý Hayvan;109;46027;46082
Karabük;Ovacýk;ÖRDEK;Kanatlý Hayvan;45;46024;0,5
Karabük;Safranbolu;ÖRDEK;Kanatlý Hayvan;50;46083;0,6
Karabük;Yenice;ÖRDEK;Kanatlý Hayvan;502;46165;46270
Karabük;Eflani;YUMURTA TAVUÐU;Kanatlý Hayvan;21040;1151,9;288
Karabük;Eskipazar;YUMURTA TAVUÐU;Kanatlý Hayvan;5200;284,7;71,2
Karabük;Merkez;YUMURTA TAVUÐU;Kanatlý Hayvan;26329;1441,5;360,4
Karabük;Ovacýk;YUMURTA TAVUÐU;Kanatlý Hayvan;6400;350,4;87,6
Karabük;Safranbolu;YUMURTA TAVUÐU;Kanatlý Hayvan;160000;8760;2190,4
Karabük;Yenice;YUMURTA TAVUÐU;Kanatlý Hayvan;4856;265,9;66,5
Kilis;Elbeyli;AT;Büyükbaþ Hayvan;29;158,8;0,9
Kilis;Merkez;AT;Büyükbaþ Hayvan;86;470,9;46144
Kilis;Musabeyli;AT;Büyükbaþ Hayvan;27;147,8;0,8
Kilis;Polateli;AT;Büyükbaþ Hayvan;83;454,4;46114
Kilis;Elbeyli;EÞEK;Büyükbaþ Hayvan;42;115;0,4
Kilis;Merkez;EÞEK;Büyükbaþ Hayvan;69;188,9;0,6
Kilis;Musabeyli;EÞEK;Büyükbaþ Hayvan;55;150,6;0,5
Kilis;Polateli;EÞEK;Büyükbaþ Hayvan;114;312,1;1
Kilis;Merkez;KATIR;Büyükbaþ Hayvan;8;35;0,2
Kilis;Musabeyli;KATIR;Büyükbaþ Hayvan;7;46233;0,1
Kilis;Polateli;KATIR;Büyükbaþ Hayvan;15;65,7;0,3
Kilis;Polateli;MANDA;Büyükbaþ Hayvan;21;153,3;46023
Kilis;Elbeyli;SIÐIR (KÜLTÜR);Büyükbaþ Hayvan;1000;9125;73,3
Kilis;Merkez;SIÐIR (KÜLTÜR);Büyükbaþ Hayvan;2941;26836,6;215,5
Kilis;Musabeyli;SIÐIR (KÜLTÜR);Büyükbaþ Hayvan;850;7756,3;62,3
Kilis;Polateli;SIÐIR (KÜLTÜR);Büyükbaþ Hayvan;1204;10986,5;88,2
Kilis;Elbeyli;SIÐIR (MELEZ);Büyükbaþ Hayvan;664;4362,5;28
Kilis;Merkez;SIÐIR (MELEZ);Büyükbaþ Hayvan;4093;26891;172,8
Kilis;Musabeyli;SIÐIR (MELEZ);Büyükbaþ Hayvan;1520;9986,4;64,2
Kilis;Polateli;SIÐIR (MELEZ);Büyükbaþ Hayvan;706;4638,4;46263
Kilis;Elbeyli;KEÇÝ (KIL);Küçükbaþ Hayvan;3422;2498,1;4
Kilis;Merkez;KEÇÝ (KIL);Küçükbaþ Hayvan;39446;28795,6;46,2
Kilis;Musabeyli;KEÇÝ (KIL);Küçükbaþ Hayvan;33550;24491,5;39,3
Kilis;Polateli;KEÇÝ (KIL);Küçükbaþ Hayvan;16931;12359,6;46284
Kilis;Elbeyli;KOYUN (MERÝNOS);Küçükbaþ Hayvan;365;399,7;1
Kilis;Merkez;KOYUN (MERÝNOS);Küçükbaþ Hayvan;883;966,9;46083
Kilis;Musabeyli;KOYUN (MERÝNOS);Küçükbaþ Hayvan;690;755,6;46235
Kilis;Polateli;KOYUN (MERÝNOS);Küçükbaþ Hayvan;272;297,8;0,7
Kilis;Elbeyli;KOYUN (YERLÝ);Küçükbaþ Hayvan;15815;17317,4;41,7
Kilis;Merkez;KOYUN (YERLÝ);Küçükbaþ Hayvan;50001;54751,1;131,9
Kilis;Musabeyli;KOYUN (YERLÝ);Küçükbaþ Hayvan;14050;15384,8;37,1
Kilis;Polateli;KOYUN (YERLÝ);Küçükbaþ Hayvan;34584;37869,5;91,2
Kilis;Elbeyli;ET TAVUÐU;Kanatlý Hayvan;0;0;0
Kilis;Merkez;ET TAVUÐU;Kanatlý Hayvan;170000;4590;1147,7
Kilis;Musabeyli;ET TAVUÐU;Kanatlý Hayvan;0;0;0
Kilis;Polateli;ET TAVUÐU;Kanatlý Hayvan;0;0;0
Kilis;Elbeyli;HÝNDÝ;Kanatlý Hayvan;1150;43,1;46244
Kilis;Merkez;HÝNDÝ;Kanatlý Hayvan;995;37,3;46090
Kilis;Musabeyli;HÝNDÝ;Kanatlý Hayvan;200;46149;46266
Kilis;Polateli;HÝNDÝ;Kanatlý Hayvan;450;46281;46057
Kilis;Elbeyli;KAZ;Kanatlý Hayvan;48;46055;0,6
Kilis;Merkez;KAZ;Kanatlý Hayvan;812;38;46151
Kilis;Musabeyli;KAZ;Kanatlý Hayvan;60;46236;0,7
Kilis;Polateli;KAZ;Kanatlý Hayvan;30;46113;0,4
Kilis;Elbeyli;ÖRDEK;Kanatlý Hayvan;48;46055;0,6
Kilis;Merkez;ÖRDEK;Kanatlý Hayvan;542;46137;46087
Kilis;Musabeyli;ÖRDEK;Kanatlý Hayvan;60;46236;0,7
Kilis;Polateli;ÖRDEK;Kanatlý Hayvan;100;46207;46054
Kilis;Elbeyli;YUMURTA TAVUÐU;Kanatlý Hayvan;3800;208,1;52
Kilis;Merkez;YUMURTA TAVUÐU;Kanatlý Hayvan;60000;3285;821,4
Kilis;Musabeyli;YUMURTA TAVUÐU;Kanatlý Hayvan;11500;629,6;157,4
Kilis;Polateli;YUMURTA TAVUÐU;Kanatlý Hayvan;4400;240,9;60,2
Osmaniye;Bahçe;AT;Büyükbaþ Hayvan;130;711,8;46237
Osmaniye;Düziçi;AT;Büyükbaþ Hayvan;48;262,8;46113
Osmaniye;Hasanbeyli;AT;Büyükbaþ Hayvan;14;76,7;0,4
Osmaniye;Kadirli;AT;Büyükbaþ Hayvan;55;301,1;46174
Osmaniye;Merkez;AT;Büyükbaþ Hayvan;50;273,8;46143
Osmaniye;Sumbas;AT;Büyükbaþ Hayvan;10;54,8;0,3
Osmaniye;Bahçe;EÞEK;Büyükbaþ Hayvan;118;323;1
Osmaniye;Düziçi;EÞEK;Büyükbaþ Hayvan;95;260,1;0,8
Osmaniye;Hasanbeyli;EÞEK;Büyükbaþ Hayvan;15;41,1;0,1
Osmaniye;Merkez;EÞEK;Büyükbaþ Hayvan;10;46139;0,1
Osmaniye;Bahçe;KATIR;Büyükbaþ Hayvan;10;43,8;0,2
Osmaniye;Düziçi;KATIR;Büyükbaþ Hayvan;26;113,9;0,5
Osmaniye;Kadirli;KATIR;Büyükbaþ Hayvan;5;46286;0,1
Osmaniye;Düziçi;MANDA;Büyükbaþ Hayvan;132;963,6;46060
Osmaniye;Kadirli;MANDA;Büyükbaþ Hayvan;432;3153,6;46196
Osmaniye;Merkez;MANDA;Büyükbaþ Hayvan;281;2051,3;46127
Osmaniye;Bahçe;SIÐIR (KÜLTÜR);Büyükbaþ Hayvan;1700;15512,5;124,6
Osmaniye;Düziçi;SIÐIR (KÜLTÜR);Büyükbaþ Hayvan;12653;115458,6;927,2
Osmaniye;Hasanbeyli;SIÐIR (KÜLTÜR);Büyükbaþ Hayvan;714;6515,3;52,3
Osmaniye;Kadirli;SIÐIR (KÜLTÜR);Büyükbaþ Hayvan;8659;79013,4;634,5
Osmaniye;Merkez;SIÐIR (KÜLTÜR);Büyükbaþ Hayvan;15808;144248;1158,3
Osmaniye;Sumbas;SIÐIR (KÜLTÜR);Büyükbaþ Hayvan;3730;34036,3;273,3
Osmaniye;Toprakkale;SIÐIR (KÜLTÜR);Büyükbaþ Hayvan;6333;57788,6;464,1
Osmaniye;Bahçe;SIÐIR (MELEZ);Büyükbaþ Hayvan;521;3423;22
Osmaniye;Düziçi;SIÐIR (MELEZ);Büyükbaþ Hayvan;4225;27758,3;178,3
Osmaniye;Hasanbeyli;SIÐIR (MELEZ);Büyükbaþ Hayvan;301;1977,6;46215
Osmaniye;Kadirli;SIÐIR (MELEZ);Büyükbaþ Hayvan;18971;124639,5;800,7
Osmaniye;Merkez;SIÐIR (MELEZ);Büyükbaþ Hayvan;1225;8048,3;51,7
Osmaniye;Sumbas;SIÐIR (MELEZ);Büyükbaþ Hayvan;8610;56567,7;363,4
Osmaniye;Toprakkale;SIÐIR (MELEZ);Büyükbaþ Hayvan;220;1445,4;46090
Osmaniye;Bahçe;SIÐIR (YERLÝ);Büyükbaþ Hayvan;79;432,5;46083
Osmaniye;Düziçi;SIÐIR (YERLÝ);Büyükbaþ Hayvan;329;1801,3;46182
Osmaniye;Hasanbeyli;SIÐIR (YERLÝ);Büyükbaþ Hayvan;31;169,7;0,9
Osmaniye;Kadirli;SIÐIR (YERLÝ);Büyükbaþ Hayvan;883;4834,4;46290
Osmaniye;Sumbas;SIÐIR (YERLÝ);Büyükbaþ Hayvan;59;323;46204
Osmaniye;Bahçe;KEÇÝ (KIL);Küçükbaþ Hayvan;10343;7550,4;46034
Osmaniye;Düziçi;KEÇÝ (KIL);Küçükbaþ Hayvan;14451;10549,2;46281
Osmaniye;Hasanbeyli;KEÇÝ (KIL);Küçükbaþ Hayvan;7625;5566,3;46273
Osmaniye;Kadirli;KEÇÝ (KIL);Küçükbaþ Hayvan;21773;15894,3;46167
Osmaniye;Merkez;KEÇÝ (KIL);Küçükbaþ Hayvan;19727;14400,7;46045
Osmaniye;Sumbas;KEÇÝ (KIL);Küçükbaþ Hayvan;6944;5069,1;46030
Osmaniye;Toprakkale;KEÇÝ (KIL);Küçükbaþ Hayvan;11166;8151,2;46035
Osmaniye;Bahçe;KOYUN (MERÝNOS);Küçükbaþ Hayvan;1512;1655,6;4
Osmaniye;Düziçi;KOYUN (MERÝNOS);Küçükbaþ Hayvan;2249;2462,7;46270
Osmaniye;Hasanbeyli;KOYUN (MERÝNOS);Küçükbaþ Hayvan;227;248,6;0,6
Osmaniye;Bahçe;KOYUN (YERLÝ);Küçükbaþ Hayvan;1583;1733,4;46057
Osmaniye;Düziçi;KOYUN (YERLÝ);Küçükbaþ Hayvan;9002;9857,2;46226
Osmaniye;Hasanbeyli;KOYUN (YERLÝ);Küçükbaþ Hayvan;2092;2290,7;46147
Osmaniye;Kadirli;KOYUN (YERLÝ);Küçükbaþ Hayvan;46349;50752,2;122,3
Osmaniye;Merkez;KOYUN (YERLÝ);Küçükbaþ Hayvan;31910;34941,5;84,2
Osmaniye;Sumbas;KOYUN (YERLÝ);Küçükbaþ Hayvan;8192;8970,2;46194
Osmaniye;Toprakkale;KOYUN (YERLÝ);Küçükbaþ Hayvan;29471;32270,7;77,7
Osmaniye;Bahçe;ET TAVUÐU;Kanatlý Hayvan;0;0;0
Osmaniye;Düziçi;ET TAVUÐU;Kanatlý Hayvan;0;0;0
Osmaniye;Hasanbeyli;ET TAVUÐU;Kanatlý Hayvan;0;0;0
Osmaniye;Kadirli;ET TAVUÐU;Kanatlý Hayvan;70000;1890;472,6
Osmaniye;Merkez;ET TAVUÐU;Kanatlý Hayvan;120000;3240;810,1
Osmaniye;Sumbas;ET TAVUÐU;Kanatlý Hayvan;0;0;0
Osmaniye;Toprakkale;ET TAVUÐU;Kanatlý Hayvan;329000;8883;2221,1
Osmaniye;Bahçe;HÝNDÝ;Kanatlý Hayvan;193;46060;46235
Osmaniye;Düziçi;HÝNDÝ;Kanatlý Hayvan;325;46065;3
Osmaniye;Hasanbeyli;HÝNDÝ;Kanatlý Hayvan;36;46113;0,3
Osmaniye;Kadirli;HÝNDÝ;Kanatlý Hayvan;120;46146;46023
Osmaniye;Merkez;HÝNDÝ;Kanatlý Hayvan;220;46089;46024
Osmaniye;Sumbas;HÝNDÝ;Kanatlý Hayvan;5;0,2;0
Osmaniye;Toprakkale;HÝNDÝ;Kanatlý Hayvan;60;46083;0,6
Osmaniye;Bahçe;KAZ;Kanatlý Hayvan;54;46144;0,6
Osmaniye;Düziçi;KAZ;Kanatlý Hayvan;255;46276;3
Osmaniye;Hasanbeyli;KAZ;Kanatlý Hayvan;75;46145;0,9
Osmaniye;Kadirli;KAZ;Kanatlý Hayvan;370;46098;46085
Osmaniye;Merkez;KAZ;Kanatlý Hayvan;185;46211;46055
Osmaniye;Sumbas;KAZ;Kanatlý Hayvan;20;0,9;0,2
Osmaniye;Toprakkale;KAZ;Kanatlý Hayvan;150;7;46235
Osmaniye;Bahçe;ÖRDEK;Kanatlý Hayvan;97;46146;46023
Osmaniye;Düziçi;ÖRDEK;Kanatlý Hayvan;680;46265;8
Osmaniye;Hasanbeyli;ÖRDEK;Kanatlý Hayvan;26;46054;0,3
Osmaniye;Kadirli;ÖRDEK;Kanatlý Hayvan;270;46185;46056
Osmaniye;Merkez;ÖRDEK;Kanatlý Hayvan;1800;84,2;46043
Osmaniye;Sumbas;ÖRDEK;Kanatlý Hayvan;3;0,1;0
Osmaniye;Toprakkale;ÖRDEK;Kanatlý Hayvan;25;46054;0,3
Osmaniye;Bahçe;YUMURTA TAVUÐU;Kanatlý Hayvan;16190;886,4;221,6
Osmaniye;Düziçi;YUMURTA TAVUÐU;Kanatlý Hayvan;47490;2600,1;650,1
Osmaniye;Hasanbeyli;YUMURTA TAVUÐU;Kanatlý Hayvan;2450;134,1;33,5
Osmaniye;Kadirli;YUMURTA TAVUÐU;Kanatlý Hayvan;50969;2790,6;697,8
Osmaniye;Merkez;YUMURTA TAVUÐU;Kanatlý Hayvan;2200;120,5;46052
Osmaniye;Sumbas;YUMURTA TAVUÐU;Kanatlý Hayvan;25000;1368,8;342,2
Osmaniye;Toprakkale;YUMURTA TAVUÐU;Kanatlý Hayvan;11000;602,3;150,6
Düzce;Çilimli;AT;Büyükbaþ Hayvan;25;136,9;0,7
Düzce;Gümüþova;AT;Büyükbaþ Hayvan;51;279,2;46143
Düzce;Kaynaþlý;AT;Büyükbaþ Hayvan;11;60,2;0,3
Düzce;Merkez;AT;Büyükbaþ Hayvan;219;1199;46118
Düzce;Yýðýlca;AT;Büyükbaþ Hayvan;22;120,5;0,6
Düzce;Gölyaka;EÞEK;Büyükbaþ Hayvan;7;46072;0,1
Düzce;Gümüþova;EÞEK;Büyükbaþ Hayvan;2;46147;0
Düzce;Kaynaþlý;EÞEK;Büyükbaþ Hayvan;11;46052;0,1
Düzce;Merkez;EÞEK;Büyükbaþ Hayvan;48;131,4;0,4
Düzce;Yýðýlca;EÞEK;Büyükbaþ Hayvan;43;117,7;0,4
Düzce;Merkez;KATIR;Büyükbaþ Hayvan;9;39,4;0,2
Düzce;Yýðýlca;KATIR;Büyükbaþ Hayvan;21;92;0,4
Düzce;Çilimli;MANDA;Büyükbaþ Hayvan;73;532,9;4
Düzce;Cumayeri;MANDA;Büyükbaþ Hayvan;5;36,5;0,3
Düzce;Gölyaka;MANDA;Büyükbaþ Hayvan;389;2839,7;46102
Düzce;Gümüþova;MANDA;Büyükbaþ Hayvan;11;80,3;0,6
Düzce;Merkez;MANDA;Büyükbaþ Hayvan;2968;21666,4;162,4
Düzce;Akçakoca;SIÐIR (KÜLTÜR);Büyükbaþ Hayvan;577;5265,1;42,3
Düzce;Çilimli;SIÐIR (KÜLTÜR);Büyükbaþ Hayvan;1924;17556,5;141
Düzce;Cumayeri;SIÐIR (KÜLTÜR);Büyükbaþ Hayvan;984;8979;72,1
Düzce;Gölyaka;SIÐIR (KÜLTÜR);Büyükbaþ Hayvan;2245;20485,6;164,5
Düzce;Gümüþova;SIÐIR (KÜLTÜR);Büyükbaþ Hayvan;704;6424;51,6
Düzce;Kaynaþlý;SIÐIR (KÜLTÜR);Büyükbaþ Hayvan;1060;9672,5;77,7
Düzce;Merkez;SIÐIR (KÜLTÜR);Büyükbaþ Hayvan;6172;56319,5;452,3
Düzce;Yýðýlca;SIÐIR (KÜLTÜR);Büyükbaþ Hayvan;789;7199,6;57,8
Düzce;Akçakoca;SIÐIR (MELEZ);Büyükbaþ Hayvan;1485;9756,5;62,7
Düzce;Çilimli;SIÐIR (MELEZ);Büyükbaþ Hayvan;2063;13553,9;87,1
Düzce;Cumayeri;SIÐIR (MELEZ);Büyükbaþ Hayvan;1394;9158,6;58,8
Düzce;Gölyaka;SIÐIR (MELEZ);Büyükbaþ Hayvan;3627;23829,4;153,1
Düzce;Gümüþova;SIÐIR (MELEZ);Büyükbaþ Hayvan;1936;12719,5;81,7
Düzce;Kaynaþlý;SIÐIR (MELEZ);Büyükbaþ Hayvan;2005;13172,9;84,6
Düzce;Merkez;SIÐIR (MELEZ);Büyükbaþ Hayvan;10969;72066,3;463
Düzce;Yýðýlca;SIÐIR (MELEZ);Büyükbaþ Hayvan;2862;18803,3;120,8
Düzce;Akçakoca;SIÐIR (YERLÝ);Büyükbaþ Hayvan;1711;9367,7;50,2
Düzce;Çilimli;SIÐIR (YERLÝ);Büyükbaþ Hayvan;1690;9252,8;49,5
Düzce;Cumayeri;SIÐIR (YERLÝ);Büyükbaþ Hayvan;268;1467,3;46272
Düzce;Gölyaka;SIÐIR (YERLÝ);Büyükbaþ Hayvan;3594;19677,2;105,3
Düzce;Gümüþova;SIÐIR (YERLÝ);Büyükbaþ Hayvan;880;4818;46259
Düzce;Kaynaþlý;SIÐIR (YERLÝ);Büyükbaþ Hayvan;535;2929,1;46218
Düzce;Merkez;SIÐIR (YERLÝ);Büyükbaþ Hayvan;9091;49773,2;266,5
Düzce;Yýðýlca;SIÐIR (YERLÝ);Büyükbaþ Hayvan;1128;6175,8;33,1
Düzce;Akçakoca;KEÇÝ (KIL);Küçükbaþ Hayvan;7;46027;0
Düzce;Gölyaka;KEÇÝ (KIL);Küçükbaþ Hayvan;244;178,1;0,3
Düzce;Gümüþova;KEÇÝ (KIL);Küçükbaþ Hayvan;13;46151;0
Düzce;Kaynaþlý;KEÇÝ (KIL);Küçükbaþ Hayvan;69;50,4;0,1
Düzce;Merkez;KEÇÝ (KIL);Küçükbaþ Hayvan;300;219;0,4
Düzce;Yýðýlca;KEÇÝ (KIL);Küçükbaþ Hayvan;63;46;0,1
Düzce;Merkez;KOYUN (MERÝNOS);Küçükbaþ Hayvan;106;116,1;0,3
Düzce;Yýðýlca;KOYUN (MERÝNOS);Küçükbaþ Hayvan;2;46055;0
Düzce;Akçakoca;KOYUN (YERLÝ);Küçükbaþ Hayvan;581;636,2;46143
Düzce;Çilimli;KOYUN (YERLÝ);Küçükbaþ Hayvan;742;812,5;2
Düzce;Cumayeri;KOYUN (YERLÝ);Küçükbaþ Hayvan;157;171,9;0,4
Düzce;Gölyaka;KOYUN (YERLÝ);Küçükbaþ Hayvan;3535;3870,8;46090
Düzce;Gümüþova;KOYUN (YERLÝ);Küçükbaþ Hayvan;1200;1314;46056
Düzce;Kaynaþlý;KOYUN (YERLÝ);Küçükbaþ Hayvan;1010;1106;46205
Düzce;Merkez;KOYUN (YERLÝ);Küçükbaþ Hayvan;5192;5685,2;46216
Düzce;Yýðýlca;KOYUN (YERLÝ);Küçükbaþ Hayvan;1371;1501,2;46176
Düzce;Akçakoca;ET TAVUÐU;Kanatlý Hayvan;1600000;43200;10801,9
Düzce;Çilimli;ET TAVUÐU;Kanatlý Hayvan;305000;8235;2059,1
Düzce;Cumayeri;ET TAVUÐU;Kanatlý Hayvan;230575;6225,5;1556,7
Düzce;Gölyaka;ET TAVUÐU;Kanatlý Hayvan;150000;4050;1012,7
Düzce;Gümüþova;ET TAVUÐU;Kanatlý Hayvan;225000;6075;1519
Düzce;Kaynaþlý;ET TAVUÐU;Kanatlý Hayvan;202000;5454;1363,7
Düzce;Merkez;ET TAVUÐU;Kanatlý Hayvan;3650000;98550;24641,9
Düzce;Yýðýlca;ET TAVUÐU;Kanatlý Hayvan;801426;21638,5;5410,6
Düzce;Akçakoca;HÝNDÝ;Kanatlý Hayvan;0;0;0
Düzce;Çilimli;HÝNDÝ;Kanatlý Hayvan;12;0,5;0,1
Düzce;Cumayeri;HÝNDÝ;Kanatlý Hayvan;0;0;0
Düzce;Gölyaka;HÝNDÝ;Kanatlý Hayvan;0;0;0
Düzce;Gümüþova;HÝNDÝ;Kanatlý Hayvan;50;46266;0,5
Düzce;Kaynaþlý;HÝNDÝ;Kanatlý Hayvan;0;0;0
Düzce;Merkez;HÝNDÝ;Kanatlý Hayvan;85;46056;0,8
Düzce;Yýðýlca;HÝNDÝ;Kanatlý Hayvan;0;0;0
Düzce;Akçakoca;KAZ;Kanatlý Hayvan;50;46083;0,6
Düzce;Çilimli;KAZ;Kanatlý Hayvan;22;1;0,3
Düzce;Cumayeri;KAZ;Kanatlý Hayvan;28;46082;0,3
Düzce;Gölyaka;KAZ;Kanatlý Hayvan;120;46178;46113
Düzce;Gümüþova;KAZ;Kanatlý Hayvan;100;46207;46054
Düzce;Kaynaþlý;KAZ;Kanatlý Hayvan;70;46084;0,8
Düzce;Merkez;KAZ;Kanatlý Hayvan;3800;177,8;44,5
Düzce;Yýðýlca;KAZ;Kanatlý Hayvan;0;0;0
Düzce;Akçakoca;ÖRDEK;Kanatlý Hayvan;70;46084;0,8
Düzce;Çilimli;ÖRDEK;Kanatlý Hayvan;48;46055;0,6
Düzce;Cumayeri;ÖRDEK;Kanatlý Hayvan;0;0;0
Düzce;Gölyaka;ÖRDEK;Kanatlý Hayvan;25;46054;0,3
Düzce;Gümüþova;ÖRDEK;Kanatlý Hayvan;100;46207;46054
Düzce;Kaynaþlý;ÖRDEK;Kanatlý Hayvan;15;0,7;0,2
Düzce;Merkez;ÖRDEK;Kanatlý Hayvan;2350;110;46169
Düzce;Yýðýlca;ÖRDEK;Kanatlý Hayvan;0;0;0
Düzce;Akçakoca;YUMURTA TAVUÐU;Kanatlý Hayvan;18000;985,5;246,4
Düzce;Çilimli;YUMURTA TAVUÐU;Kanatlý Hayvan;2500;136,9;34,2
Düzce;Cumayeri;YUMURTA TAVUÐU;Kanatlý Hayvan;410;46134;46178
Düzce;Gölyaka;YUMURTA TAVUÐU;Kanatlý Hayvan;4000;219;54,8
Düzce;Gümüþova;YUMURTA TAVUÐU;Kanatlý Hayvan;16000;876;219
Düzce;Kaynaþlý;YUMURTA TAVUÐU;Kanatlý Hayvan;2400;131,4;32,9
Düzce;Merkez;YUMURTA TAVUÐU;Kanatlý Hayvan;321000;17574,8;4394,5
Düzce;Yýðýlca;YUMURTA TAVUÐU;Kanatlý Hayvan;4737;259,4;64,8
